CountryName,CountryCode,Year,Age dependency ratio (% of working-age population),"Annual freshwater withdrawals, domestic (% of total freshwater withdrawal)",GDP per capita (current US$),"Immunization, DPT (% of children ages 12-23 months)","Life expectancy at birth, total (years)","Mortality caused by road traffic injury (per 100,000 population)","PM2.5 air pollution, mean annual exposure (micrograms per cubic meter)",Political Stability and Absence of Violence/Terrorism: Estimate,Population density (people per sq. km of land area),Renewable energy consumption (% of total final energy consumption),Urban population (% of total population),Total_Prevalence,EdV,TD,GS,Drug.use.disorders,Schizophrenia,Eating.disorders,Bipolar.disorder,Depression,Anxiety.disorders,Alcohol.use.disorders,PIB,Continent
Albania,AL,2001.0,58.7136107379766,31.555106786484977,1281.6598256178,97.0,75.639,14.5,22.3660062096811,0.0831826627254486,111.685145985401,39.00999999999999,42.435,8.747091,75.639,18.561269999999997,5.92584515,0.492592,0.194812,0.134932,0.698912,2.201979,3.364824,1.65904,9.31439713939355,Europe
Albania,AL,2002.0,57.6869962146976,33.334157781159035,1425.12421860142,98.0,75.89,14.5,22.4827851202514,-0.297719180583954,111.350729927007,35.80000000000006,43.501,8.775866,75.89,17.881600000000006,5.66464472,0.493751,0.195214,0.137541,0.699501,2.208921,3.37078,1.670158,4.85047533419143,Europe
Albania,AL,2003.0,56.621575595688,35.390971673708954,1846.12012081207,97.0,76.142,14.700000000000028,22.5934493496412,-0.309780240058899,110.934890510949,33.73599999999999,44.573,8.808502,76.142,16.998439999999984,5.91140795,0.494039,0.195677,0.140335,0.700114,2.216283,3.376952,1.685102,5.9242115424577,Europe
Albania,AL,2004.0,55.5027612956256,37.55793184363407,2373.58129170055,97.0,76.376,14.700000000000028,22.6759229494045,-0.427259683609009,110.472226277372,35.80000000000006,45.651,8.841429,76.376,16.308420000000027,5.89364862,0.495812,0.196139,0.143047,0.700683,2.222116,3.382199,1.701433,5.9565695961824,Europe
Albania,AL,2005.0,54.299368197336,40.06738993651206,2673.78781583529,98.0,76.621,14.900000000000018,22.7081299710953,-0.505047976970673,109.908284671533,36.79900000000006,46.731,8.866323,76.621,15.97111999999997,5.72954512,0.497503,0.196538,0.145738,0.701136,2.223407,3.385416,1.716585,6.06788243935723,Europe
Albania,AL,2006.0,53.0483635461657,41.922881340462965,2972.74362094736,97.0,76.816,14.900000000000018,22.5109695957413,-0.508157312870026,109.21704379562,31.59599999999995,47.815,8.891889,76.816,15.640409999999992,5.63177013,0.497997,0.197004,0.148561,0.701533,2.222417,3.38721,1.737167,6.57292298236362,Europe
Albania,AL,2007.0,51.7842468273697,40.49379789814105,3595.03829536404,98.0,77.549,14.799999999999972,22.0412299650015,-0.203974649310112,108.394781021898,32.004,48.902,8.921781,77.549,15.97111999999997,5.92609119,0.497442,0.197636,0.1517,0.701983,2.217203,3.388914,1.766903,6.78722893588666,Europe
Albania,AL,2008.0,50.5586730588966,39.05408515517904,4370.53971639449,99.0,77.653,14.5,21.4806685713767,-0.0305009130388498,107.566204379562,35.80000000000006,49.991,8.952343,77.653,13.054279999999974,5.50900269,0.497332,0.198306,0.154945,0.7024,2.210642,3.390168,1.79855,8.3281084229243,Europe
Albania,AL,2009.0,49.396599852416,37.45340915315596,4114.13403283023,98.0,77.781,14.400000000000013,21.0110429073679,-0.0451405122876167,106.843759124088,37.09299999999994,51.076,8.979756,77.781,13.674279999999989,5.82603931,0.498324,0.198905,0.157738,0.702783,2.206033,3.391018,1.824955,4.05313986380152,Europe
Albania,AL,2010.0,48.3527010386142,35.84601051532097,4094.34968570481,99.0,77.936,14.099999999999987,20.8141104654758,-0.191482901573181,106.314635036496,36.99400000000001,52.163,8.996133,77.936,14.087470000000007,6.23667669,0.50027,0.199308,0.160337,0.703064,2.203342,3.391246,1.838566,4.22308382721044,Europe
Albania,AL,2011.0,47.5140598628237,34.14392546858702,4437.14116097061,99.0,78.092,14.299999999999976,22.7999042481871,-0.282379418611526,106.02901459854,35.80000000000006,53.247,9.004752,78.092,13.483080000000005,6.18297672,0.502703,0.199588,0.16242,0.703313,2.202291,3.391181,1.843256,2.82164245514005,Europe
Albania,AL,2012.0,46.9229966526451,32.39863765375897,4247.63134315945,99.0,78.064,13.800999999999977,20.9627204112539,-0.143631592392921,105.854051094891,39.91600000000005,54.33,9.014843,78.064,13.367089999999987,6.15746212,0.505621,0.199863,0.165446,0.703539,2.202192,3.390807,1.847375,1.58487281451019,Europe
Albania,AL,2013.0,46.5864407500534,30.58605127659301,4413.06338346821,99.0,78.123,13.900000000000013,19.4075322522058,0.0919297859072685,105.660291970803,41.09199999999994,55.387,9.022699,78.123,15.88069999999999,6.28286266,0.508049,0.200134,0.167105,0.70376,2.203098,3.390195,1.850358,1.18723435286199,Europe
Albania,AL,2014.0,46.4344309864281,28.662632629482996,4578.63320812155,98.0,78.407,13.599999999999989,19.3679442180935,0.485986232757568,105.441751824818,38.59199999999994,56.423,9.028381,78.407,18.05432000000002,6.43451118,0.510089,0.200392,0.16941,0.70397,2.203684,3.389319,1.851517,1.98538809180384,Europe
Albania,AL,2015.0,46.4131186668273,30.454381685041014,3952.80357364813,99.0,78.644,13.800999999999977,19.121557306579,0.341639041900635,105.135145985401,38.475000000000016,57.434,9.031962,78.644,17.178299999999993,6.46411896,0.513158,0.20063,0.171095,0.704161,2.204454,3.388212,1.850252,2.51682705417127,Europe
Albania,AL,2016.0,46.5528934762326,29.74216715302504,4124.05538986272,98.0,78.86,13.800999999999977,17.602163992984,0.337447881698608,104.967189781022,39.37700000000006,58.421,9.032213,78.86,15.396989999999974,6.7293272,0.515036,0.200845,0.172627,0.704335,2.206507,3.386891,1.845972,3.48029321671386,Europe
Albania,AL,2017.0,46.723001108545,25.973993565719958,4531.03220675893,99.0,79.047,11.399999999999995,18.5552438171978,0.373769819736481,104.870693430657,36.92200000000005,59.383,9.028779,79.047,13.607269999999993,6.57848787,0.517614,0.201025,0.174046,0.70448,2.208414,3.385245,1.837955,3.89811226746693,Europe
Andorra,AD,2001.0,38.892871039751,18.70733382320201,22829.0446484521,96.0,72.564,14.556000000000006,16.0398963763555,0.125595733523369,144.297872340426,15.394000000000016,92.056,12.987052,72.564,4.770379999999999,5.85823727,0.878851,0.263837,0.616896,0.968632,3.751206,5.288346,1.219284,5.37253298925349,Europe
Andorra,AD,2002.0,38.390467819123,18.70733382320201,24901.9721421265,97.0,72.564,14.556000000000006,15.7322043920316,1.28276693820953,150.742553191489,15.80899999999998,91.641,12.997742,72.564,4.770379999999999,5.99621153,0.883199,0.264077,0.625135,0.966866,3.747052,5.290164,1.221249,0.0767023575421746,Europe
Andorra,AD,2003.0,37.9049111807732,18.70733382320201,32025.9489485981,99.0,72.564,14.556000000000006,15.3456971177959,1.46513116359711,157.248936170213,16.472,91.207,13.001774,72.564,4.770379999999999,5.54771519,0.888697,0.264441,0.633605,0.964068,3.738333,5.287217,1.225413,4.19683709369501,Europe
Andorra,AD,2004.0,37.3729978751138,18.70733382320201,37698.3261343274,99.0,72.564,14.556000000000006,14.9275487539332,1.40210604667664,163.687234042553,16.593999999999976,90.751,13.000429,72.564,4.770379999999999,5.28846931,0.894415,0.264816,0.637793,0.961461,3.728831,5.281307,1.231806,3.88238377731496,Europe
Andorra,AD,2005.0,36.6930374327888,18.70733382320201,39599.6804439248,98.0,72.564,14.556000000000006,14.5249335007286,1.38492727279663,169.842553191489,16.593999999999976,90.285,13.004956,72.564,4.770379999999999,5.59476948,0.897551,0.264998,0.640784,0.960683,3.724533,5.281091,1.235316,1.57804021890526,Europe
Andorra,AD,2006.0,36.6207977110937,18.70733382320201,43122.5986518428,93.0,72.564,14.556000000000006,14.0587152187082,1.34965407848358,170.682978723404,17.590999999999976,89.807,13.00312,72.564,4.770379999999999,4.96530008,0.900519,0.265012,0.641946,0.960506,3.7182,5.276254,1.240683,4.29262143453559,Europe
Andorra,AD,2007.0,37.0887407927043,18.70733382320201,50629.7380925646,96.0,72.564,14.556000000000006,13.4952355101681,1.34201574325562,166.314893617021,16.593999999999976,89.308,13.003196,72.564,4.770379999999999,4.92347288,0.901852,0.264885,0.64346,0.96058,3.711485,5.275007,1.245927,4.22037542039897,Europe
Andorra,AD,2008.0,37.3453724604966,18.70733382320201,53938.8521336326,99.0,72.564,14.556000000000006,12.9498851880477,1.33847212791443,161.81914893617,17.009999999999998,89.004,13.008822,72.564,4.770379999999999,5.67066383,0.90168,0.264692,0.645572,0.960907,3.70869,5.278367,1.248914,-2.93538202686689,Europe
Andorra,AD,2009.0,37.4432368048835,18.70733382320201,49950.9334988206,99.0,72.564,14.556000000000006,12.5380550652865,1.29713952541351,157.131914893617,17.099999999999973,88.912,13.017333,72.564,4.770379999999999,6.08094168,0.901957,0.264457,0.647337,0.961373,3.707962,5.283986,1.250261,-2.47803707231481,Europe
Andorra,AD,2010.0,37.2567458641999,18.70733382320201,48237.8911738235,99.0,72.564,14.556000000000006,12.375135954824,1.27827215194702,152.168085106383,18.707000000000022,88.819,13.022661,72.564,4.770379999999999,7.67537737,0.90163,0.264305,0.64824,0.961726,3.708797,5.287139,1.250824,1.2226877027027,Europe
Andorra,AD,2011.0,37.4396229354939,18.70733382320201,51428.1969515188,99.0,72.564,14.556000000000006,13.4732948489243,1.30248832702637,150.142553191489,18.604999999999972,88.726,13.057548,72.564,4.770379999999999,7.62060833,0.898473,0.264054,0.652492,0.963822,3.725281,5.310743,1.242683,1.34089389241103,Europe
Andorra,AD,2012.0,38.0984792501264,18.70733382320201,44902.3807663645,99.0,72.564,14.556000000000006,12.2593146393596,1.29035115242004,151.091489361702,18.764999999999993,88.631,13.062591,72.564,4.770379999999999,6.71083689,0.900336,0.264009,0.651261,0.963906,3.725932,5.311803,1.245344,-5.57125554315211,Europe
Andorra,AD,2013.0,38.652082685732,18.70733382320201,44747.7538641695,96.0,72.564,7.588000000000011,11.2698563251216,1.28392601013184,151.844680851064,19.072999999999983,88.537,13.067478,72.564,4.770379999999999,6.79964209,0.900576,0.263869,0.651222,0.964152,3.727589,5.314755,1.245315,-4.02602703426984,Europe
Andorra,AD,2014.0,38.9708165166097,18.70733382320201,45680.5349920165,97.0,72.564,14.556000000000006,10.4359992732348,1.28659331798553,152.385106382979,19.39900000000003,88.441,13.071883,72.564,4.770379999999999,6.77308035,0.903323,0.263791,0.649979,0.96396,3.728379,5.313837,1.248614,2.14093898224779,Europe
Andorra,AD,2015.0,39.0668915120854,18.70733382320201,38885.5303222983,97.0,72.564,14.556000000000006,11.1088936507291,1.36598539352417,152.651063829787,18.987000000000002,88.345,13.070567,72.564,4.770379999999999,6.91586447,0.905575,0.263713,0.647221,0.963754,3.727885,5.310493,1.251926,1.25741601269149,Europe
Andorra,AD,2016.0,39.0888347746055,18.70733382320201,39931.2169800216,98.0,72.564,14.556000000000006,10.1068248002358,1.38275027275085,154.340425531915,18.90000000000003,88.248,13.068757,72.564,4.770379999999999,6.90521765,0.907981,0.263603,0.645775,0.963614,3.726825,5.307073,1.253886,2.57450458774666,Europe
Andorra,AD,2017.0,38.6584289496911,18.70733382320201,40632.2315521995,99.0,72.564,14.556000000000006,10.0219190390452,1.39288794994354,157.1,17.993000000000002,88.15,13.072425,72.564,4.770379999999999,7.07142639,0.910066,0.263512,0.644559,0.963331,3.729532,5.305375,1.25605,-1.41657902035861,Europe
Angola,AO,2001.0,95.218156582781,39.897855292213,527.46411051877,42.0,46.59,25.206999999999994,23.6526821946051,0.483302503824234,13.5891449426486,72.79000000000009,51.274,10.286976,46.59,16.54133,4.48351622,0.511646,0.164861,0.131597,0.61822,4.199636,3.243619,1.417397,0.838227322043267,Africa
Angola,AO,2002.0,94.870017412003,41.321001866796,872.657631363509,47.0,47.386,25.400000000000045,23.8200090775863,-1.5761798620224,14.0500032084704,70.50400000000008,52.461,10.274264,47.386,16.339000000000027,3.32946134,0.508747,0.165061,0.132211,0.618586,4.196434,3.247947,1.405278,9.93730724887301,Africa
Angola,AO,2003.0,94.5219865597324,42.64326674235897,982.805587449171,46.0,49.617,25.297000000000008,23.9811124380809,-1.0073858499527,14.537853533328,65.60800000000006,53.645,10.26315,49.617,16.37599999999999,3.54797316,0.505447,0.165326,0.13366,0.618957,4.194303,3.252181,1.393276,-0.466060748026067,Africa
Angola,AO,2004.0,94.2035019095362,43.99213810421903,1254.696118613,47.0,50.592,25.900000000000045,24.1057819741159,-1.0631206035614,15.0566495548247,62.29600000000003,54.827,10.254002,50.592,16.27026000000003,3.96719909,0.50353,0.16563,0.135232,0.619334,4.1902,3.256272,1.383804,7.12707656082286,Africa
Angola,AO,2005.0,93.9476654289527,45.267781241099925,1900.72380923794,47.0,51.57,26.099999999999955,24.1638073837181,-0.885178327560425,15.6019563648031,68.88399999999997,56.0,10.249756,51.57,16.270660000000024,2.85219526,0.501035,0.165951,0.137047,0.619708,4.18674,3.259866,1.379409,11.0095655732264,Africa
Angola,AO,2006.0,93.7598964888649,45.267781241099925,2597.9635866386,44.0,52.369,24.598999999999954,24.1729316066879,-0.539453446865082,16.172567578407,62.55500000000003,56.764,10.25285,52.369,16.120120000000025,2.68553543,0.500739,0.166511,0.139244,0.62017,4.183231,3.263339,1.379616,7.61421920316513,Africa
Angola,AO,2007.0,93.6282113622307,45.267781241099925,3121.34872503374,48.0,53.642,25.5,24.1741901310537,-0.666658759117126,16.7720253469159,58.981999999999914,57.524,10.255906,53.642,16.082379999999997,2.97439122,0.501078,0.167419,0.143384,0.620769,4.174493,3.267077,1.381686,9.93510870721505,Africa
Angola,AO,2008.0,93.5764264907842,45.267781241099925,4081.71750626182,49.0,54.633,24.994000000000007,24.1723114771848,-0.361787378787994,17.3991513595893,55.39899999999995,58.282,10.262281,54.633,16.170090000000016,3.32290339,0.502118,0.168468,0.147989,0.621418,4.166877,3.270857,1.384554,7.16304601212539,Africa
Angola,AO,2009.0,93.5813454648819,45.267781241099925,3123.69888517374,50.0,55.752,27.300000000000022,24.1720241654505,-0.34759184718132,18.0538012352611,53.0,59.034,10.265548,55.752,16.389770000000023,3.84260798,0.50214,0.169454,0.15257,0.622038,4.157654,3.274588,1.387104,-2.79728998355418,Africa
Angola,AO,2010.0,93.5865714749235,45.267781241099925,3586.66369358621,51.0,56.726,25.800000000000015,24.17805671622,-0.226182341575623,18.7408237747654,53.09000000000004,59.783,10.273659,56.726,16.598549999999985,2.69509959,0.503415,0.170158,0.156364,0.622503,4.155198,3.277828,1.388193,0.571220941127223,Africa
Angola,AO,2011.0,93.564316856464,45.267781241099925,4608.15516572683,52.0,57.596,25.400000000000045,24.337940171596,-0.369237810373306,19.4586596615064,51.67099999999993,60.528,10.280561,57.596,16.769169999999985,2.64560771,0.503816,0.170636,0.159317,0.622816,4.15542,3.280661,1.387895,-0.345062435335691,Africa
Angola,AO,2012.0,93.5445035012493,45.267781241099925,5083.82687346735,53.0,58.623,23.20400000000001,24.4804929012722,-0.389322549104691,20.2039720863079,48.998000000000005,61.268,10.287893,58.623,16.554530000000007,2.39574957,0.50566,0.171097,0.161691,0.623105,4.155512,3.283533,1.387295,4.53805378017384,Africa
Angola,AO,2013.0,93.5357206512902,45.267781241099925,5061.34925297484,54.0,59.307,22.35700000000002,24.5386584342125,-0.39123347401619,20.9729702414374,46.77400000000005,62.002,10.29823,59.307,16.492510000000014,2.73282695,0.507611,0.171531,0.164602,0.623366,4.158336,3.286419,1.386365,1.10633103462652,Africa
Angola,AO,2014.0,93.50197258566,45.267781241099925,5011.9844274536,55.0,60.04,23.20400000000001,23.9455836380328,-0.333232045173645,21.7601163070506,47.507,62.731,10.303745,60.04,16.393950000000018,2.43412876,0.510054,0.171928,0.167412,0.623583,4.156468,3.289271,1.385029,1.03072911796671,Africa
Angola,AO,2015.0,93.4474130485586,45.267781241099925,3217.33924005417,59.0,60.655,23.59799999999996,25.0021502571501,-0.50538581609726,22.5617397930537,47.09599999999998,63.446,10.312293,60.655,16.495860000000004,2.60579467,0.513006,0.172277,0.169554,0.623748,4.158484,3.291955,1.383269,-2.64297533030704,Africa
Angola,AO,2016.0,93.2905807499209,45.267781241099925,1809.70937719455,59.0,61.092,24.699999999999996,25.1807008149163,-0.321580082178116,23.385534611374,48.093999999999994,64.149,10.318229,61.092,16.582609999999985,2.71314979,0.516244,0.17257,0.172163,0.623859,4.157841,3.294534,1.381018,-6.01189077751143,Africa
Angola,AO,2017.0,93.0134888756629,45.267781241099925,2439.37443934002,56.0,61.68,25.5,23.9591508117097,-0.38913482427597,24.2308719018208,52.475,64.839,10.325531,61.68,16.61234999999998,2.79383755,0.519556,0.172794,0.173643,0.623904,4.160484,3.296906,1.378244,-3.63069503801748,Africa
Argentina,AR,2001.0,60.685565292786,16.21322822090601,7168.97587232911,83.0,74.186,11.605000000000004,17.183873772998,0.715953171253204,13.6955566761307,11.493,89.329,14.383595,74.186,17.32794999999999,8.37179852,0.908681,0.196427,0.365304,0.764885,3.658839,6.225155,2.264304,-5.45379697848054,Americas
Argentina,AR,2002.0,60.254560271933,16.116167128594995,2579.48876933284,93.0,74.408,9.810999999999982,16.9235142685328,-0.776545405387878,13.8433757568449,11.596000000000004,89.51,14.40076,74.408,19.594179999999987,7.3933115,0.915157,0.196497,0.364991,0.766416,3.658971,6.235853,2.262875,-11.8459503938227,Americas
Argentina,AR,2003.0,59.7829352406019,16.037797317146985,3333.15290388997,96.0,74.08,9.388999999999987,16.6435724137411,-0.359838128089905,13.9870295868367,10.782999999999989,89.686,14.416569,74.08,15.35073999999998,6.89451647,0.923671,0.196518,0.363373,0.768016,3.658181,6.247079,2.259731,7.71922963663721,Americas
Argentina,AR,2004.0,59.3017988892854,15.962822172861022,4258.16026060875,98.0,74.855,10.617000000000017,16.3426626515998,-0.610934913158417,14.1297684429,9.312999999999983,89.86,14.428431,74.855,13.520820000000004,7.22868252,0.932659,0.196537,0.362547,0.769343,3.657002,6.256249,2.254094,7.92815705080419,Americas
Argentina,AR,2005.0,58.8384581557095,15.88357621589101,5086.62776073134,98.0,75.139,11.605000000000004,16.0193994250859,-0.0417749434709549,14.2765534276809,9.606000000000016,90.031,14.427837,75.139,11.507179999999995,7.61078882,0.937196,0.196588,0.362843,0.770011,3.655549,6.260736,2.244914,7.73249699851691,Americas
Argentina,AR,2006.0,58.3750284439848,15.811723590182003,5890.97800169795,91.0,75.433,13.099999999999993,15.5877675221277,0.0019677628297358,14.4250357183313,9.199000000000016,90.2,14.383544,75.433,10.077669999999996,7.64032793,0.941133,0.196713,0.364132,0.770185,3.653175,6.261819,2.196387,6.93498173764449,Americas
Argentina,AR,2007.0,57.9051365634472,15.737701430042994,7210.59554755899,91.0,75.006,14.099999999999987,15.0427292384364,0.0977966338396072,14.5709272880743,7.69900000000001,90.366,14.291526,75.006,8.469810000000015,7.83455086,0.944449,0.19693,0.367761,0.770414,3.651586,6.263549,2.096837,7.91621057164458,Americas
Argentina,AR,2008.0,57.433559542917,15.669786272593008,8977.50685093365,93.0,75.641,14.799999999999972,14.5043652786628,-0.0877556875348091,14.7162334791299,7.69900000000001,90.53,14.184669,75.641,7.836859999999998,8.1826973,0.94799,0.19718,0.372471,0.770661,3.649862,6.265572,1.980933,3.02978540664043,Americas
Argentina,AR,2009.0,56.9963714860468,15.60818463124698,8184.38988923991,94.0,75.936,13.299999999999976,14.0927563474575,-0.234854578971863,14.8662574131524,8.601000000000015,90.691,14.095375,75.936,8.64584999999999,9.45599556,0.950796,0.1974,0.378055,0.770877,3.64756,6.267259,1.883428,-6.86795522506981,Americas
Argentina,AR,2010.0,56.6256126111939,15.550090589644999,10385.9644319555,94.0,75.721,12.799999999999976,13.9279831494715,-0.0847978666424751,14.904301546759,8.799999999999985,90.849,14.060661,75.721,7.7162300000000075,9.44546413,0.955035,0.197541,0.381185,0.771084,3.64793,6.268718,1.839168,9.84429639847724,Americas
Argentina,AR,2011.0,56.3546668780625,15.484383271600034,12848.7391514568,91.0,76.124,13.900000000000013,14.2389306717038,0.158993661403656,15.0771515955406,8.799999999999985,90.99,14.062195,76.124,7.179169999999994,9.41819859,0.958496,0.197617,0.384078,0.771251,3.647499,6.269782,1.833472,4.78868313859435,Americas
Argentina,AR,2012.0,56.1922783212828,15.484383271600034,13082.664325572,91.0,76.467,13.099999999999993,13.3571618542264,0.103040546178818,15.2495426957383,8.601000000000015,91.121,14.070498,76.467,7.217850000000002,9.82726669,0.964145,0.197711,0.388199,0.771522,3.648385,6.271653,1.828883,-2.14528444981812,Americas
Argentina,AR,2013.0,56.0868723571096,15.484383271600034,13080.2547323367,94.0,76.491,14.299999999999976,14.7643699932772,0.0653142631053925,15.421160233713,8.899999999999984,91.249,14.081774,76.491,7.101670000000008,9.78097916,0.971257,0.197801,0.390826,0.771821,3.651044,6.273679,1.825346,1.26568517537076,Americas
Argentina,AR,2014.0,55.9732762411572,15.484383271600034,12334.7982453893,94.0,76.755,13.40000000000001,13.9500593062949,-0.0051218713633716,15.5916453818299,9.799999999999983,91.377,14.097541,76.755,7.270369999999998,9.67129993,0.979329,0.197892,0.394867,0.772175,3.654178,6.27602,1.82308,-3.57858050983289,Americas
Argentina,AR,2015.0,55.8644592427226,15.484383271600034,13789.060424772,94.0,76.76,13.900000000000013,14.6245514656634,0.0087641347199678,15.7606327351655,9.399999999999984,91.503,14.114935,76.76,7.579540000000004,10.22933674,0.987998,0.197978,0.397998,0.772568,3.657683,6.278538,1.822172,1.62966427946263,Americas
Argentina,AR,2016.0,55.7543621214315,15.484383271600034,12790.2641396135,92.0,76.308,14.099999999999987,14.2700594540808,0.197749897837639,15.9281350828921,9.399999999999984,91.627,14.136014,76.308,8.08336,9.85558891,0.999099,0.198042,0.401108,0.772948,3.661312,6.280932,1.822573,-3.11006389821465,Americas
Argentina,AR,2017.0,55.6112391046053,15.484383271600034,14613.0356486571,86.0,76.833,14.0,13.9690174802422,0.162541434168816,16.0941907925267,10.40399999999999,91.749,14.158085,76.833,8.339109999999991,10.23174763,1.008901,0.198094,0.404033,0.773376,3.665488,6.283678,1.824515,1.75764818265694,Americas
Armenia,AM,2001.0,54.8288948957556,29.75814992389105,676.150011307766,94.0,70.932,19.499000000000002,27.4828126677005,0.989007890224457,110.05033368458,5.393999999999992,64.385,8.767699,70.932,10.995670000000002,4.65,0.446004,0.189543,0.122517,0.713487,2.65792,2.587215,2.051013,10.8379761719997,Asia
Armenia,AM,2002.0,53.6793528615209,29.816420663097965,765.31617768154,94.0,71.018,19.099999999999966,27.4848026556976,-0.255784124135971,109.063470319635,8.899999999999984,64.236,8.745987,71.018,10.871989999999991,7.61,0.449122,0.190061,0.124967,0.71383,2.66634,2.588446,2.013221,14.2242928485335,Asia
Armenia,AM,2003.0,52.6264842731627,29.822640977979987,910.171261745184,94.0,71.436,18.499000000000002,27.5378873564374,0.236966237425804,108.32813487882,9.799999999999983,64.137,8.726625,71.436,10.761909999999983,7.18,0.452977,0.190729,0.12843,0.714248,2.677003,2.590006,1.973232,14.7738362754582,Asia
Armenia,AM,2004.0,51.4776974265425,29.820984004923,1166.63820390025,91.0,71.421,18.499000000000002,27.6753386119868,-0.116337485611439,107.68335089568,8.699000000000014,64.038,8.711371,71.421,10.665980000000017,6.06,0.456119,0.191403,0.131622,0.714622,2.685217,2.591216,1.941172,11.161649451067,Asia
Armenia,AM,2005.0,50.0843941084195,29.82070670738702,1608.16340758242,90.0,71.792,18.297999999999973,27.9304282644128,-0.0663353949785233,107.033579206182,6.497999999999999,63.938,8.712037,71.792,10.578200000000004,5.86,0.458584,0.19195,0.135408,0.714894,2.692555,2.591655,1.926991,14.5914558579391,Asia
Armenia,AM,2006.0,48.3645023601659,29.820033629565998,2109.5263835731,87.0,71.987,17.79799999999997,28.4040594680882,-0.261023759841919,106.304390586582,7.69900000000001,63.839,8.730608,71.987,10.51302,5.85,0.461324,0.192447,0.139445,0.715053,2.698772,2.591272,1.932295,13.976488640084,Asia
Armenia,AM,2007.0,46.3947932370944,28.144881777780984,3064.27996263859,88.0,72.327,17.59999999999997,29.2219860543866,0.150905832648277,105.528380751668,6.997999999999999,63.739,8.758344,72.327,10.38973,5.5,0.46485,0.193018,0.143598,0.715133,2.703805,2.590272,1.947668,14.5361003719158,Asia
Armenia,AM,2008.0,44.5128936427659,29.37566002908397,3908.94906011431,89.0,72.398,17.29999999999997,30.454755880876,-0.0068530277349054,104.791745697225,6.39399999999999,63.64,8.788947,72.398,10.656360000000001,6.64,0.468274,0.193609,0.148043,0.715228,2.707865,2.589342,1.966586,7.65145505823371,Asia
Armenia,AM,2009.0,43.0617859992018,30.929300118078025,2917.36624185176,93.0,72.813,17.888000000000023,32.172916805124,0.227863356471062,104.119985950123,7.81099999999999,63.54,8.818022,72.813,10.994850000000012,8.44,0.473199,0.194143,0.152224,0.715319,2.71182,2.588416,1.982901,-13.5457916827765,Asia
Armenia,AM,2010.0,42.1193355689418,32.85127024114902,3143.0294799683,94.0,73.16,18.0,34.4470166846987,0.071855328977108,103.487636108184,9.399999999999984,63.44,8.834106,73.16,11.278539999999998,9.24,0.476499,0.194563,0.155273,0.715466,2.714179,2.587831,1.990295,2.82448188304339,Asia
Armenia,AM,2011.0,41.6594844889143,24.730430430900018,3462.68177840431,95.0,73.305,17.70000000000003,41.8107255386856,-0.06386898458004,102.879381805409,8.0,63.34,8.844498,73.305,11.535030000000004,9.38,0.479967,0.194915,0.15735,0.715654,2.718093,2.587683,1.990836,5.3190183518382,Asia
Armenia,AM,2012.0,41.658723612331,20.41541091684302,3643.71540108565,95.0,73.454,17.0,43.2896148307344,0.154794976115227,102.368141903758,6.560000000000007,63.24,8.855035,73.454,11.702279999999988,9.13,0.484004,0.195292,0.159679,0.71587,2.72184,2.587737,1.990613,7.7353708344903,Asia
Armenia,AM,2013.0,41.9822509095981,18.321120834126017,3833.15707396348,95.0,73.676,16.797999999999973,41.050500477264,0.11038514226675,101.910256410256,6.802999999999995,63.164,8.866017,73.676,11.948990000000006,10.32,0.488026,0.19569,0.162291,0.716129,2.726631,2.588201,1.989049,3.76412964842652,Asia
Armenia,AM,2014.0,42.5808339155112,19.041209667698975,4017.22991449473,93.0,74.058,16.70000000000003,38.639237611456,-0.297135800123215,101.507903055848,7.08300000000001,63.112,8.8766,74.058,12.199110000000013,10.18,0.491349,0.196101,0.163623,0.716426,2.734193,2.588934,1.985974,4.01064593319273,Asia
Armenia,AM,2015.0,43.4325410962897,14.96467837021999,3666.14182210905,94.0,74.436,16.70000000000003,38.1148586893988,-0.256798654794693,101.109764664559,10.690000000000015,63.085,8.885902,74.436,12.471049999999996,10.12,0.496236,0.196525,0.164968,0.716774,2.740289,2.589917,1.981193,3.60636907832207,Asia
Armenia,AM,2016.0,44.4674034959483,16.677971252624012,3679.95234740376,94.0,74.664,15.700000000000028,35.8609078798257,-0.667951107025146,100.661573586231,13.199000000000023,63.082,8.893248,74.664,12.720079999999998,9.95,0.499895,0.196949,0.166348,0.717166,2.747315,2.591219,1.974356,0.646135942752821,Asia
Armenia,AM,2017.0,45.5931114016472,23.353156842495014,4041.99507105058,94.0,74.906,16.399000000000022,34.0153569947094,-0.626211225986481,100.17291886196,12.618999999999994,63.103,8.898747,74.906,12.969580000000006,10.36,0.50436,0.197365,0.167047,0.717591,2.754583,2.592813,1.964988,8.02439704883481,Asia
Australia,AU,2001.0,49.3085069134591,20.47566381932998,19695.7297379144,92.0,79.6341463414634,9.335999999999986,7.38895346175728,1.10362148284912,2.50897530687424,8.368999999999991,84.1,17.464339,79.6341463414634,6.748579999999999,7.67809916,2.360694,0.364995,0.808347,1.145961,4.823557,6.417576,1.543209,0.723531156716689,Oceania
Australia,AU,2002.0,49.0860462317005,20.897713403128986,20301.8431713256,92.0,79.9365853658537,9.103000000000014,7.26633772021658,1.18941462039948,2.53767882014501,8.699000000000014,84.222,17.500686,79.9365853658537,6.37545,7.87627029,2.297017,0.365602,0.828231,1.147003,4.854392,6.49112,1.517321,2.80352716038983,Oceania
Australia,AU,2003.0,48.8602688276869,21.33257047822799,23718.1338501868,93.0,80.2390243902439,8.5,7.13120227271499,0.878117203712463,2.5670355232157,7.188000000000009,84.343,17.537703,80.2390243902439,5.9298099999999945,7.88087225,2.215742,0.366274,0.850376,1.148158,4.892317,6.578489,1.486347,1.91173867643482,Oceania
Australia,AU,2004.0,48.6681030235917,21.836714566097022,30836.7306824685,92.0,80.490243902439,8.191000000000011,7.02516378970128,0.935463547706604,2.5946294729443,6.698000000000005,84.463,17.557364,80.490243902439,5.398039999999998,8.08708572,2.137957,0.366824,0.87044,1.149127,4.920486,6.652206,1.460324,3.11589344319816,Oceania
Australia,AU,2005.0,48.4944079945762,22.34658735539999,34479.7679298388,92.0,80.8414634146341,8.300999999999986,6.98983894162423,0.8917076587677,2.62640667508428,6.698000000000005,84.582,17.550653,80.8414634146341,5.0354600000000005,7.97029352,2.08648,0.367078,0.884259,1.149604,4.929038,6.684743,1.449451,1.90606523763795,Oceania
Australia,AU,2006.0,48.3523152458934,23.744729211120006,36595.7071548423,92.0,81.0414634146342,7.999,7.04814950445881,0.934466600418091,2.66208895773401,6.802999999999995,84.7,17.528314,81.0414634146342,4.784740000000006,7.97702456,2.05673,0.366969,0.896383,1.1497,4.923528,6.681046,1.453958,1.37798003366018,Oceania
Australia,AU,2007.0,48.243438535794,25.345886459205943,41051.6120652288,92.0,81.2926829268293,7.898999999999986,7.16629810836131,0.928874909877777,2.71111802454994,6.997999999999999,84.822,17.489929,81.2926829268293,4.381849999999995,8.05496502,2.027429,0.366635,0.90658,1.149731,4.906827,6.6679,1.464827,1.89670839165348,Oceania
Australia,AU,2008.0,48.1591868438043,27.173730181351033,49701.2817843335,92.0,81.3951219512195,7.097000000000013,7.30082270505242,0.954700112342834,2.76599442875181,6.802999999999995,84.943,17.446365,81.3951219512195,4.2424500000000025,8.24855137,2.003808,0.366204,0.915572,1.149689,4.882334,6.650491,1.478267,1.53111186781014,Oceania
Australia,AU,2009.0,48.1940761319279,29.358693201359987,42816.5674002829,92.0,81.5439024390244,7.097000000000013,7.40826124625286,0.855120599269867,2.8235883784804,7.08300000000001,85.063,17.413425,81.5439024390244,5.565080000000002,8.54473877,1.991759,0.365813,0.923455,1.149596,4.857927,6.63435,1.490525,-0.185773152884209,Oceania
Australia,AU,2010.0,48.4176319614584,27.36111348216501,52147.0241942843,92.0,81.6951219512195,6.464999999999996,7.44515168368333,0.888859868049622,2.86785858401781,8.196000000000012,85.182,17.392921,81.6951219512195,5.214990000000001,8.42025661,1.993151,0.365598,0.928043,1.149425,4.83422,6.624617,1.497867,0.648500068252503,Oceania
Australia,AU,2011.0,48.8280040440669,24.443616660429992,62609.6607161044,92.0,81.8951219512195,5.891999999999991,7.32070663499973,0.935710072517395,2.90798641031983,8.30199999999999,85.3,17.38859,81.8951219512195,5.083100000000008,8.53744984,2.007703,0.365464,0.931935,1.149079,4.813622,6.619503,1.501284,0.995812001601593,Oceania
Australia,AU,2012.0,49.3902350871733,23.374618227489968,68078.0442283168,92.0,82.0463414634146,5.801000000000001,7.53280029437137,0.997997224330902,2.95920036968095,8.30199999999999,85.402,17.390401,82.0463414634146,5.225610000000006,8.67456913,2.032422,0.365245,0.93576,1.148473,4.79008,6.614107,1.504314,2.11992606815087,Oceania
Australia,AU,2013.0,49.984637166048,21.57983855127801,68198.4193446869,91.0,82.1487804878049,5.306000000000004,7.4331406197536,1.03107297420502,3.01057352615753,9.199000000000016,85.502,17.395294,82.1487804878049,5.662490000000006,8.75058746,2.068835,0.364942,0.939176,1.147593,4.759686,6.608198,1.506864,0.85530140286312,Oceania
Australia,AU,2014.0,50.5484034063537,22.35329662640398,62558.2438786332,92.0,82.3,5.385999999999993,7.38760302103561,1.03219199180603,3.05581479504836,9.312999999999983,85.602,17.409199,82.3,6.078809999999992,9.83354282,2.114377,0.364577,0.941661,1.146475,4.731142,6.602041,1.508926,1.08830078150544,Oceania
Australia,AU,2015.0,51.1154475102112,23.166992325002035,56758.8692027821,93.0,82.4,5.197999999999992,7.18466162026884,0.873180687427521,3.10011259648803,9.399999999999984,85.701,17.426032,82.4,6.056549999999999,10.18225861,2.170634,0.364163,0.943206,1.14513,4.696774,6.595691,1.510434,0.741438843604087,Oceania
Australia,AU,2016.0,51.6647418275737,23.015812546262,49918.7939327254,94.0,82.4487804878049,5.601000000000011,7.20069562395068,1.0334244966507,3.14493553058884,9.606000000000016,85.8,17.44964,82.4487804878049,5.711080000000006,10.09288597,2.237198,0.363743,0.943991,1.143669,4.659817,6.589757,1.511465,1.18626585064179,Oceania
Australia,AU,2017.0,52.1351552988687,14.99601582344998,53954.553494614,95.0,82.5,5.197999999999992,7.4285359593217,0.876146674156189,3.19715601363491,9.897999999999985,85.904,17.483763,82.5,5.596990000000001,10.12281322,2.315142,0.363326,0.943081,1.142097,4.623881,6.584301,1.511935,0.647495218504773,Oceania
Austria,AT,2001.0,47.6179349440148,18.15155169480603,24558.7636778868,84.0,78.5756097560976,12.195000000000023,18.9470662603211,0.164906054735184,97.4587130392632,25.498,59.934,13.389775,78.5756097560976,4.010910000000001,9.27,0.852695,0.256435,0.614003,0.946855,3.448805,5.361798,1.909184,0.88025909788611,Europe
Austria,AT,2002.0,47.1686366342962,18.110234746724007,26527.5930910347,83.0,78.6780487804878,12.1,18.7785099320798,1.35895538330078,97.9393722733883,24.700999999999993,59.655,13.384048,78.6780487804878,4.861200000000004,9.39,0.858791,0.256481,0.620672,0.945072,3.425174,5.360812,1.917046,1.15267633135774,Europe
Austria,AT,2003.0,46.8049223091549,18.091650968436976,32294.0488606559,84.0,78.6317073170732,11.700000000000022,18.6169292381771,0.962002456188202,98.4176320891905,22.570999999999962,59.375,13.377574,78.6317073170732,4.784740000000006,9.55,0.865535,0.256543,0.62644,0.942933,3.402713,5.359733,1.923677,0.450946527234535,Europe
Austria,AT,2004.0,46.9334794283308,18.07139084268697,36889.2335135194,83.0,79.1804878048781,11.001,18.4343485142981,1.08964920043945,99.0301260300533,23.201000000000008,59.094,13.371362,79.1804878048781,5.970290000000001,9.71,0.872562,0.256582,0.633218,0.941062,3.380487,5.358172,1.929279,2.09971116889712,Europe
Austria,AT,2005.0,47.5090657739447,18.03935599486598,38417.4577857677,86.0,79.3317073170732,9.612000000000016,18.2027920961277,1.10395002365112,99.7070891904993,24.418000000000035,58.813,13.366948,79.3317073170732,5.6825300000000025,9.63,0.878865,0.256589,0.638828,0.940236,3.361613,5.356742,1.934075,1.54987731693588,Europe
Austria,AT,2006.0,47.9910890068399,18.00997582468201,40669.3269586152,83.0,79.8804878048781,9.103000000000014,17.8024706211736,1.07445085048676,100.201660203587,26.602999999999955,58.532,13.366983,79.8804878048781,5.319489999999999,9.53,0.886143,0.256528,0.644815,0.940137,3.344704,5.355539,1.939117,2.94341785870446,Europe
Austria,AT,2007.0,48.1733063284953,17.979704832818,46915.3374004507,85.0,80.1804878048781,8.600000000000016,17.2316229771279,1.284419298172,100.526987396995,28.999000000000002,58.249,13.371317,80.1804878048781,4.908219999999995,9.53,0.895082,0.25644,0.65167,0.94009,3.327938,5.35486,1.945237,3.39173082681461,Europe
Austria,AT,2008.0,48.1728339049664,17.95204748187797,51919.9835754226,83.0,80.4317073170732,8.395999999999985,16.6393158749523,1.33927059173584,100.842171594765,29.66599999999996,57.966,13.374753,80.4317073170732,4.195309999999995,9.73,0.903646,0.256326,0.658034,0.94,3.311979,5.354,1.950768,1.14330711888604,Europe
Austria,AT,2009.0,48.2134774375318,19.56253394069701,48153.3240199631,83.0,80.3317073170732,7.806999999999989,16.1746160256084,1.19087398052216,101.106677169171,31.293000000000035,57.683,13.378117,80.3317073170732,5.370379999999996,10.23,0.910743,0.256239,0.664675,0.939939,3.298894,5.353178,1.954449,-4.01634004211772,Europe
Austria,AT,2010.0,48.0618781298757,21.128130265516006,46903.7615854343,86.0,80.5804878048781,6.800999999999996,15.9865901400578,1.15264821052551,101.350024236549,31.078999999999954,57.399,13.374934,80.5804878048781,4.881959999999991,10.22,0.913643,0.256201,0.667758,0.939911,3.290207,5.352376,1.954838,1.59257712849987,Europe
Austria,AT,2011.0,47.8504828337617,21.625836945018012,51442.2762464407,89.0,80.9829268292683,6.401999999999988,16.3676317593698,1.19352161884308,101.692232186137,31.59599999999995,57.115,13.366531,80.9829268292683,4.63504,10.03,0.913811,0.256221,0.669635,0.939936,3.284905,5.35176,1.950263,2.57644831811446,Europe
Austria,AT,2012.0,47.9792906009177,22.08891424103399,48564.9173350875,92.0,80.9365853658537,6.401999999999988,14.7199011900978,1.34056687355042,102.156943771207,34.40300000000005,57.147,13.352433,80.9365853658537,4.908219999999995,10.2,0.914498,0.256269,0.671955,0.93993,3.278564,5.350918,1.940299,0.222450576943075,Europe
Austria,AT,2013.0,48.2740574434081,22.590730187245025,50731.1272541847,95.0,81.1365853658537,5.4929999999999986,14.6599487004805,1.36410057544708,102.760821619001,34.59999999999994,57.336,13.332029,81.1365853658537,5.367640000000002,10.29,0.914287,0.256354,0.672787,0.939909,3.273578,5.34969,1.925424,-0.562298942527448,Europe
Austria,AT,2014.0,48.5314835045852,23.078413950744007,51786.3771747905,98.0,81.490243902439,5.0750000000000055,12.9541454673827,1.27070045471191,103.567086766844,35.70199999999994,57.526,13.304311,81.490243902439,5.675019999999992,10.37,0.912597,0.256479,0.673911,0.939861,3.26746,5.347641,1.906362,-0.122370667337563,Europe
Austria,AT,2015.0,48.7023662273001,23.570587076124017,44195.8175947748,93.0,81.190243902439,5.667000000000002,13.5999635409,1.12933051586151,104.734597673291,34.80000000000006,57.715,13.274224,81.190243902439,5.8028000000000075,10.37,0.910998,0.256627,0.67485,0.939758,3.264032,5.344587,1.883372,-0.111540189504495,Europe
Austria,AT,2016.0,48.9291677498263,24.089592415758975,45307.5878620429,87.0,81.6414634146342,5.197999999999992,12.5143795701306,0.8921759724617,105.873339796413,34.59999999999994,57.905,13.239146,81.6414634146342,6.062189999999999,10.35,0.907326,0.256783,0.674727,0.939716,3.262611,5.342175,1.855808,0.892469139632297,Europe
Austria,AT,2017.0,49.2868816392703,24.60414840578499,47429.1584564387,90.0,81.6439024390244,4.896999999999992,12.1557592255042,1.02962338924408,106.61131846825,33.996,58.094,13.200291,81.6439024390244,5.562719999999997,10.38,0.902117,0.256958,0.675112,0.939794,3.26097,5.341275,1.824065,1.55072408627153,Europe
"Bahamas, The",BS,2001.0,52.8615219095053,18.70733382320201,25234.1441512502,99.0,72.11,20.899000000000036,19.416590811333,-1.0229766368866,32.9296703296703,0.39999999999999925,82.049,11.608504,72.11,6.870400000000003,3.92440891,0.803848,0.204736,0.362209,0.887679,2.636875,4.650028,2.063129,1.19010623512317,Americas
"Bahamas, The",BS,2002.0,52.2257113297754,18.70733382320201,26590.1401788013,94.0,72.232,17.70000000000003,19.0753103174537,0.955541908740997,33.3668331668332,0.39999999999999925,82.092,11.625432,72.232,9.048919999999995,3.81251931,0.805686,0.204854,0.364553,0.887772,2.636767,4.651022,2.074778,1.35934487810221,Americas
"Bahamas, The",BS,2003.0,51.6906047637187,18.70733382320201,26204.8804986853,92.0,72.402,13.099999999999993,18.6554974383063,0.826347827911377,33.8151848151848,1.497,82.134,11.645604,72.402,10.84045,4.01998568,0.809401,0.204982,0.367413,0.887843,2.636668,4.651665,2.087632,-2.57403379614959,Americas
"Bahamas, The",BS,2004.0,51.1618377921117,18.70733382320201,26393.4139538137,93.0,72.478,16.0,18.2584252989849,0.890613675117493,34.2746253746254,1.5959999999999972,82.176,11.660847,72.478,10.198200000000018,4.04628181,0.811359,0.205094,0.369123,0.88791,2.637128,4.651929,2.098304,-0.46992270582264,Americas
"Bahamas, The",BS,2005.0,50.6671229672243,18.70733382320201,28280.870835298,93.0,72.765,20.899000000000036,17.9853670245837,0.93814343214035,34.7456543456543,1.7039999999999986,82.218,11.667864,72.765,10.198200000000018,4.03196478,0.812831,0.205162,0.370302,0.888015,2.636095,4.652229,2.10323,1.99439665424433,Americas
"Bahamas, The",BS,2006.0,50.2161680957188,18.70733382320201,28829.8493750425,95.0,72.855,14.799999999999972,17.814365511527,0.810453712940216,35.2311688311688,2.0,82.26,11.662159,72.855,7.540399999999994,4.30935764,0.812059,0.205192,0.369913,0.8882,2.631654,4.652883,2.102258,1.10382925244896,Americas
"Bahamas, The",BS,2007.0,49.7600763735942,18.70733382320201,29687.865215033,95.0,72.678,15.700000000000028,17.6627411474599,0.730122447013855,35.7308691308691,3.491999999999999,82.302,11.651012,72.678,7.882179999999998,4.49598694,0.810028,0.205218,0.370166,0.888496,2.624197,4.654079,2.098828,0.0273645789414587,Americas
"Bahamas, The",BS,2008.0,49.3325649838441,18.70733382320201,29013.6302870767,93.0,72.667,14.5,17.540683294308,0.774532914161682,36.2432567432567,2.0,82.343,11.636232,72.667,8.18419999999999,4.86261654,0.807092,0.205231,0.369795,0.888828,2.615308,4.655485,2.094493,-3.70454364242701,Americas
"Bahamas, The",BS,2009.0,49.0433169870458,18.70733382320201,27120.6905452145,96.0,72.579,16.299999999999972,17.4583813139968,0.859580457210541,36.7689310689311,1.497,82.385,11.624477,72.579,14.250479999999992,5.1500144,0.804518,0.205218,0.368812,0.88909,2.609606,4.65639,2.090843,-5.54540308090397,Americas
"Bahamas, The",BS,2010.0,48.3484951454381,18.70733382320201,27046.6576651879,99.0,72.731,12.700000000000022,17.4260245684517,0.993692219257355,37.2899100899101,1.2959999999999983,82.427,11.619131,72.731,14.45098000000001,5.25594234,0.804669,0.205174,0.368687,0.889219,2.605428,4.656573,2.089381,0.120061239404691,Americas
"Bahamas, The",BS,2011.0,47.2272429804606,18.70733382320201,26644.9265775896,98.0,72.564,13.099999999999993,17.6418562262103,1.10362148284912,37.7572427572428,1.4000000000000026,82.476,11.619674,72.564,14.508499999999993,5.32398558,0.805059,0.205082,0.368078,0.889239,2.60617,4.65624,2.089806,-0.632148519837628,Americas
"Bahamas, The",BS,2012.0,46.2552013750388,18.70733382320201,28059.6553953426,98.0,72.753,13.0,18.0358159965462,1.18402600288391,38.1679320679321,1.4000000000000026,82.532,11.621039,72.753,14.026779999999997,5.3190918,0.805646,0.204943,0.367034,0.889261,2.607301,4.655926,2.090928,1.88963939506846,Americas
"Bahamas, The",BS,2013.0,45.261520381489,18.70733382320201,26956.5668352133,97.0,73.024,14.099999999999987,17.7211235938828,1.13482463359833,38.5264735264735,1.4000000000000026,82.596,11.624814,73.024,16.180240000000012,5.59409571,0.806484,0.204763,0.366324,0.889298,2.609438,4.655689,2.092818,-3.76729884127668,Americas
"Bahamas, The",BS,2014.0,44.3096606712405,18.70733382320201,28201.556802208,96.0,73.366,8.104000000000015,18.5387484151285,0.956470131874084,38.8742257742258,1.4000000000000026,82.668,11.629017,73.366,13.800029999999976,5.53944159,0.808271,0.204541,0.365166,0.889332,2.610829,4.655386,2.095492,0.936178675796384,Americas
"Bahamas, The",BS,2015.0,43.4797858930561,18.70733382320201,29722.4068429349,95.0,73.104,8.300999999999986,19.1256311837319,0.89498245716095,39.2304695304695,1.4000000000000026,82.746,11.638125,73.104,11.99951,5.16048241,0.811445,0.204284,0.364253,0.889381,2.614571,4.655273,2.098918,0.0796279953732721,Americas
"Bahamas, The",BS,2016.0,42.6030964033751,18.70733382320201,29661.1410792573,94.0,73.537,8.191000000000011,18.49778336767,0.959943354129791,39.558041958042,1.200000000000002,82.832,11.649738,73.537,12.701960000000017,5.68248844,0.813804,0.203992,0.363759,0.889416,2.620387,4.655191,2.103189,-1.78202388767504,Americas
"Bahamas, The",BS,2017.0,41.717070190829,18.70733382320201,30666.8838654704,94.0,73.632,8.700000000000015,18.3612464143857,0.976761102676392,39.8621378621379,1.099999999999998,82.925,11.66253,73.632,9.800729999999989,6.70352888,0.816652,0.203668,0.36275,0.889432,2.626633,4.655024,2.108371,2.01529294955958,Americas
Bangladesh,BD,2001.0,68.5063882588426,18.70733382320201,410.048540904043,85.0,66.135,12.001999999999999,53.5371557711762,0.638402462005615,1011.52711070139,55.93899999999994,24.096,11.216428,66.135,3.6142099999999977,1.77201855,0.497556,0.250773,0.108645,0.579917,4.232661,4.196492,1.350384,3.10043669181933,Asia
Bangladesh,BD,2002.0,67.5242619506374,18.70733382320201,407.96296761642,83.0,66.612,13.5,53.9989891679289,-1.03259038925171,1030.49724206806,54.414999999999964,24.756,11.232133,66.612,3.9637599999999993,1.93417108,0.496888,0.250823,0.109235,0.580277,4.232035,4.209578,1.353297,1.9216894198362,Asia
Bangladesh,BD,2003.0,66.6270994582464,18.70733382320201,440.714404819588,87.0,66.824,14.900000000000018,54.4416560238779,-1.1155811548233,1048.65334562495,52.59500000000003,25.429,11.252267,66.824,4.320799999999994,1.96152198,0.496208,0.250891,0.110469,0.580659,4.233213,4.223771,1.357056,2.92613454296232,Asia
Bangladesh,BD,2004.0,65.7278258408799,18.70733382320201,469.116458369252,99.0,67.187,16.399000000000022,54.7139805852488,-1.36047637462616,1066.21898286856,51.99,26.114,11.267851,67.187,4.2940399999999945,1.99854314,0.495909,0.250949,0.111646,0.581005,4.230392,4.236549,1.361401,3.50574323998593,Asia
Bangladesh,BD,2005.0,64.8145748472084,18.70733382320201,493.043250641143,93.0,67.299,17.59999999999997,54.6647870982674,-1.86383938789368,1082.52738726281,50.58800000000002,26.809,11.281534,67.299,4.250380000000002,2.05873919,0.495886,0.250976,0.112733,0.581273,4.229019,4.245562,1.366085,4.93096820280539,Asia
Bangladesh,BD,2006.0,64.0667576228717,18.70733382320201,503.374634487573,94.0,67.241,17.59999999999997,53.1975459498402,-1.50709736347198,1095.71199969271,48.59399999999999,27.517,11.295073,67.241,3.592710000000003,2.10646582,0.496906,0.250975,0.113887,0.581461,4.227853,4.249112,1.374879,5.38833072100596,Asia
Bangladesh,BD,2007.0,63.3886751473079,18.70733382320201,552.337247034842,94.0,66.714,16.899000000000026,50.0752382318021,-1.54307162761688,1107.28995928401,47.19299999999993,28.237,11.310854,66.714,4.046519999999999,2.17268491,0.497624,0.250968,0.115688,0.5816,4.226988,4.248704,1.389282,5.93918151201265,Asia
Bangladesh,BD,2008.0,62.75268799153,10.03624198490001,630.148307727773,96.0,67.051,16.899000000000026,46.4359542477712,-1.50833129882813,1117.1646155028,45.204999999999934,28.968,11.326025,67.051,4.516610000000005,2.11878848,0.498143,0.250971,0.117474,0.58173,4.224998,4.246932,1.405777,5.07673024638913,Asia
Bangladesh,BD,2009.0,61.962392753333,10.03624198490001,698.503078776717,97.0,67.403,16.899000000000026,43.417784301366,-1.54677140712738,1127.04010140585,43.07899999999997,29.709,11.341788,67.403,5.000510000000002,2.18321705,0.49914,0.250977,0.119331,0.581835,4.223743,4.246028,1.420734,4.12468581228904,Asia
Bangladesh,BD,2010.0,60.8462967220819,10.03624198490001,776.835743954765,94.0,68.638,16.899000000000026,42.1588186962047,-1.42578947544098,1139.97955750173,40.28500000000006,30.462,11.359169,68.638,3.379119999999999,2.28807664,0.500254,0.251016,0.121651,0.581981,4.22464,4.248882,1.430745,4.37348466383585,Asia
Bangladesh,BD,2011.0,59.6007886208852,10.03624198490001,856.178832752419,96.0,68.809,16.797999999999973,52.2951110557553,-1.40473687648773,1153.96024429592,38.42100000000004,31.225,11.370185,68.809,3.7298300000000046,2.36418128,0.500641,0.251094,0.123681,0.582141,4.221367,4.254232,1.437029,5.17452087670409,Asia
Bangladesh,BD,2012.0,58.2143420185449,10.03624198490001,876.521652869848,94.0,69.554,15.900000000000023,65.1638389348551,-1.37908899784088,1168.40016132749,37.27600000000003,31.993,11.377943,69.554,4.076119999999993,2.3537879,0.502253,0.251231,0.125937,0.582322,4.213672,4.259427,1.443101,5.20499111861467,Asia
Bangladesh,BD,2013.0,56.7310395526086,10.03624198490001,973.828617573534,96.0,69.565,15.900000000000023,64.3758949024465,-1.62785887718201,1183.29983099024,36.99400000000001,32.762,11.378417,69.565,4.4255499999999985,2.29574466,0.504135,0.251418,0.128099,0.582514,4.199103,4.264447,1.448701,4.67872191823137,Asia
Bangladesh,BD,2014.0,55.2563590542776,10.03624198490001,1108.52251321179,97.0,69.986,15.900000000000023,68.3283645116627,-0.895563185214996,1198.13550741338,35.44400000000004,33.535,11.375763,69.986,4.406930000000003,2.27915168,0.50545,0.251651,0.130462,0.58272,4.182413,4.269459,1.453608,4.74777922650441,Asia
Bangladesh,BD,2015.0,53.8664654733227,10.03624198490001,1236.4354555046,98.0,70.491,15.799999999999972,64.1084295201163,-1.20977377891541,1212.49135745563,33.09899999999994,34.308,11.368712,70.491,4.382189999999999,2.27217698,0.508198,0.251929,0.132744,0.582942,4.160873,4.2744,1.457626,5.29106080768767,Asia
Bangladesh,BD,2016.0,52.5465441495867,10.03624198490001,1659.88817301175,98.0,71.09,15.799999999999972,63.6784141329752,-1.25973296165466,1227.50686025966,30.201999999999966,35.083,11.35788,71.09,4.3500800000000055,2.38938212,0.510254,0.252249,0.135429,0.583181,4.136923,4.279268,1.460576,5.80321039708029,Asia
Bangladesh,BD,2017.0,51.2917590885276,10.03624198490001,1815.47222007199,98.0,71.788,15.59999999999998,58.3439766448258,-1.253626704216,1242.94356610586,28.096999999999962,35.858,11.343591,71.788,4.3744600000000045,2.36720181,0.5128,0.2526,0.137974,0.583419,4.110611,4.283989,1.462198,5.26645511283064,Asia
Barbados,BB,2001.0,49.0335044309413,24.691358024700047,11510.0404330443,84.0,74.247,8.600000000000016,22.9799910517907,0.855120599269867,617.155813953488,10.782999999999989,33.629,11.26533,74.247,9.854550000000012,5.52529192,0.844182,0.230022,0.321025,0.918029,2.712217,4.660905,1.57895,-2.63035856421411,Americas
Barbados,BB,2002.0,48.7021937975411,24.691358024700047,11658.629036798,87.0,74.366,11.312999999999983,22.4722090377571,1.09719908237457,619.662790697674,9.799999999999983,33.431,11.276117,74.366,10.320510000000008,5.86123466,0.850211,0.230032,0.321796,0.918272,2.716531,4.662002,1.577273,0.379644847034342,Americas
Barbados,BB,2003.0,48.3877051772054,24.691358024700047,11998.1756941147,89.0,74.472,11.700000000000022,21.8668760588038,0.918948590755463,622.090697674419,8.601000000000015,33.234,11.28599,74.472,11.000329999999998,6.69148111,0.856159,0.23004,0.322341,0.918538,2.720469,4.663203,1.57524,1.77670843018247,Americas
Barbados,BB,2004.0,47.9325638412165,24.691358024700047,12828.4389489954,93.0,74.727,16.70000000000003,21.3328480589514,1.09435272216797,624.43023255814,8.699000000000014,33.037,11.294904,74.727,9.56802000000002,7.31297731,0.860755,0.230062,0.322623,0.918818,2.724301,4.664508,1.573837,1.03164270082674,Americas
Barbados,BB,2005.0,47.3894352253957,24.691358024700047,14173.7513776686,92.0,74.89,8.700000000000015,21.0389809822209,1.11291885375977,626.690697674419,8.699000000000014,32.841,11.302589,74.89,9.080780000000011,6.77536297,0.863485,0.230088,0.323495,0.91899,2.72731,4.665389,1.573832,3.58049163318141,Americas
Barbados,BB,2006.0,46.8017653668891,24.691358024700047,15595.1683461218,84.0,75.068,7.898999999999986,20.9890500409602,0.91321188211441,628.895348837209,8.799999999999985,32.646,11.30722,75.068,8.730380000000007,6.58370161,0.861884,0.230168,0.323677,0.919129,2.729436,4.666118,1.576808,5.69870546975358,Americas
Barbados,BB,2007.0,46.3712395321625,24.691358024700047,17225.5343643624,93.0,75.342,10.109000000000016,21.0340484119677,1.04420638084412,631.26511627907,8.601000000000015,32.451,11.316761,75.342,7.406329999999997,6.05665207,0.859351,0.230298,0.325042,0.919259,2.733735,4.666654,1.582422,1.69597892467999,Americas
Barbados,BB,2008.0,46.3497772290515,24.691358024700047,17570.7829148862,85.0,75.447,6.096000000000011,21.1136589859394,1.06835830211639,634.03488372093,7.583000000000007,32.256,11.320983,75.447,8.123089999999998,6.47753286,0.853825,0.230442,0.324985,0.919387,2.73648,4.667015,1.588849,0.193845998435037,Americas
Barbados,BB,2009.0,46.6266079710378,24.691358024700047,16314.6692184915,93.0,75.678,9.200000000000015,21.1675646535713,1.04774069786072,636.723255813954,8.5,32.063,11.32782,75.678,10.020939999999987,7.14522552,0.851133,0.230546,0.325521,0.91946,2.740063,4.666928,1.594169,-5.41831189198096,Americas
Barbados,BB,2010.0,46.7562023206616,24.691358024700047,16507.4305360907,86.0,75.712,8.897999999999985,21.1354483055595,1.06063663959503,638.862790697674,8.196000000000012,31.87,11.330987,75.712,10.68765000000002,6.77094746,0.848332,0.230576,0.326282,0.919504,2.743231,4.666546,1.596516,-2.54518078342602,Americas
Barbados,BB,2011.0,46.6903797104382,24.691358024700047,16924.066921731,91.0,75.917,11.001,20.745049418333,1.24613010883331,640.66511627907,4.057000000000005,31.7,11.329754,75.917,11.190240000000017,6.89690495,0.846158,0.230531,0.325952,0.919525,2.7453,4.665952,1.596336,-1.05154423827166,Americas
Barbados,BB,2012.0,46.6662418488073,24.691358024700047,16736.9218347773,87.0,76.099,14.799999999999972,21.1846141376653,1.18596565723419,642.318604651163,3.767000000000002,31.553,11.327418,76.099,11.588530000000002,7.77819967,0.844594,0.230445,0.325234,0.919566,2.746834,4.665345,1.5954,-0.505894059276031,Americas
Barbados,BB,2013.0,46.6764498646422,24.691358024700047,16952.1344337493,91.0,76.275,14.099999999999987,21.7944467458479,1.26692914962769,643.872093023256,3.075,31.429,11.32717,76.275,11.55053999999999,7.39825487,0.844062,0.230321,0.32495,0.919632,2.749714,4.664815,1.593676,-1.55164706666346,Americas
Barbados,BB,2014.0,46.7006069064687,24.691358024700047,16980.0270637458,94.0,76.476,8.395999999999985,22.3938111163809,1.2779198884964,645.332558139535,2.9990000000000006,31.328,11.32479,76.476,12.178410000000001,6.96651411,0.842887,0.230152,0.324072,0.919698,2.752656,4.66425,1.591075,-0.284468002996604,Americas
Barbados,BB,2015.0,46.7095058719256,24.691358024700047,17040.4176091311,97.0,76.65,13.299999999999976,24.1787536225197,1.11682772636414,646.704651162791,2.9990000000000006,31.249,11.322937,76.65,9.801719999999994,6.83201313,0.842039,0.229942,0.323164,0.919786,2.756602,4.663841,1.587563,2.20661577050399,Americas
Barbados,BB,2016.0,46.6905668124891,24.691358024700047,17398.9870769319,97.0,76.815,5.601000000000011,24.4150757393389,0.960008144378662,648.020930232558,2.7760000000000002,31.193,11.319242,76.815,8.247209999999995,6.83736086,0.841682,0.229685,0.321753,0.919868,2.759747,4.663418,1.583089,2.34436999364772,Americas
Barbados,BB,2017.0,46.7991355694252,24.691358024700047,17910.7830952014,90.0,76.936,8.5,23.2878109296981,0.95252388715744,649.272093023256,4.333000000000004,31.159,11.316902,76.936,8.621059999999993,6.65253401,0.842955,0.229386,0.320599,0.919956,2.763322,4.663044,1.57764,0.321058802020829,Americas
Benin,BJ,2001.0,93.3456707115681,31.534176950985024,508.34744771123,76.0,56.66,28.498,58.959710775616,-0.717079222202301,63.959214260376,66.88499999999999,38.65,8.86905,56.66,0.7657499999999999,3.30417323,0.468598,0.167323,0.110013,0.636566,3.597256,2.902404,0.98689,2.20736492388005,Africa
Benin,BJ,2002.0,92.6747753855487,35.845876572170006,564.379057652491,75.0,56.606,28.72899999999999,55.0537524641043,0.82151585817337,65.9079726853494,63.97100000000004,39.036,8.881545,56.606,0.6885299999999995,3.09589195,0.472666,0.167575,0.111338,0.636764,3.603596,2.902344,0.987262,1.54895924760953,Africa
Benin,BJ,2003.0,92.0601737095595,39.67022518394698,698.408777315146,73.0,56.738,28.198999999999973,50.38184649863,0.679285824298859,67.9248669741043,61.68899999999991,39.536,8.890742,56.738,0.7468600000000001,3.11678505,0.475791,0.167865,0.112693,0.636978,3.607948,2.902029,0.987438,0.37202480236229,Africa
Benin,BJ,2004.0,91.530755831162,43.00645538763102,784.119075060929,72.0,56.826,27.997000000000003,46.4477544416886,0.265973478555679,70.0120078041859,60.71299999999996,40.039,8.900478,56.826,0.7887600000000006,3.23273873,0.479333,0.168131,0.113339,0.637171,3.613321,2.90164,0.987543,1.31651203758068,Africa
Benin,BJ,2005.0,90.8487239036714,45.972157224967994,805.904685277445,70.0,57.125,28.893000000000047,44.7552378557758,0.449746280908585,72.2722507981554,59.235999999999976,40.543,8.906191,57.125,0.8638999999999997,3.22345805,0.48134,0.16831,0.114172,0.637304,3.616006,2.901324,0.987735,-1.46781382104416,Africa
Benin,BJ,2006.0,90.338885185238,48.70265280869201,837.132002451152,74.0,57.456,28.09999999999995,44.7014244507525,0.547892570495605,74.5178343384179,57.2840000000001,41.049,8.909254,57.456,0.8897400000000009,3.28773856,0.482757,0.168478,0.114168,0.637459,3.617414,2.900774,0.988204,0.811410156798331,Africa
Benin,BJ,2007.0,90.0510325739506,51.24630988264403,944.6431721273,82.0,57.675,27.59999999999995,44.6821454651912,0.386217623949051,76.6917435260731,54.492999999999995,41.558,8.914451,57.675,0.9020400000000008,2.93715644,0.484548,0.168718,0.114559,0.637716,3.620189,2.899905,0.988816,2.98205331853927,Africa
Benin,BJ,2008.0,89.591635247116,53.42280723883604,1098.94667867138,75.0,57.869,27.59999999999995,44.6992177546544,0.376421362161636,78.9860677545229,54.78200000000005,42.069,8.916366,57.869,0.8920100000000002,2.65178108,0.485993,0.168981,0.114768,0.638026,3.620118,2.899038,0.989442,1.84962506949418,Africa
Benin,BJ,2009.0,88.914926513279,55.383295420912035,1061.71835954714,79.0,57.956,27.897000000000048,44.7544581747048,0.40366667509079,81.3454593827598,52.78200000000006,42.58,8.920418,57.956,0.9445200000000002,2.88892651,0.487798,0.16921,0.114918,0.638322,3.62181,2.898403,0.989957,-0.648436891010405,Africa
Benin,BJ,2010.0,88.2084184308842,57.28309281916696,1009.48949478478,76.0,58.363,28.198999999999973,44.8496835809048,0.261260122060776,83.7682688896772,47.19299999999993,43.093,8.925305,58.363,1.0393300000000014,3.00988984,0.489122,0.169359,0.115932,0.638561,3.623719,2.898338,0.990274,-0.839355823905237,Africa
Benin,BJ,2011.0,87.6751474801744,58.99657186054306,1099.4143107361,75.0,58.462,28.09999999999995,47.392759069621,0.318356364965439,86.2573607662292,48.70299999999992,43.608,8.927011,58.462,2.6473899999999992,2.99707985,0.491156,0.169458,0.115905,0.638744,3.622748,2.898581,0.990419,-0.007428191688561,Africa
Benin,BJ,2012.0,87.2210378441964,60.57938631942304,1112.56953619685,80.0,58.716,27.40000000000005,51.5628188212507,0.364367604255676,88.8087797091167,50.326000000000064,44.125,8.931758,58.716,2.4127299999999994,3.07562971,0.493308,0.169577,0.116496,0.638943,3.624008,2.899008,0.990418,1.80006449253156,Africa
Benin,BJ,2013.0,86.8221087619852,62.090564843668936,1214.29556540248,77.0,58.965,27.0,42.0881252510416,0.301189363002777,91.4218694572543,51.99,44.642,8.934615,58.965,2.1137699999999997,2.86880755,0.494931,0.169711,0.116836,0.639161,3.624016,2.899666,0.990294,4.12760623456288,Africa
Benin,BJ,2014.0,86.3992732867741,63.27846743678802,1251.50476511083,74.0,59.125,27.0,42.0112596872744,0.027139762416482,94.1366087264988,50.98799999999999,45.166,8.939451,59.125,1.89591,2.69111967,0.497412,0.169861,0.117641,0.639412,3.624397,2.900659,0.990069,3.29050499914023,Africa
Benin,BJ,2015.0,86.0519846336015,64.70628162096399,1041.65252312918,74.0,59.377,27.300000000000022,66.6561284323416,-0.0204964224249125,96.9562167435261,49.925999999999995,45.695,8.946898,59.377,1.8520399999999992,2.72813416,0.499514,0.170013,0.118821,0.639664,3.627308,2.901891,0.989687,-1.18168483600668,Africa
Benin,BJ,2016.0,85.8316638591334,62.864632155694,1049.82030361083,76.0,59.539,27.491000000000007,59.4793406242621,-0.0087835025042295,99.8588595246541,45.404000000000025,46.229,8.952776,59.539,1.8332699999999986,2.79549599,0.502539,0.170172,0.11925,0.63994,3.628211,2.903462,0.989202,0.335852248057719,Africa
Benin,BJ,2017.0,85.6087497219097,62.04887084948895,1095.27445827386,76.0,59.856,27.0,58.3879587239383,0.0262518860399723,102.844794253281,45.404000000000025,46.768,8.960136,59.856,1.7163800000000002,2.66813827,0.505541,0.170322,0.12029,0.640206,3.629899,2.905294,0.988584,2.60355652692061,Africa
Bolivia,BO,2001.0,76.2030284226898,6.62833636053801,930.875684294239,71.0,62.843,14.799999999999972,61.9481447307606,-1.09681463241577,8.0735567248223,28.999000000000002,62.306,11.312243,62.843,2.623080000000002,4.82522202,0.883062,0.189738,0.260614,0.850701,3.203328,4.239616,1.685184,-0.0999868428788346,Americas
Bolivia,BO,2002.0,75.0156373111258,6.610632111498002,888.198576030752,77.0,63.306,15.199000000000028,61.185467407628,-0.286515563726425,8.21617557463307,28.096999999999962,62.783,11.285329,63.306,2.6053999999999977,4.89645052,0.886797,0.189766,0.262074,0.850352,3.190317,4.237082,1.668941,0.706590425667144,Americas
Bolivia,BO,2003.0,73.764147604152,6.588510614732001,892.355341638943,88.0,63.635,15.099999999999982,60.5276224516758,-0.83488517999649,8.36091387427305,26.996000000000002,63.248,11.257044,63.635,2.655700000000002,5.19709635,0.890986,0.1898,0.26266,0.849937,3.176953,4.234234,1.652474,0.933272881013124,Americas
Bolivia,BO,2004.0,72.4862797471775,6.566476015922997,951.951622939377,84.0,64.004,15.099999999999982,59.7162505298355,-0.680570840835571,8.50759623373027,25.743000000000002,63.711,11.235724,64.004,2.6186399999999987,4.86315727,0.89549,0.189858,0.264257,0.849634,3.165827,4.232026,1.638632,2.37720837843311,Americas
Bolivia,BO,2005.0,71.2034958606695,6.542926309929002,1018.31372502967,85.0,64.386,15.199000000000028,58.4929923090383,-0.971029877662659,8.65631680974799,24.600999999999953,64.17,11.222102,64.386,2.601499999999999,5.07408142,0.897643,0.189952,0.265959,0.84959,3.157576,4.231138,1.630244,2.62741194852624,Americas
Bolivia,BO,2006.0,69.9695743183165,6.521748141319,1200.06804203621,83.0,64.779,20.899000000000036,55.2406960376362,-0.802562952041626,8.80888304255516,23.70699999999999,64.628,11.218528,64.779,2.5740599999999967,4.66087532,0.90047,0.190114,0.268216,0.849764,3.151802,4.231374,1.626788,2.98196771466748,Americas
Bolivia,BO,2007.0,68.8038476453961,6.507809194426998,1351.03518185564,84.0,65.027,14.996999999999998,49.4380149483192,-0.852070689201355,8.9644161358811,22.09799999999996,65.082,11.217135,65.027,2.6158300000000008,4.6968894,0.904166,0.190344,0.269401,0.849986,3.146133,4.231903,1.625202,2.75018668026333,Americas
Bolivia,BO,2008.0,67.6914750295564,6.496080979013993,1687.57849715048,88.0,65.446,17.20000000000003,42.4702971845256,-0.696565806865692,9.12082802547771,21.28099999999998,65.535,11.221133,65.446,2.602580000000001,4.60677242,0.908873,0.190613,0.271692,0.850251,3.142402,4.232614,1.624688,4.32817113629997,Americas
Bolivia,BO,2009.0,66.6531316735419,6.5127569278999955,1725.14628617645,93.0,65.88,16.598999999999975,35.7228908896935,-0.506110489368439,9.27842425920798,20.570999999999984,65.984,11.224092,65.88,2.9717400000000045,5.17444515,0.911149,0.190887,0.275173,0.850531,3.13869,4.23342,1.624242,1.60145645539657,Americas
Bolivia,BO,2010.0,65.688359172666,7.040773831249005,1922.05857050664,91.0,66.162,17.29999999999997,30.5811442072612,-0.415407210588455,9.43715498938429,19.904000000000032,66.43,11.223329,66.162,2.6076800000000007,5.20230532,0.912982,0.191129,0.277438,0.85079,3.133966,4.234129,1.622895,2.37533557597251,Americas
Bolivia,BO,2011.0,64.7656361187616,7.529756725585007,2304.98246161085,95.0,66.534,17.499000000000002,27.3182933267548,-0.417126506567001,9.59683005630943,18.085999999999974,66.874,11.221038,66.534,2.259929999999998,5.17306805,0.912915,0.191377,0.279907,0.851074,3.130259,4.234863,1.620643,3.45367377326657,Americas
Bolivia,BO,2012.0,63.8792902289027,8.052464165944992,2562.46678423329,93.0,66.705,22.997000000000003,28.0697541353735,-0.45806810259819,9.75694359826456,17.398000000000028,67.315,11.217151,66.705,2.067390000000002,5.2539444,0.911483,0.191689,0.283331,0.851445,3.125227,4.235876,1.6181,3.39719643988016,Americas
Bolivia,BO,2013.0,62.9957132139365,8.541377729457995,2853.79716191598,87.0,67.021,23.493000000000006,26.0957496962253,-0.32859343290329,9.91724268439029,15.975999999999999,67.699,11.211177,67.021,2.432120000000001,5.57465124,0.907998,0.192052,0.287493,0.851875,3.119451,4.237024,1.615284,5.06979542446618,Americas
Bolivia,BO,2014.0,62.0713055210308,9.016606060910986,3022.46288443562,85.0,67.163,19.89600000000003,26.9415449050283,-0.333112090826035,10.0775288470414,14.969,68.047,11.20204,67.163,2.0232199999999967,5.89613628,0.903949,0.192464,0.29148,0.852371,3.111189,4.238367,1.61222,3.78318705934984,Americas
Bolivia,BO,2015.0,61.1595377241249,9.52429831573702,2975.64881143063,89.0,67.318,18.79999999999997,27.4574711709407,-0.270498692989349,10.2373165328164,14.19700000000002,68.393,11.192248,67.318,3.1103499999999986,6.55064964,0.898802,0.192922,0.29572,0.852942,3.102902,4.239985,1.608975,3.22053882341802,Americas
Bolivia,BO,2016.0,60.3080820329936,10.027004474787994,3013.50270721666,87.0,67.628,15.299999999999972,28.0546140290721,-0.25367596745491,10.3969491368965,13.621999999999987,68.738,11.181142,67.628,3.4971599999999983,6.83333063,0.892894,0.193412,0.300675,0.853548,3.093429,4.241669,1.605515,2.66307421352539,Americas
Bolivia,BO,2017.0,59.499678295677,10.51796345970801,3280.0082139387,84.0,67.701,20.30099999999997,26.5418633872389,-0.280111223459244,10.5562014215822,14.29199999999998,69.08,11.171035,67.701,3.6529199999999933,6.4901948,0.886177,0.193936,0.305251,0.854218,3.085905,4.243625,1.601923,2.62330333561857,Americas
Botswana,BW,2001.0,71.5672747066344,41.21894083073899,3115.6789995428,97.0,50.676,31.099999999999945,19.8390729796528,-1.36047637462616,3.10894076544386,37.482000000000006,54.062,10.854832,50.676,18.53845999999999,6.3660779,0.711344,0.175311,0.195284,0.633666,4.045338,3.491398,1.602491,-1.73773222971184,Africa
Botswana,BW,2002.0,69.8812431567422,41.74152514962505,3029.78836233973,97.0,50.632,30.199999999999964,19.9863544347096,0.87326443195343,3.16752245337286,36.08199999999995,54.57,10.85087,50.632,21.290629999999993,6.66529799,0.702927,0.175903,0.197252,0.633865,4.052053,3.49206,1.59681,4.10782981578046,Africa
Botswana,BW,2003.0,68.3026505739947,42.095358922929954,4111.73808510941,96.0,50.947,31.701999999999952,20.1595337663207,1.10493755340576,3.22351560707921,36.203999999999944,55.029,10.84291,50.947,23.82318999999999,6.40933847,0.694839,0.176549,0.198964,0.634047,4.054905,3.492459,1.591147,2.8085206399368,Africa
Botswana,BW,2004.0,66.9006820260942,42.57917429214297,4818.21310297023,96.0,51.617,29.800000000000036,20.3557631526527,0.916688740253448,3.28037160552644,34.29800000000002,55.488,10.838025,51.617,21.75820999999998,6.09125996,0.688232,0.17713,0.200897,0.634216,4.057692,3.492698,1.58716,0.925705688278057,Africa
Botswana,BW,2005.0,65.6977080097976,43.022833926822976,5240.316159068,96.0,52.61,24.800000000000004,20.5721947718722,1.06357252597809,3.33987436698251,32.998,55.944,10.836825,52.61,19.837779999999995,5.26532936,0.685798,0.177532,0.202405,0.634395,4.05717,3.492968,1.586557,2.69387823705134,Africa
Botswana,BW,2006.0,64.6676132167534,43.43477326495102,5142.91383354359,96.0,53.918,24.699999999999996,20.8504779384467,1.01710987091064,3.4032149348014,31.76100000000002,56.4,10.846056,53.918,17.781979999999976,4.87599421,0.689928,0.17783,0.204028,0.634701,4.054952,3.493578,1.591039,6.34700490671101,Africa
Botswana,BW,2007.0,63.7223231683412,43.943953690086076,5372.34073174354,96.0,55.732,26.099999999999955,21.2070575460146,1.05613911151886,3.4707479752263,28.999000000000002,57.928,10.861704,55.732,17.008249999999997,5.52080727,0.699329,0.178166,0.206201,0.635174,4.048557,3.49447,1.599807,3.73406780956059,Africa
Botswana,BW,2008.0,62.8120878639572,44.395951563115084,5345.84875177376,96.0,57.121,23.899000000000044,21.6012791414985,1.03310561180115,3.54193354860339,27.800000000000026,59.444,10.878787,57.121,16.312110000000033,5.89747286,0.709856,0.178518,0.208,0.635729,4.04105,3.495495,1.610139,1.17691883239625,Africa
Botswana,BW,2009.0,61.9736936757472,44.90537366372,4938.24990584092,96.0,58.279,24.0,21.9924882718209,0.953861236572266,3.61547297654968,28.90400000000005,60.937,10.894561,58.279,16.169610000000024,6.62081194,0.72146,0.17885,0.21,0.636239,4.032543,3.49643,1.619039,-15.8905576875302,Africa
Botswana,BW,2010.0,61.2920240157061,45.31695413734493,6041.73205119653,95.0,60.013,24.20999999999999,22.3400304839044,0.991209805011749,3.6907592680818,29.900000000000045,62.412,10.902512,60.013,17.862879999999972,6.26718187,0.728794,0.179138,0.211702,0.636616,4.025457,3.497246,1.623559,7.87587113231369,Africa
Botswana,BW,2011.0,60.8338188157144,45.865061471867,7080.77864262565,95.0,60.53,23.799999999999997,22.6768520526251,1.06444656848907,3.76552679406419,28.90400000000005,63.865,10.903696,60.53,18.059339999999974,5.86915016,0.732928,0.17942,0.213178,0.636902,4.018581,3.49805,1.624637,4.71716586305368,Africa
Botswana,BW,2012.0,60.5664563595514,43.076448629994935,6392.98734736839,95.0,60.8,21.202000000000027,22.702553769979,1.10404145717621,3.83855627900411,27.800000000000026,64.768,10.904258,60.8,17.925770000000014,6.35010576,0.737394,0.179757,0.215543,0.637226,4.010065,3.49906,1.625213,-2.07017412610281,Africa
Botswana,BW,2013.0,60.3452377939204,45.71255098456799,6436.60331866558,95.0,61.996,20.899000000000036,21.2341334801046,1.10234701633453,3.91240626047677,26.693999999999978,65.572,10.904798,61.996,18.156319999999972,6.49913645,0.741731,0.180136,0.217751,0.63756,4.002401,3.500177,1.625042,9.00566388932995,Africa
Botswana,BW,2014.0,60.1151503946607,48.49867691380001,6844.03324966349,95.0,62.608,24.20999999999999,21.1021511668115,1.01184713840485,3.98845305524677,25.743000000000002,66.368,10.904449,62.608,18.518060000000006,5.8804059,0.74584,0.180556,0.22057,0.637921,3.993973,3.501512,1.624077,3.67952261203213,Africa
Botswana,BW,2015.0,59.8469881999375,47.246779113041065,5869.73757890628,95.0,63.818,24.800000000000004,22.0461450923733,1.03136825561523,4.0674942212341,26.146999999999963,67.155,10.902467,63.818,18.933860000000024,6.10287762,0.748598,0.180996,0.223225,0.638262,3.98648,3.502876,1.62203,-6.70030234174305,Africa
Botswana,BW,2016.0,59.4915613916975,48.013052779818,6411.5518615966,95.0,65.464,24.800000000000004,21.2522533064009,0.979198038578033,4.1508584334692,26.693999999999978,67.933,10.896561,65.464,19.35885000000003,5.76837635,0.750841,0.181458,0.225158,0.638615,3.977128,3.50455,1.618811,5.05137315273221,Africa
Botswana,BW,2017.0,59.1012367268801,52.12963356425702,6705.34084567283,95.0,66.753,24.994000000000007,19.9663232166838,1.00929439067841,4.23806751010181,26.693999999999978,68.7,10.890161,66.753,19.670370000000037,6.62986994,0.75275,0.181928,0.227733,0.638943,3.968129,3.506339,1.614339,1.97194438915353,Africa
Bulgaria,BG,2001.0,47.573074923193,18.706462414754984,1770.90704918691,94.0,71.7682926829268,13.198000000000025,25.1478971593063,0.185515359044075,72.3957516044473,7.188000000000009,69.166,9.683782,71.7682926829268,19.89068000000002,6.86,0.640746,0.196386,0.164236,0.626998,2.709694,3.571081,1.774641,5.91115990599565,Europe
Bulgaria,BG,2002.0,47.0954638770467,16.235284700663968,2092.98288625558,93.0,71.8658536585366,12.600999999999997,25.3023954576219,0.467512369155884,72.0327297794118,8.699000000000014,69.524,9.669602,71.8658536585366,18.093219999999963,7.08,0.645905,0.196645,0.165952,0.627279,2.688689,3.572131,1.773001,8.19521483076812,Europe
Bulgaria,BG,2003.0,46.5632780839717,15.384384956209015,2719.49436859287,96.0,72.0658536585366,12.700000000000022,25.4532398256574,0.173525497317314,71.4841132665257,9.199000000000016,69.879,9.654523,72.0658536585366,13.723609999999983,7.2,0.651184,0.196983,0.167817,0.627623,2.665233,3.573516,1.772167,6.07406235889275,Europe
Bulgaria,BG,2004.0,46.0676943391448,15.811510199732005,3389.68743360274,95.0,72.5634146341463,12.5,25.5676821490025,0.0036307335831224,70.953107760206,9.606000000000016,70.233,9.643236,72.5634146341463,12.032070000000015,6.89,0.657284,0.197335,0.170118,0.627958,2.643532,3.575025,1.771984,7.31740481386147,Europe
Bulgaria,BG,2005.0,45.716621515721,15.813152777636002,3899.82596332878,96.0,72.5609756097561,12.799999999999976,25.6129743132466,0.14727059006691,70.4986377025037,9.799999999999983,70.584,9.633884,72.5609756097561,10.080869999999994,6.89,0.661618,0.197651,0.17202,0.628264,2.625163,3.576744,1.772424,7.86550231261518,Europe
Bulgaria,BG,2006.0,45.6032584688506,15.815882536429983,4523.1465578805,95.0,72.6121951219512,14.099999999999987,25.3339270509453,0.394421190023422,69.9716652858326,9.987999999999998,70.932,9.63355,72.6121951219512,8.951270000000008,6.53,0.664885,0.198039,0.174847,0.628531,2.608345,3.579491,1.779412,7.61684985137107,Europe
Bulgaria,BG,2007.0,45.7478121422868,16.235284700663968,5888.77685220636,95.0,72.6634146341463,14.299999999999976,24.6687943735139,0.357635468244553,69.4718534204953,8.799999999999985,71.278,9.641873,72.6634146341463,6.877220000000002,6.16,0.667397,0.19859,0.178052,0.628816,2.590202,3.583689,1.795127,7.44148860319636,Europe
Bulgaria,BG,2008.0,46.0788505476864,15.923094209001997,7271.30338858025,95.0,72.9634146341463,14.5,23.8749930848315,0.369860708713531,68.98592210662,9.897999999999985,71.622,9.65709,72.9634146341463,5.610800000000008,6.28,0.671016,0.199193,0.181771,0.629057,2.57455,3.587616,1.813887,6.87712687993118,Europe
Bulgaria,BG,2009.0,46.6383426992574,15.984418697511007,6988.27316296465,94.0,73.4121951219512,12.400000000000002,23.2099399887774,0.353678971529007,68.5744565217391,11.596000000000004,71.963,9.669384,73.4121951219512,6.816290000000006,6.6,0.674497,0.199754,0.185467,0.629262,2.560258,3.590112,1.830034,-2.72241557643444,Europe
Bulgaria,BG,2010.0,47.4565163124142,15.845762320270987,6863.66706774052,94.0,73.5121951219512,10.80199999999998,22.9310518892306,0.360091060400009,68.1245302137067,14.29199999999998,72.302,9.67455,73.5121951219512,10.28022999999999,7.099999999999999,0.677669,0.200162,0.188239,0.629389,2.551664,3.589877,1.83755,2.2260786772168,Europe
Bulgaria,BG,2011.0,48.4916284205302,14.57548109720101,7857.16706984441,95.0,74.1634146341463,9.200000000000015,26.1914143794342,0.301750302314758,67.6890935887988,13.199000000000023,72.638,9.67302,74.1634146341463,11.265719999999995,7.099999999999999,0.680423,0.20047,0.190407,0.629481,2.545709,3.587989,1.838541,2.74691076533668,Europe
Bulgaria,BG,2012.0,49.667452914258,16.589490573765023,7430.7373804242,95.0,74.3146341463415,8.5,23.0863811610061,0.379833996295929,67.2981577008106,15.602999999999984,72.975,9.676426,74.3146341463415,12.26378999999999,7.54,0.68532,0.200801,0.192502,0.629638,2.542476,3.587085,1.838604,1.33406600038019,Europe
Bulgaria,BG,2013.0,50.9099633272783,17.24438908926301,7687.71368243317,95.0,74.8609756097561,8.5,21.490052956786,0.170710384845734,66.922577376566,18.20700000000002,73.313,9.679556,74.8609756097561,12.94876000000001,7.14,0.688987,0.201143,0.194699,0.629847,2.540351,3.586925,1.837604,0.0154188467413263,Europe
Bulgaria,BG,2014.0,52.029518897364,16.504796480300584,7912.27484371138,88.0,74.4658536585366,9.388999999999987,21.9921500133613,0.0785408988595009,66.5432756079587,17.099999999999973,73.651,9.682166,74.4658536585366,11.420059999999989,7.68,0.692252,0.201485,0.196577,0.630069,2.539345,3.587034,1.835404,1.52486811076595,Europe
Bulgaria,BG,2015.0,52.9482745248114,15.981467895306993,7078.86032298969,91.0,74.6146341463415,10.109000000000016,20.7936901250081,0.010424641892314,66.1200350036846,17.930000000000017,73.99,9.686582,74.6146341463415,9.126950000000015,7.39,0.69669,0.201824,0.198616,0.630306,2.539862,3.587231,1.832053,4.05941140790065,Europe
Bulgaria,BG,2016.0,53.7757992959965,15.716138466581997,7570.93165511708,92.0,74.8121951219512,10.186000000000018,19.979167405734,0.0682793706655502,65.6579034635225,17.688000000000013,74.329,9.688781,74.8121951219512,7.576280000000008,7.46,0.700731,0.202151,0.200733,0.630543,2.53995,3.587363,1.82731,3.75177878457853,Europe
Bulgaria,BG,2017.0,54.5804973701894,15.99564391343701,8381.88134621669,92.0,74.8146341463415,9.891999999999983,20.0337858184501,0.321378797292709,65.1800571112749,17.099999999999973,74.669,9.691419,74.8146341463415,6.157199999999993,7.49,0.704289,0.202455,0.202411,0.630776,2.543141,3.587521,1.820826,3.4991755485791,Europe
Burkina Faso,BF,2001.0,96.8843140129043,40.50841816770104,260.443473110803,62.0,51.071,27.699999999999974,62.3379649328232,0.356679856777191,44.7725292397661,81.69399999999989,18.54,8.73387,51.071,2.7418800000000005,2.88835382,0.410477,0.160536,0.098399,0.618582,3.574237,2.893766,0.977873,3.42037281461964,Africa
Burkina Faso,BF,2002.0,95.7200172599316,41.97715172410095,286.753714867893,69.0,51.272,27.997000000000003,62.2240148148469,-0.306921243667603,46.1705738304094,81.79800000000009,19.258,8.749597,51.272,2.85493,2.97113013,0.411776,0.160824,0.099372,0.618772,3.586397,2.893775,0.978681,1.1931569551423,Africa
Burkina Faso,BF,2003.0,94.6996143837491,43.35271612462598,363.818351959243,79.0,51.793,28.398000000000046,62.0579085352073,0.0671200677752495,47.6264290935673,80.79900000000012,19.996,8.76703,51.793,2.7786599999999995,3.14307284,0.412229,0.161158,0.100335,0.618992,3.601227,2.893685,0.979404,4.50716331077845,Africa
Burkina Faso,BF,2004.0,93.8589043392833,44.67878984409799,405.451276438268,79.0,52.416,29.085999999999963,61.8643241754484,-0.0812375172972679,49.1446527777778,81.99700000000001,20.757,8.782443,52.416,3.4757500000000023,4.21720934,0.413939,0.161471,0.101268,0.619206,3.612886,2.893581,0.980092,1.25080372415214,Africa
Burkina Faso,BF,2005.0,93.2062503794193,45.916870415599995,442.944430628899,82.0,53.092,29.200999999999976,61.6679398171137,-0.0626529157161713,50.7168384502924,85.39699999999986,21.537,8.790883,53.092,3.9998300000000007,3.95109582,0.41515,0.161687,0.102201,0.619354,3.618282,2.893441,0.980768,5.29343297349088,Africa
Burkina Faso,BF,2006.0,92.8290912147205,45.916870415599995,457.342074853242,86.0,53.742,29.403000000000052,61.4372319070742,0.155799552798271,52.3254459064327,84.8060000000001,22.339,8.791005,53.742,3.6687999999999983,4.51446247,0.416284,0.161862,0.102842,0.619442,3.616077,2.892768,0.98173,2.98669213366389,Africa
Burkina Faso,BF,2007.0,92.7680539355925,45.916870415599995,516.750328470839,89.0,54.375,29.597999999999946,61.0944586765371,0.307008683681488,53.9366739766082,82.88299999999988,22.996,8.78841,54.375,3.2998500000000046,5.23373222,0.41723,0.162078,0.103637,0.6195,3.611449,2.891344,0.983172,1.00130262746538,Africa
Burkina Faso,BF,2008.0,92.9657390598182,45.916870415599995,621.890271798117,93.0,55.342,29.70099999999997,60.5949708835501,0.118724599480629,55.5479349415205,83.49,23.534,8.783399,55.342,3.4966300000000077,4.64780712,0.41901,0.162306,0.104324,0.61954,3.603713,2.889682,0.984824,2.7310856339255,Africa
Burkina Faso,BF,2009.0,93.2522580537611,45.916870415599995,603.877545561486,92.0,55.959,29.403000000000052,59.8941192861613,0.0340402871370316,57.2003728070175,83.29400000000011,24.079,8.779168,55.959,3.716049999999998,5.08159161,0.421325,0.162521,0.10486,0.619588,3.596077,2.888369,0.986428,-0.012474271014014,Africa
Burkina Faso,BF,2010.0,93.5238467586573,45.916870415599995,627.270395707064,91.0,56.477,30.199999999999964,58.9472546424185,-0.117637142539024,58.9065972222222,82.0830000000001,24.633,8.780022,56.477,3.7213600000000056,5.23958349,0.422246,0.162693,0.105318,0.619647,3.594518,2.887904,0.987696,5.30514455524253,Africa
Burkina Faso,BF,2011.0,93.7107156724749,45.916870415599995,727.612474511645,91.0,57.125,29.99000000000001,55.571613014377,-0.55538147687912,60.6822039473684,81.39999999999985,25.196,8.787488,57.125,3.8271699999999993,4.64868164,0.424025,0.162859,0.106297,0.619757,3.597446,2.888256,0.988848,3.50270659412131,Africa
Burkina Faso,BF,2012.0,93.7327591671874,45.916870415599995,733.97287958981,90.0,57.619,29.597999999999946,61.7629044746867,-0.573129236698151,62.5501900584795,79.19999999999987,25.767,8.800785,57.619,3.8468599999999986,4.60267258,0.426375,0.16308,0.107169,0.619955,3.604815,2.889093,0.990298,3.273591495689,Africa
Burkina Faso,BF,2013.0,93.6202739318772,45.916870415599995,762.303780103138,88.0,57.823,29.800000000000036,48.6056903850732,-0.763390123844147,64.4605555555556,78.70199999999988,26.346,8.819075,57.823,4.053110000000003,5.56331587,0.429225,0.163345,0.108629,0.620226,3.615275,2.890348,0.992027,2.65729533056167,Africa
Burkina Faso,BF,2014.0,93.3426142851534,45.916870415599995,767.371344051512,91.0,58.359,30.199999999999964,49.9195641760489,-0.787128567695618,66.4102412280702,78.89199999999988,26.934,8.841331,58.359,4.252320000000005,5.00027227,0.432363,0.163652,0.109383,0.620583,3.629192,2.8921,0.994058,1.26399638537625,Africa
Burkina Faso,BF,2015.0,92.8955898803601,45.916870415599995,632.12668582235,91.0,58.845,30.400000000000055,71.873244459767,-0.609127342700958,68.4138121345029,78.8060000000001,27.53,8.870296,58.845,4.468240000000006,5.13192415,0.435489,0.163992,0.111105,0.621011,3.648042,2.894299,0.996358,0.877785604827011,Africa
Burkina Faso,BF,2016.0,92.2809497745209,45.916870415599995,665.786328598963,91.0,59.326,30.46800000000002,66.0917117316937,-0.868710696697235,70.4513815789474,77.09400000000011,28.134,8.901999,59.326,4.594249999999999,5.96067238,0.439596,0.164359,0.111911,0.621511,3.668645,2.897006,0.998971,2.89349832690679,Africa
Burkina Faso,BF,2017.0,91.5140775344056,45.916870415599995,711.184543433623,91.0,59.536,30.69999999999996,60.3100692778775,-0.927885591983795,72.4994809941521,74.64000000000006,28.743,8.940525,59.536,4.657130000000007,6.02490044,0.444063,0.164745,0.113354,0.622074,3.694254,2.900239,1.001796,3.20325683612816,Africa
Burundi,BI,2001.0,100.294258413966,16.694297291117017,135.606475784646,81.0,48.431,30.199999999999964,30.2604722019372,1.25345623493195,251.780724299065,94.66000000000005,8.461,10.585111,48.431,3.1655199999999946,5.68180418,0.491445,0.152365,0.08811,0.607897,4.050602,3.595047,1.599645,-0.439187876685963,Africa
Burundi,BI,2002.0,98.1637565218221,16.367093705600972,124.139301558193,81.0,49.891,29.26800000000002,29.9953531299826,-2.28477239608765,258.915031152648,94.59600000000017,8.682,10.534072,49.891,3.1800200000000043,5.34983587,0.489046,0.152403,0.087748,0.608115,4.015593,3.590211,1.590956,1.56853463106961,Africa
Burundi,BI,2003.0,96.119906514379,16.044856520553996,114.36700716216,82.0,50.857,29.800000000000036,29.6795256967738,-2.24483132362366,267.166900311526,95.85400000000001,8.908,10.481038,50.857,3.1376600000000003,5.27245188,0.486811,0.152494,0.087178,0.608408,3.978296,3.585474,1.582377,-4.27458819750004,Africa
Burundi,BI,2004.0,93.8737713903128,15.721170648789991,128.538422519456,83.0,52.01,29.70099999999997,29.4125346425656,-2.52275967597961,277.277881619938,95.94600000000003,9.139,10.435648,52.01,3.179429999999999,7.09572744,0.485948,0.152598,0.087281,0.608718,3.944169,3.581249,1.575685,1.01088204580134,Africa
Burundi,BI,2005.0,92.3168260961908,15.387361656599984,151.188541005904,87.0,53.023,29.900000000000055,29.2939247076132,-1.52337801456451,287.728738317757,95.94600000000003,9.375,10.394902,53.023,3.150310000000001,7.56016588,0.485397,0.152672,0.086832,0.608981,3.910334,3.577803,1.572883,-2.76488049377727,Africa
Burundi,BI,2006.0,91.4692787978689,15.387361656599984,166.276245228761,92.0,53.869,33.09899999999994,29.2878299286332,-1.42777347564697,298.216121495327,95.308,9.617,10.358556,53.869,3.183760000000001,8.71264839,0.4861,0.15272,0.086875,0.609281,3.875041,3.574755,1.573784,1.70671383891919,Africa
Burundi,BI,2007.0,90.9359252869047,15.387361656599984,170.706876502428,99.0,54.727,33.41500000000005,29.2950472941046,-1.377925157547,309.369509345794,95.308,9.864,10.321792,54.727,2.4003800000000033,9.1855402,0.486941,0.152764,0.086837,0.609658,3.838082,3.571468,1.576042,-0.277700517173798,Africa
Burundi,BI,2008.0,90.1236016809112,15.387361656599984,194.710634644444,92.0,55.71,32.999,29.3201159719253,-1.63649833202362,322.356269470405,94.96199999999995,10.118,10.289679,55.71,1.6355899999999972,7.74147511,0.487983,0.152813,0.086816,0.61007,3.804522,3.568723,1.578752,0.637154645550055,Africa
Burundi,BI,2009.0,89.2869274930479,15.387361656599984,204.544755595219,94.0,56.388,32.999,29.3675751299931,-1.27144265174866,339.14976635514,94.59600000000017,10.376,10.262067,56.388,1.6157599999999974,9.23238468,0.489435,0.152862,0.086894,0.610414,3.775062,3.566369,1.581031,-1.32769460696001,Africa
Burundi,BI,2010.0,89.4163225949188,15.387361656599984,222.660583208376,96.0,57.081,33.20599999999996,29.441963936206,-1.6259593963623,355.397390965732,93.18500000000003,10.642,10.247535,57.081,1.6110299999999975,11.28196716,0.491519,0.152914,0.087035,0.610635,3.758803,3.564429,1.5822,0.318221817835934,Africa
Burundi,BI,2011.0,90.403864566983,15.387361656599984,236.451347486235,96.0,57.769,32.999,30.469165919309,-1.80720043182373,368.213901869159,92.01400000000007,10.915,10.236079,57.769,1.6009199999999988,10.06996346,0.491492,0.152992,0.087306,0.610802,3.747798,3.563612,1.582077,0.411511959732195,Africa
Burundi,BI,2012.0,91.5305780870795,15.387361656599984,238.205945258781,96.0,58.493,33.79500000000005,30.6146104955934,-1.7047381401062,381.443886292835,91.693,11.194,10.230488,58.493,1.5900300000000005,8.63756466,0.492885,0.153119,0.087565,0.61104,3.740353,3.564209,1.581317,0.824080965967312,Africa
Burundi,BI,2013.0,92.7235748352145,15.387361656599984,241.547665709857,96.0,59.235,33.79500000000005,29.7513341993496,-1.35027754306793,395.232749221184,90.78900000000002,11.482,10.223898,59.235,1.5838100000000015,8.62834644,0.493837,0.153296,0.088017,0.611358,3.731076,3.566309,1.580005,1.26359933436326,Africa
Burundi,BI,2014.0,93.9142395007374,15.387361656599984,257.818557410131,95.0,59.868,33.59999999999994,31.2135166042476,-0.784407138824463,408.680412772586,91.30200000000002,11.776,10.224154,59.868,1.575070000000001,7.21081543,0.49484,0.153514,0.088637,0.611738,3.727607,3.569747,1.578071,0.810602801312328,Africa
Burundi,BI,2015.0,96.3765750688462,15.387361656599984,289.359627206129,94.0,60.217,34.407000000000046,30.120746318795,-1.93744611740112,417.723831775701,91.19999999999996,12.078,10.224498,60.217,1.4437699999999996,6.29022646,0.496275,0.153772,0.089309,0.612157,3.723271,3.574121,1.575593,-5.9804956121318,Africa
Burundi,BI,2016.0,99.2083791083558,15.387361656599984,242.539527292978,94.0,60.793,34.799000000000056,30.7630623664928,-1.96437513828278,424.584384735202,89.59800000000016,12.388,10.228654,60.793,1.3608599999999984,7.06148243,0.498925,0.154068,0.090019,0.612604,3.720813,3.579564,1.572661,-2.20613382981416,Africa
Burundi,BI,2017.0,100.32346344538,15.387361656599984,244.14542219677,91.0,61.553,34.90400000000006,29.3039698472733,-2.00257396697998,434.407827102804,88.16799999999999,12.706,10.234619,61.553,1.261399999999999,6.95275736,0.500084,0.154394,0.090802,0.613042,3.721228,3.58576,1.569309,-1.77264648641454,Africa
Chad,TD,2001.0,107.246286762243,11.158541563599005,200.361008052321,26.0,47.85,26.59999999999995,56.7977695021505,-0.961056590080261,6.78113405336722,88.59700000000015,21.67,9.142217,47.85,0.7884000000000008,5.2932992,0.432742,0.163268,0.103318,0.625312,3.997728,2.895041,0.924808,8.0010539267867,Africa
Chad,TD,2002.0,107.502846060135,10.968825780869015,225.947310959268,24.0,47.946,26.40000000000005,56.4118948084852,-1.55961883068085,7.01903510165184,88.499,21.702,9.150847,47.946,0.7668900000000005,7.26787424,0.433345,0.163564,0.104102,0.62534,4.003866,2.894213,0.926417,4.81404163677151,Africa
Chad,TD,2003.0,106.528682446302,11.248511696160001,298.249881700489,22.0,48.206,26.40000000000005,55.8923266132371,-1.37243020534515,7.30334021601016,83.89899999999984,21.735,9.155089,48.206,0.7269300000000001,5.50940943,0.433662,0.163937,0.105324,0.625343,4.00569,2.893182,0.927951,10.2557711761468,Africa
Chad,TD,2004.0,104.797634160157,11.526825319094986,460.067018320577,21.0,48.232,25.092999999999957,55.341182208153,-1.53945684432983,7.63461165819568,84.0,21.768,9.159998,48.232,0.6795800000000001,5.50012684,0.434195,0.164313,0.106881,0.625331,4.00789,2.892002,0.929386,27.8310946494087,Africa
Chad,TD,2005.0,103.947984250055,11.789449749899994,664.59765601918,25.0,48.312,24.800000000000004,54.8605788849799,-1.44223713874817,7.94553049555273,83.80300000000008,21.801,9.159766,48.312,0.670120000000001,4.84111166,0.434363,0.164615,0.108164,0.625299,4.00597,2.890633,0.930722,12.7411606362719,Africa
Chad,TD,2006.0,103.890227204643,11.789449749899994,716.66776844238,40.0,48.286,24.484,54.3668277070918,-1.83175504207611,8.2319043837357,83.73299999999996,21.834,9.157415,48.286,0.7161599999999999,4.86643076,0.434811,0.164917,0.109828,0.625219,4.001302,2.888634,0.932704,-2.85311905014409,Africa
Chad,TD,2007.0,103.932227295351,11.789449749899994,806.710318791497,28.0,48.751,24.598999999999954,53.7838487498235,-1.86808049678802,8.51551064167726,82.4099999999999,21.868,9.152559,48.751,0.8215899999999989,4.34313393,0.435464,0.165304,0.110871,0.625087,3.994275,2.885875,0.935683,-0.16792346689482,Africa
Chad,TD,2008.0,103.636001017202,11.789449749899994,936.494137074972,19.0,49.024,24.994000000000007,53.225172822863,-1.96519660949707,8.81405972045743,79.81100000000009,21.901,9.147275,49.024,0.9030500000000002,4.05955124,0.436013,0.165711,0.112842,0.624952,3.985896,2.882958,0.938903,-0.437900442497067,Africa
Chad,TD,2009.0,103.336100815104,11.789449749899994,808.161523513674,25.0,49.196,24.900000000000045,52.804330735898,-1.72622966766357,9.12970775095299,79.40099999999988,21.934,9.141031,49.196,0.9023900000000009,4.44166946,0.437006,0.166076,0.11409,0.624854,3.976943,2.880489,0.941573,0.614501315990211,Africa
Chad,TD,2010.0,103.395422087249,11.789449749899994,896.876704620394,39.0,49.584,24.699999999999996,52.6348532986167,-1.52482771873474,9.44625714739517,79.19999999999987,21.985,9.136032,49.584,0.8719200000000005,4.06023312,0.438422,0.166342,0.115445,0.624862,3.968803,2.879161,0.942997,9.74497303673172,Africa
Chad,TD,2011.0,103.129462828044,11.789449749899994,988.194160047305,33.0,50.009,24.800000000000004,54.1504227714591,-1.31808519363403,9.78218710292249,80.71199999999992,22.054,9.130905,50.009,0.9001100000000009,3.91046357,0.439667,0.166546,0.116408,0.624954,3.961056,2.878784,0.94349,-3.35407468511102,Africa
Chad,TD,2012.0,102.725747631206,11.789449749899994,969.616142771586,40.0,50.54,23.704000000000004,57.1204741865987,-1.04411733150482,10.1293726175349,76.1130000000001,22.142,9.124722,50.54,0.8923400000000005,3.8560791,0.442021,0.166766,0.117701,0.625093,3.950439,2.878809,0.943893,5.15061214529531,Africa
Chad,TD,2013.0,102.194964266067,11.789449749899994,980.083544373007,39.0,50.781,24.0,50.2256607102092,-1.08947229385376,10.4961610546379,72.60300000000008,22.248,9.117998,50.781,0.941779999999999,4.06645298,0.444521,0.167001,0.118883,0.625286,3.938848,2.879284,0.944175,2.00631391848307,Africa
Chad,TD,2014.0,101.573916103233,11.789449749899994,1017.78776208855,36.0,51.202,24.598999999999954,46.8052788415437,-1.56888270378113,10.8776413595934,72.53400000000005,22.372,9.106464,51.202,0.93003,4.27316904,0.446536,0.167247,0.119501,0.625542,3.923065,2.880277,0.944296,3.15098859041785,Africa
Chad,TD,2015.0,101.552465556078,11.789449749899994,774.411603124119,42.0,51.589,25.699999999999985,64.3827504839855,-0.973281741142273,11.2295695679797,72.69899999999988,22.515,9.098342,51.589,0.9631400000000013,4.52395248,0.449877,0.167499,0.120668,0.625867,3.908367,2.881842,0.944222,-0.453003769060317,Africa
Chad,TD,2016.0,101.487943724818,11.789449749899994,691.980077427731,41.0,52.083,27.40000000000005,58.3859502502274,-1.30189418792725,11.5887746188056,72.69899999999988,22.677,9.087958,52.083,1.0423200000000001,4.73396969,0.45368,0.167757,0.121372,0.626272,3.890874,2.884071,0.943932,-9.16122585564682,Africa
Chad,TD,2017.0,101.017487296732,11.789449749899994,662.897472963315,41.0,52.308,28.893000000000047,56.2506214671266,-1.28639209270477,11.9805304955527,72.79000000000009,22.858,9.07961,52.308,1.1083999999999996,4.64740467,0.4574,0.168019,0.122129,0.626775,3.874837,2.887049,0.943401,-6.16090513543264,Africa
Chile,CL,2001.0,52.6469696326084,3.595943268883999,4610.59269482557,97.0,76.773,16.200000000000028,27.8750247662775,1.22989845275879,20.8786952007446,32.09199999999995,86.363,15.447875,76.773,10.387849999999991,7.09733057,0.991586,0.198442,0.349739,0.78435,4.271243,6.244696,2.607819,2.00993651227603,Americas
Chile,CL,2002.0,51.8673675199797,3.592295134299002,4477.18785195496,97.0,77.445,16.0,27.5666336657884,1.08879637718201,21.1070807981365,33.09899999999994,86.606,15.46965,77.445,10.165740000000007,7.20833778,1.013161,0.198607,0.353415,0.78494,4.258413,6.250227,2.610887,2.08611070911063,Americas
Chile,CL,2003.0,51.0078098071067,3.5875648994270013,4823.25742097417,96.0,77.387,18.0,27.1654672454526,0.761611938476563,21.3294276507265,31.59599999999995,86.665,15.490942,77.387,9.772109999999993,7.25047779,1.038053,0.198755,0.355963,0.785541,4.245994,6.255864,2.610772,3.63156646701455,Americas
Chile,CL,2004.0,50.0616061441261,3.5833243522790004,6185.30378783274,93.0,77.616,17.79799999999997,26.6987521826339,0.691341698169708,21.5430754829651,31.39700000000006,86.725,15.508182,77.616,10.163280000000011,6.91028547,1.062721,0.198882,0.359324,0.78604,4.232783,6.260465,2.607967,5.61634007452696,Americas
Chile,CL,2005.0,49.0782258087557,3.579587628441995,7560.54366823827,91.0,78.016,17.70000000000003,26.193715154696,0.842383623123169,21.7546938127747,32.28700000000003,86.783,15.516711,78.016,9.346050000000004,6.62372112,1.085843,0.198996,0.362414,0.786373,4.216627,6.263251,2.603207,4.80751806301836,Americas
Chile,CL,2006.0,48.1184702859473,3.5783009491029953,9418.27492735073,94.0,78.261,18.73000000000001,25.4313218784945,0.613005876541138,21.9688930671444,32.91500000000005,86.842,15.493204,78.261,9.02396,6.07235622,1.107557,0.199124,0.366387,0.786617,4.183396,6.264955,2.585168,5.01599112354818,Americas
Chile,CL,2007.0,47.2550833707076,3.611963051624,10456.8323890899,96.0,77.826,13.299999999999976,24.358253457235,0.406370878219604,22.1853773610282,30.5,86.9,15.434847,77.826,8.428460000000007,6.21259642,1.127773,0.199288,0.370711,0.786922,4.133177,6.267107,2.549869,4.14200232075726,Americas
Chile,CL,2008.0,46.5423997651306,3.645437478826998,10797.0473705117,95.0,78.484,14.299999999999976,23.2503096478062,0.431912958621979,22.4085338626986,30.79600000000003,86.959,15.368583,78.484,9.286739999999995,6.73954487,1.14807,0.199466,0.375274,0.787251,4.080212,6.269484,2.508826,2.75580095959636,Americas
Chile,CL,2009.0,45.9708879343902,3.6880309994360028,10204.5588537616,94.0,78.741,12.400000000000002,22.3832902070972,0.602584421634674,22.6398419973855,31.499000000000002,87.017,15.316357,78.741,11.306680000000004,7.25026846,1.164654,0.199636,0.380199,0.787585,4.038821,6.271932,2.47353,-2.1283005713077,Americas
Chile,CL,2010.0,45.5012235797016,3.730468505166002,12764.5931178671,92.0,78.501,12.5,22.0329948919966,0.679604530334473,22.8694420683979,26.996000000000002,87.074,15.29974,78.501,8.546910000000015,6.81958437,1.178621,0.199765,0.385166,0.787847,4.019166,6.273744,2.455431,4.78894268723008,Americas
Chile,CL,2011.0,45.1448949545386,3.760932114209,14637.7561550875,94.0,79.11,12.195000000000023,22.8717891996678,0.452553361654282,23.0972883480469,28.768000000000026,87.132,15.312906,79.11,7.491740000000001,6.79947519,1.191403,0.19989,0.389265,0.788093,4.019435,6.274701,2.450119,5.17603699803075,Americas
Chile,CL,2012.0,44.9121110846032,3.806351292719004,15397.7804504673,90.0,79.023,11.700000000000022,21.9147180810935,0.331102102994919,23.323503225147,30.28900000000003,87.189,15.327776,79.023,6.792399999999998,7.01951313,1.202907,0.200063,0.39326,0.7884,4.022345,6.275085,2.445716,5.12573837988386,Americas
Chile,CL,2013.0,44.8159555933352,3.8559024054060047,15842.159166151,91.0,79.339,12.400000000000002,23.7625028118101,0.363742530345917,23.5496589252379,30.201999999999966,87.246,15.344273,79.339,6.360029999999995,7.47552633,1.215019,0.200287,0.398024,0.788787,4.024264,6.275241,2.442651,2.31640011770726,Americas
Chile,CL,2014.0,44.8374447609443,3.8977223899949944,14675.1508630779,95.0,79.473,12.299999999999978,23.0317537681692,0.447516918182373,23.7879580166018,26.996000000000002,87.303,15.36391,79.473,6.760579999999994,7.84150124,1.226406,0.200535,0.402024,0.789183,4.02991,6.274801,2.441051,0.772927820327766,Americas
Chile,CL,2015.0,44.9505954694615,3.9428873088389964,13567.3572174332,96.0,79.746,12.299999999999978,24.2782298076617,0.424871742725372,24.03410209648,25.06899999999997,87.36,15.386472,79.746,6.604340000000005,8.3513937,1.23733,0.200819,0.406375,0.789644,4.036576,6.274265,2.441463,1.10575838093806,Americas
Chile,CL,2016.0,45.0521863331588,3.9825027444309926,13788.2400083224,95.0,80.079,12.299999999999978,24.2218424802596,0.402406215667725,24.3215880419404,24.600999999999953,87.422,15.413155,80.079,6.924700000000002,8.55767059,1.247607,0.201113,0.411006,0.790094,4.046124,6.273138,2.444073,0.550297851444384,Americas
Chile,CL,2017.0,44.9901585338015,3.9825027444309926,15034.0584350711,93.0,80.35,14.0,23.4116041349236,0.406280666589737,24.7044875002017,24.089999999999964,87.49,15.444571,80.35,7.288069999999996,9.090518,1.25715,0.20143,0.416123,0.790591,4.057723,6.272084,2.44947,-0.213266442244986,Americas
China,CN,2001.0,44.7273941272428,10.794616987028999,1053.11231442789,86.0,72.606,21.90100000000004,50.6280489574036,-0.566143751144409,135.473048750848,28.348000000000024,37.093,9.771948,72.606,3.794430000000004,4.25330067,1.108134,0.324378,0.10475,0.319432,3.416193,3.330394,1.168667,7.55165483158112,Asia
China,CN,2002.0,43.2813845882223,11.156163765438999,1148.51425710711,86.0,72.985,22.09899999999996,50.9679256961335,-0.327627182006836,136.383779609948,26.996000000000002,38.425,9.720245,72.985,4.240560000000004,4.38285255,1.093777,0.325157,0.107442,0.320104,3.405828,3.30375,1.164187,8.40487997488042,Asia
China,CN,2003.0,41.8422264034976,11.506904945017984,1288.63749134336,86.0,73.371,21.099999999999962,51.2610436241453,-0.56535792350769,137.235919250104,23.92400000000003,39.776,9.660457,73.371,4.580809999999995,4.41762781,1.078632,0.326012,0.110203,0.320816,3.397331,3.269053,1.15841,9.35477664383941,Asia
China,CN,2004.0,40.4639037516393,11.840593056788,1508.66791560781,87.0,73.748,20.5,51.4496229654785,-0.39068067073822,138.053436689892,20.140000000000022,41.144,9.606605,73.748,4.492050000000006,4.29347467,1.064847,0.326818,0.113182,0.321435,3.390573,3.235555,1.154195,9.46155877008179,Asia
China,CN,2005.0,39.0319887862999,12.183982423078007,1753.41419160544,87.0,74.111,20.79599999999997,51.4758839441727,-0.501756608486176,138.867766063821,17.398000000000028,42.522,9.571094,74.111,4.520099999999996,4.17605019,1.054821,0.327416,0.11611,0.321785,3.383844,3.212888,1.15423,10.741375126566,Asia
China,CN,2006.0,38.0077592231463,12.175525321810019,2099.2194300499,93.0,74.504,20.70200000000003,50.9696705667541,-0.540030121803284,139.645342881819,16.387000000000018,43.868,9.562013,74.504,4.426790000000001,3.94742203,1.046925,0.328007,0.119188,0.321984,3.38322,3.199774,1.162915,12.0933046941309,Asia
China,CN,2007.0,37.513489367054,12.424287189196995,2693.95873160283,93.0,74.762,20.899000000000036,49.8862602874654,-0.500553727149963,140.376588050196,14.857000000000001,45.199,9.57241,74.762,4.3500800000000055,3.67491412,1.040608,0.328819,0.122403,0.322216,3.390858,3.187971,1.179535,13.6358205007554,Asia
China,CN,2008.0,37.2240232164871,12.576153621347018,3468.32706307504,97.0,74.872,20.5,48.6560235019206,-0.49308842420578,141.097705219827,14.133999999999997,46.539,9.590739,74.872,4.591209999999995,3.900002,1.035721,0.32974,0.125854,0.322423,3.401423,3.176508,1.19907,9.09028010137361,Asia
China,CN,2009.0,37.1039604967079,12.770454331790988,3832.2274569094,99.0,75.343,20.5,47.7093306057335,-0.451781332492828,141.801244134798,13.368000000000011,47.88,9.606389,75.343,4.720860000000011,4.34958458,1.033863,0.330649,0.129427,0.322561,3.408947,3.164577,1.216365,8.8559476757714,Asia
China,CN,2010.0,37.1198906844997,13.003699362180987,4550.47394356715,99.0,75.599,20.30099999999997,47.4765519945183,-0.65706068277359,142.487743405,12.25699999999999,49.226,9.607905,75.599,4.525989999999991,4.23068333,1.034345,0.331409,0.132949,0.322564,3.408793,3.151692,1.226153,10.1028326225249,Asia
China,CN,2011.0,37.2742674248777,13.195575659582023,5614.38602225277,99.0,75.903,20.70200000000003,51.34994369566,-0.602054834365845,143.268509836432,11.30699999999998,50.511,9.59832,75.903,4.550810000000002,4.34274387,1.037749,0.332101,0.136489,0.32247,3.402178,3.137424,1.229909,8.95381604174548,Asia
China,CN,2012.0,37.6567322848111,12.117945749386015,6300.58217951734,99.0,76.192,20.30099999999997,48.1207251131123,-0.538782060146332,144.243669001474,11.493,51.765,9.586911,76.192,4.580809999999995,4.56584787,1.044064,0.332898,0.140075,0.322355,3.393032,3.121833,1.232654,7.13452377743971,Asia
China,CN,2013.0,38.2125459020843,12.355095928885996,7020.3860742288,99.0,76.452,19.596999999999966,58.4662215596184,-0.543789923191071,145.207643927049,11.493,53.013,9.573446,76.452,4.598900000000004,4.71490669,1.052718,0.333801,0.143961,0.322233,3.38155,3.10498,1.234203,7.05073413400802,Asia
China,CN,2014.0,38.8773959996461,12.805641725344985,7636.07434020616,99.0,76.717,18.79999999999997,54.5688342973092,-0.522584021091461,146.125816729087,11.898,54.259,9.557391,76.717,4.629489999999996,4.77790594,1.064056,0.334796,0.147676,0.322124,3.367462,3.087059,1.234218,6.75076031581014,Asia
China,CN,2015.0,39.6192177194909,13.264465332800993,8016.44559489998,99.0,76.977,18.297999999999973,50.832537964484,-0.552559673786163,146.977949259981,12.19700000000002,55.5,9.53966,76.977,4.650199999999997,4.93827963,1.078275,0.335852,0.151513,0.32202,3.351279,3.068531,1.23219,6.42073647731185,Asia
China,CN,2016.0,40.4578974621014,15.964426512582019,8094.39016735149,99.0,77.218,18.0,46.8324682508133,-0.502221345901489,147.822641376791,12.618999999999994,56.736,9.519363,77.218,4.5592000000000015,4.97955608,1.094714,0.336981,0.155511,0.321949,3.332592,3.049823,1.227793,6.23821544767785,Asia
China,CN,2017.0,41.5448916778932,16.54020406986631,8817.04560829162,99.0,77.248,17.79799999999997,45.8369336166997,-0.232558473944664,148.720043543977,13.116999999999996,57.96,9.496789,77.248,4.469320000000009,5.06592178,1.113943,0.338174,0.159588,0.321906,3.311306,3.030969,1.220903,6.30186310056631,Asia
Colombia,CO,2001.0,58.4084879349835,30.935162287989023,2465.00701162874,80.0,71.502,19.985000000000003,24.8245779055363,0.613005876541138,35.9061514195584,27.053999999999977,74.379,8.863223,71.502,15.04831999999998,5.94238281,0.958026,0.199473,0.21726,0.752258,2.405436,2.713044,1.617726,0.0884838526056058,Americas
Colombia,CO,2002.0,57.4350777637802,30.019767077407955,2421.1621037421,81.0,71.939,19.0,23.929353614622,-1.95671439170837,36.4615141955836,28.610999999999947,74.797,8.888401,71.939,14.48266,5.73296595,0.975615,0.199642,0.218515,0.752865,2.412206,2.715981,1.613577,0.942693273744325,Americas
Colombia,CO,2003.0,56.4397817904128,29.359526949209975,2305.17050697714,92.0,72.361,17.20000000000003,22.8825675533076,-2.37602686882019,37.0055763857593,30.596999999999948,75.211,8.916575,72.361,13.221249999999998,5.77505445,0.996259,0.199855,0.219406,0.753559,2.420838,2.719058,1.6076,2.39044804171908,Americas
Colombia,CO,2004.0,55.4201728777117,28.70843547734899,2811.45945051653,89.0,72.695,17.499000000000002,21.8887421322682,-2.27122640609741,37.537871113114,28.999000000000002,75.62,8.942867,72.695,13.717370000000003,5.79892111,1.016965,0.2001,0.220617,0.754305,2.425944,2.721999,1.602937,3.83937816611186,Americas
Colombia,CO,2005.0,54.3848638924084,28.104646332880023,3448.53832259071,93.0,73.081,16.899000000000026,21.1523997621787,-2.05794286727905,38.0540243352862,28.90400000000005,76.024,8.967481,73.081,11.064340000000001,6.06710529,1.033644,0.200364,0.221817,0.755098,2.429338,2.724836,1.602384,3.40689564758681,Americas
Colombia,CO,2006.0,53.3334162622954,27.502982492822984,3782.60349611154,93.0,73.468,17.39600000000003,20.6003919283618,-1.90479671955109,38.5515187021181,30.596999999999948,76.423,8.965401,73.468,11.090539999999999,6.33546638,1.049039,0.200737,0.22324,0.75622,2.410619,2.707042,1.618504,5.33972344422868,Americas
Colombia,CO,2007.0,52.2801185128903,27.062341063087047,4762.08306918129,94.0,73.837,17.888000000000023,20.0641639163964,-1.80652725696564,39.0325209553853,31.005,76.816,8.932778,73.837,11.200639999999995,6.49102163,1.067933,0.201283,0.225744,0.757862,2.365835,2.66042,1.653701,5.42284761879293,Americas
Colombia,CO,2008.0,51.2598998318978,26.637669992167986,5534.68944688198,92.0,74.295,18.0,19.6051288373421,-1.85346233844757,39.4910437133844,30.79600000000003,77.204,8.88407,74.295,11.275240000000004,6.84192228,1.086935,0.201928,0.228528,0.759763,2.308239,2.603089,1.695588,2.08424236302407,Americas
Colombia,CO,2009.0,50.2808640395852,23.414272538453996,5245.95158468149,92.0,74.742,17.70000000000003,19.284699802258,-1.83234584331512,39.9404389364579,31.39700000000006,77.587,8.838576,74.742,12.049380000000012,7.3113451,1.101678,0.202567,0.231591,0.761556,2.256667,2.553084,1.731433,0.0016622794089613,Americas
Colombia,CO,2010.0,49.3604454860517,21.080171505420026,6392.75802564031,88.0,75.033,16.200000000000028,19.1642899222037,-1.53718483448029,40.3930671473637,30.596999999999948,77.964,8.817781,75.033,11.158800000000015,7.07130146,1.110995,0.203094,0.235014,0.762864,2.228705,2.528589,1.74852,3.32373450571197,Americas
Colombia,CO,2011.0,48.5179735375246,19.292020044389982,7392.94359822972,85.0,75.32,15.799999999999972,20.5518377125816,-1.28465557098389,40.8372230734565,29.590999999999955,78.335,8.810625,75.32,10.287079999999994,6.78076792,1.110854,0.203551,0.237897,0.763774,2.219333,2.523272,1.751944,5.78469976561988,Americas
Colombia,CO,2012.0,47.7617996398327,17.89457527187198,8096.80150827421,91.0,75.597,16.70000000000003,18.1430860286647,-1.40181040763855,41.2640081117621,29.590999999999955,78.701,8.805523,75.597,9.955899999999989,6.74601603,1.11095,0.204063,0.241137,0.764691,2.210586,2.518935,1.755161,2.83788902621922,Americas
Colombia,CO,2013.0,47.0817830710645,16.70801536285601,8263.64192942212,91.0,75.827,16.70000000000003,18.9282488611578,-1.29197180271149,41.6745651194232,32.004,79.061,8.80318,75.827,9.248889999999996,7.01724052,1.110399,0.204627,0.244727,0.765611,2.204213,2.515703,1.7579,4.09826590865887,Americas
Colombia,CO,2014.0,46.4931564948045,15.770338160875987,8167.47284156277,90.0,76.043,16.899000000000026,18.33821147907,-1.11459410190582,42.0711554754394,32.09199999999995,79.415,8.797631,76.043,8.80533999999999,7.18553209,1.105643,0.205234,0.248564,0.766514,2.198192,2.513603,1.759881,3.51395347912819,Americas
Colombia,CO,2015.0,45.996545265542,14.971698423060996,6228.65162110371,91.0,76.257,18.0,17.6079787372288,-1.0726637840271,42.4693357368184,31.078999999999954,79.764,8.791594,76.257,8.567060000000005,7.52338552,1.098011,0.205874,0.252133,0.767383,2.194632,2.512714,1.760847,1.9906164936335,Americas
Colombia,CO,2016.0,45.5338178822197,12.458463809819008,5936.26102166829,91.0,76.471,18.59199999999997,17.312215487627,-0.887163996696472,42.9256016223524,30.5,80.108,8.785825,76.471,8.919680000000008,7.53117037,1.087434,0.206535,0.256028,0.768184,2.194091,2.513075,1.760478,1.0022727252119,Americas
Colombia,CO,2017.0,44.9916155162832,12.851491021938013,6449.97098770131,92.0,76.646,17.20000000000003,17.2528522521135,-0.779457688331604,43.5796944569626,32.20799999999996,80.446,8.781376,76.646,9.084260000000011,7.67864323,1.075526,0.207211,0.260257,0.768913,2.196154,2.514803,1.758512,-0.161953874918439,Americas
Costa Rica,CR,2001.0,56.663577114224,18.70733382320201,3941.59864349203,91.0,77.545,17.29999999999997,21.2503622180599,-1.00055825710297,79.3815511163337,32.09199999999995,60.41,9.12323,77.545,6.053900000000001,6.47409868,0.721527,0.208179,0.247494,0.828322,2.822984,2.869182,1.425542,1.6009828013412,Americas
Costa Rica,CR,2002.0,55.3041421741102,18.70733382320201,4021.42536130228,94.0,77.983,17.0,21.0286242452936,1.06869447231293,80.7407559733647,32.5,61.753,9.14304,77.983,6.395859999999998,6.8690877,0.725505,0.208441,0.249178,0.829303,2.830938,2.873215,1.42646,1.6759375167196,Americas
Costa Rica,CR,2003.0,53.9831275499288,18.70733382320201,4123.5064871039,88.0,78.072,15.399000000000022,20.7436900349618,0.595756590366364,82.033098315707,33.29900000000005,63.08,9.166024,78.072,6.654839999999998,6.9691925,0.730521,0.208749,0.251286,0.830478,2.839734,2.878039,1.427217,2.67377602698802,Americas
Costa Rica,CR,2004.0,52.7261992874357,18.70733382320201,4376.08042847261,90.0,78.331,15.399000000000022,20.4200904256551,0.631576538085938,83.2902467685076,39.20399999999997,64.388,9.189066,78.331,6.445170000000004,6.63006067,0.735855,0.209071,0.253327,0.83172,2.847832,2.883204,1.428057,2.84845798619627,Americas
Costa Rica,CR,2005.0,51.5476276170829,18.70733382320201,4643.45856992587,91.0,78.505,14.5,20.0823562559639,0.708228170871735,84.5257931844888,41.664999999999935,65.672,9.207572,78.505,6.749400000000004,6.6642971,0.739405,0.209372,0.255758,0.832882,2.852831,2.888145,1.429179,2.45679896896107,Americas
Costa Rica,CR,2006.0,50.4760189555216,18.70733382320201,5188.361792249,89.0,78.514,16.399000000000022,19.6090845399907,0.736050128936768,85.7456325891109,42.43200000000004,66.935,9.228235,78.514,5.925149999999995,6.93530846,0.742178,0.209724,0.258018,0.834119,2.859133,2.893424,1.431639,5.79983828152986,Americas
Costa Rica,CR,2007.0,49.5374631757236,18.70733382320201,6055.08677887203,89.0,78.462,16.099999999999977,18.967324345694,0.582772672176361,86.9568938503721,41.20999999999995,68.174,9.252056,78.462,4.557070000000002,6.99642611,0.745167,0.210183,0.260834,0.835588,2.865004,2.899578,1.435702,6.70775526645618,Americas
Costa Rica,CR,2008.0,48.736264698371,18.70733382320201,6841.9114600079,90.0,78.445,16.797999999999973,18.3142845924477,0.359765231609344,88.169232275754,40.71099999999994,69.39,9.276866,78.445,4.9344600000000085,7.46854782,0.748524,0.210683,0.263408,0.837125,2.870763,2.905984,1.440379,3.29801133330045,Americas
Costa Rica,CR,2009.0,48.0419774851338,18.70733382320201,6737.8607505315,86.0,78.672,15.900000000000023,17.8071741996257,0.587060391902924,89.3679396788093,40.71099999999994,70.575,9.30176,78.672,7.826079999999994,7.86019135,0.752342,0.211143,0.266174,0.83851,2.877157,2.911825,1.444609,-2.20305716727071,Americas
Costa Rica,CR,2010.0,47.4197998044928,18.70733382320201,8147.24398493375,88.0,78.67,14.0,17.6032020866019,0.691537201404572,90.5258911084998,40.39100000000007,71.736,9.320969,78.67,7.172120000000002,8.02937794,0.755353,0.21148,0.268952,0.839513,2.882125,2.916324,1.447222,4.01263887146661,Americas
Costa Rica,CR,2011.0,46.8955888566006,18.70733382320201,9137.4551007756,85.0,79.348,13.299999999999976,19.4251836697019,0.508276045322418,91.6554249902076,38.033999999999985,72.868,9.335285,79.348,9.521660000000015,8.12197781,0.75804,0.211746,0.27126,0.840234,2.885282,2.919845,1.448878,3.11652611610467,Americas
Costa Rica,CR,2012.0,46.4691168517041,24.760729823519988,9971.65165576585,91.0,79.283,14.900000000000018,17.9369232929949,0.638402462005615,92.7652369761065,38.09599999999994,73.946,9.351958,79.283,9.10479000000001,7.78642321,0.7607,0.212048,0.274112,0.840921,2.889929,2.92315,1.451098,3.62781247373715,Americas
Costa Rica,CR,2013.0,46.123181135346,24.142613724862976,10633.2665504623,95.0,79.403,13.599999999999989,18.4901589297792,0.677918016910553,93.8412651782217,37.772000000000055,74.97,9.366775,79.403,8.219159999999997,7.68229342,0.764173,0.212385,0.276925,0.841595,2.891387,2.926328,1.453982,1.31951278902569,Americas
Costa Rica,CR,2014.0,45.8323148153723,23.02960160451198,10737.6788811529,91.0,78.774,14.200000000000024,17.5539609994868,0.577418208122253,94.8744222483353,37.59899999999994,75.941,9.384578,78.774,8.494440000000008,7.66376162,0.76724,0.212742,0.280282,0.842209,2.895363,2.92924,1.457502,2.41456400701435,Americas
Costa Rica,CR,2015.0,45.5564502269023,20.396936654183992,11529.9551730192,92.0,79.086,16.495,17.6636155108417,0.669974029064178,95.8723462593028,38.28000000000003,76.862,9.403601,79.086,8.415449999999996,7.59196234,0.771107,0.213118,0.283687,0.842788,2.899138,2.932009,1.461754,2.57317861070491,Americas
Costa Rica,CR,2016.0,45.3324653913013,19.033722245786965,11899.8139833748,97.0,79.459,16.598999999999975,16.8973562895418,0.648553013801575,96.8508617312965,34.08999999999995,77.735,9.421313,79.459,8.084180000000005,7.31724358,0.775519,0.213501,0.286636,0.843299,2.901079,2.93454,1.466739,3.15151339047799,Americas
Costa Rica,CR,2017.0,45.2233978173925,8.584899719528982,12118.1336248174,96.0,79.377,14.700000000000028,17.165875341513,0.597006142139435,97.8034077555817,33.29900000000005,78.56,9.440152,79.377,7.726309999999999,7.04522991,0.778956,0.21389,0.289342,0.843753,2.904788,2.936829,1.472594,3.14326598585389,Americas
Cuba,CU,2001.0,44.9645778460348,33.18323146055603,2844.24443674985,98.0,76.421,14.200000000000024,21.206308539373,-0.0510276891291142,103.716266294227,33.996,75.555,12.077165,76.421,4.078939999999996,6.9820981,0.755037,0.199859,0.214536,0.938815,3.725637,4.604783,1.638498,2.87622867106792,Americas
Cuba,CU,2002.0,44.7829322311389,33.04822627394599,3007.19307369322,99.0,76.612,13.299999999999976,20.7560611503545,0.263644099235535,104.991549957703,34.80000000000006,75.785,12.031342,76.612,3.308450000000002,7.11481619,0.756573,0.20005,0.216168,0.939243,3.667606,4.606656,1.645046,1.144029242407,Americas
Cuba,CU,2003.0,44.5197691703069,32.877443014815995,3205.68839767994,72.0,76.773,11.499,20.1976249122847,0.316652774810791,105.25579887218,33.59099999999996,75.947,11.986804,76.773,2.3334000000000024,7.10295439,0.756712,0.200304,0.219003,0.939769,3.610515,4.609031,1.65147,3.52243390954436,Americas
Cuba,CU,2004.0,44.1528573558474,32.73757201192996,3403.29616311163,88.0,76.912,11.399999999999995,19.681946337527,0.355422109365463,105.490968893901,33.80000000000004,76.041,11.949585,76.912,1.8516400000000004,6.83178711,0.758236,0.200574,0.22205,0.94028,3.559469,4.611342,1.657634,5.52482706066367,Americas
Cuba,CU,2005.0,43.7777259288853,32.542917289476996,3791.87300608904,89.0,77.047,11.605000000000004,19.3599719384448,0.424785822629929,105.65683953401,26.277,76.134,11.917062,77.047,1.946919999999998,8.75525475,0.759239,0.200802,0.225154,0.940621,3.515118,4.612845,1.663283,10.9957882455721,Americas
Cuba,CU,2006.0,43.4571412046208,32.39687046150097,4336.87332999361,89.0,77.179,9.694000000000017,19.1954916262929,0.474477261304855,105.803157004604,22.01599999999999,76.227,11.888981,77.179,1.913170000000001,8.2719059,0.758903,0.201125,0.228698,0.940841,3.474393,4.613763,1.671258,11.9213996513492,Americas
Cuba,CU,2007.0,43.2833684213738,34.43257331912003,4814.85487568512,93.0,77.307,8.600000000000016,19.0582324966618,0.45094159245491,105.880186020293,18.604999999999972,76.32,11.869665,77.307,1.78517,10.9674921,0.759317,0.201655,0.232986,0.941165,3.436416,4.615156,1.68297,7.1740326579004,Americas
Cuba,CU,2008.0,43.3002436455257,29.66368318965501,4992.82449445836,95.0,77.429,9.200000000000015,18.9580468384187,0.524226605892181,105.943338970312,18.707000000000022,76.413,11.85541,77.429,1.5833399999999997,11.31422806,0.759724,0.202254,0.238319,0.941506,3.401267,4.616636,1.695704,4.05476387695902,Americas
Cuba,CU,2009.0,43.4543646384114,28.061332501463966,5094.43756186586,96.0,77.548,8.803999999999986,18.9047869404309,0.356679856777191,106.005120255543,18.987000000000002,76.505,11.847254,77.548,1.6623199999999985,12.29053974,0.7604,0.202795,0.242274,0.941828,3.375126,4.618013,1.706818,1.39217817327636,Americas
Cuba,CU,2010.0,43.6885202193097,28.232974161531953,5275.53260105122,96.0,77.661,8.300999999999986,18.9083050915655,0.349292427301407,106.073064637354,15.602999999999984,76.597,11.844477,77.661,2.50252,10.6880827,0.761991,0.20315,0.246361,0.942086,3.35815,4.619098,1.713641,2.32476685109735,Americas
Cuba,CU,2011.0,43.9604132466856,26.849066384537988,6106.0067919258,97.0,77.76,7.898999999999986,19.6720738913487,0.280382126569748,105.730795504524,19.208000000000023,76.689,11.843563,77.76,3.1800200000000043,11.31298637,0.762393,0.203372,0.24934,0.942297,3.348778,4.6199,1.717483,2.72684625087871,Americas
Cuba,CU,2012.0,44.2052193325672,25.556404555695984,6467.33791422804,99.0,77.833,8.300999999999986,19.6276365485068,0.307248294353485,106.04215698225,19.39900000000003,76.781,11.845013,77.833,3.4625400000000006,9.29940987,0.76418,0.203594,0.25221,0.942497,3.340647,4.620629,1.721256,2.91852839958906,Americas
Cuba,CU,2013.0,44.3822601905376,24.428797241000026,6814.24384354868,99.0,77.87,7.999,19.9113493948996,0.370564639568329,108.631539052005,18.20700000000002,76.827,11.847475,77.87,3.2898800000000006,10.43099499,0.766544,0.20381,0.254452,0.942693,3.333781,4.621388,1.724807,2.63607524929792,Americas
Cuba,CU,2014.0,44.4838335813217,24.428797241000026,7117.53573456326,99.0,77.853,8.5,20.762060268269,0.544822037220001,108.940838300327,23.201000000000008,76.861,11.849783,77.853,2.701949999999995,12.1412344,0.76921,0.204009,0.257502,0.942852,3.326268,4.621936,1.728006,0.954420824338413,Americas
Cuba,CU,2015.0,44.5823812354285,24.428797241000026,7683.74025365669,99.0,77.772,8.998,21.4005165459257,0.634750008583069,108.93269932757,21.09299999999998,76.896,11.854115,77.772,2.4003800000000033,12.81401348,0.771342,0.204195,0.259617,0.943018,3.322598,4.622527,1.730818,4.36587075905668,Americas
Cuba,CU,2016.0,44.6983459856011,24.428797241000026,8055.92586780018,99.0,77.643,8.600000000000016,19.7476038869862,0.6731316447258,109.015878508266,19.208000000000023,76.93,11.858443,77.643,2.000749999999999,12.2177515,0.774737,0.20436,0.261384,0.943172,3.318622,4.623063,1.733105,0.494073392258642,Americas
Cuba,CU,2017.0,44.8379191921257,24.428797241000026,8543.33006731328,99.0,77.529,8.700000000000015,20.1327865141339,0.638509929180145,109.213921001927,22.01599999999999,76.977,11.866497,77.529,1.7019399999999991,11.47197342,0.778,0.204501,0.263159,0.943329,3.319131,4.623594,1.734783,1.8601470216456,Americas
Djibouti,DJ,2001.0,72.9299528530991,84.21052631580001,747.779122941073,53.0,56.903,27.59999999999995,42.4652585898573,1.34201574325562,33.0237273511648,31.69899999999996,76.578,10.141505,56.903,26.753280000000018,3.19861364,0.509978,0.171342,0.122863,0.649442,3.586348,3.503694,1.597838,2.4317598360556225,Africa
Djibouti,DJ,2002.0,71.7536467198022,84.21052631580001,749.081632535869,62.0,57.215,27.40000000000005,41.3895884356727,-0.313102960586548,34.0435289042278,32.406000000000056,76.624,10.138358,57.215,26.74586999999999,3.7554152,0.509449,0.171375,0.122844,0.649858,3.589213,3.502683,1.592936,2.4317598360556225,Africa
Djibouti,DJ,2003.0,71.3418818854976,84.21052631580001,771.374231644966,68.0,57.595,27.800000000000026,40.1033908297196,-0.91280323266983,34.7890854184642,32.91500000000005,76.67,10.135549,57.595,26.63514999999998,4.27386999,0.509636,0.17143,0.122677,0.650289,3.592529,3.501611,1.587377,2.4317598360556225,Africa
Djibouti,DJ,2004.0,71.3787608136153,84.21052631580001,813.897943575246,64.0,57.759,27.59999999999995,39.0211452137423,-0.344115853309631,35.3051337359793,33.59099999999996,76.716,10.133347,57.759,26.602639999999997,3.53825521,0.509808,0.171507,0.122681,0.650727,3.594789,3.501462,1.582373,2.4317598360556225,Africa
Djibouti,DJ,2005.0,71.1583861039812,84.21052631580001,852.890188282475,71.0,58.316,28.09999999999995,38.5573310294856,-0.812229692935944,35.8438740293356,33.09899999999994,76.761,10.133665,58.316,26.60405000000001,3.80623102,0.509991,0.171598,0.122933,0.651133,3.595727,3.503002,1.579281,2.4317598360556225,Africa
Djibouti,DJ,2006.0,70.3976726312867,84.21052631580001,907.817943782596,72.0,58.715,27.897000000000048,38.6480584553947,-0.262578547000885,36.5378343399482,32.998,76.807,10.134079,58.715,26.525349999999985,4.22306824,0.510123,0.171714,0.123502,0.6515,3.592573,3.50549,1.579177,2.4317598360556225,Africa
Djibouti,DJ,2007.0,69.3140900195695,84.21052631580001,980.031032399576,88.0,59.024,27.699999999999974,38.9566227288879,-0.123644053936005,37.3251078515962,32.5,76.853,10.131472,59.024,26.428339999999967,4.05582809,0.510112,0.171879,0.124243,0.651912,3.583663,3.508438,1.581225,2.4317598360556225,Africa
Djibouti,DJ,2008.0,68.2080407256543,84.21052631580001,1131.63572564038,89.0,59.365,27.40000000000005,39.4882808801691,0.268389225006104,38.088265746333,33.09899999999994,76.899,10.131243,59.365,26.278529999999982,3.61543369,0.511281,0.172076,0.124666,0.652348,3.574834,3.511799,1.584239,2.4317598360556225,Africa
Djibouti,DJ,2009.0,67.1282420321681,84.21052631580001,1164.25168346453,89.0,59.673,27.897000000000048,40.2482899394421,0.494239002466202,38.8741587575496,34.40300000000005,76.944,10.132184,59.673,26.436859999999992,3.64194465,0.512072,0.17228,0.125515,0.652763,3.567233,3.515414,1.586907,2.4317598360556225,Africa
Djibouti,DJ,2010.0,66.1573362737478,84.21052631580001,1227.82085311429,88.0,60.259,28.198999999999973,41.241906936911,0.253481268882751,39.6548317515099,32.5,76.999,10.137246,60.259,26.458840000000013,3.35966682,0.512622,0.172478,0.126498,0.653146,3.565219,3.519268,1.588015,2.4317598360556225,Africa
Djibouti,DJ,2011.0,65.2221071920508,84.21052631580001,1322.72625083956,87.0,60.433,25.206999999999994,44.8504343538823,0.177703246474266,40.4146246764452,32.004,77.064,10.145807,60.433,26.407429999999955,3.37655354,0.513341,0.172702,0.127398,0.653534,3.567165,3.523542,1.588125,2.4317598360556225,Africa
Djibouti,DJ,2012.0,64.3387424249469,84.21052631580001,1418.46085811933,81.0,60.848,23.59799999999996,49.9458902567221,0.160619214177132,41.1689818809318,32.28700000000003,77.138,10.159549,60.848,26.243609999999972,3.299927,0.515127,0.173005,0.128609,0.654014,3.571264,3.528999,1.588531,2.4317598360556225,Africa
Djibouti,DJ,2013.0,63.4507606084868,84.21052631580001,2102.19794830208,82.0,61.221,23.799999999999997,47.8759603560518,-0.102187521755695,41.922044866264,29.900000000000045,77.222,10.175815,61.221,26.21718999999998,2.92013574,0.51645,0.173376,0.130042,0.654567,3.576704,3.535494,1.589182,2.4317598360556225,Africa
Djibouti,DJ,2014.0,62.4674149256477,84.21052631580001,2239.11453821208,78.0,61.641,23.799999999999997,42.8427623405981,-0.770232260227203,42.6698446937015,29.373000000000044,77.314,10.192226,61.641,26.219230000000017,2.96726322,0.518586,0.173816,0.131505,0.655219,3.579989,3.543055,1.590056,5.18526260113907,Africa
Djibouti,DJ,2015.0,61.3639279276968,84.21052631580001,2409.31190224284,84.0,61.957,23.899000000000044,45.1648934739259,-0.447671920061111,43.4106557377049,24.775,77.417,10.214202,61.957,26.08502999999998,3.3475771,0.520697,0.174312,0.132901,0.65594,3.587848,3.55146,1.591044,5.69115554959427,Africa
Djibouti,DJ,2016.0,60.1470222286216,84.21052631580001,2545.73879850905,68.0,62.191,23.799999999999997,44.0959715411584,-0.628553986549377,44.1441328731665,23.64299999999997,77.528,10.24082,62.191,26.040959999999977,2.7416594,0.524045,0.174859,0.134822,0.656732,3.597955,3.560601,1.591806,5.34352222970122,Africa
Djibouti,DJ,2017.0,58.8623736641,84.21052631580001,2655.73321960188,76.0,62.797,23.704000000000004,44.0854038430172,-0.73394501209259,44.8763157894737,23.26499999999999,77.648,10.268326,62.797,26.073249999999984,2.46857476,0.52675,0.175444,0.13666,0.657575,3.60901,3.57065,1.592237,3.73748206795388,Africa
Dominica,DM,2001.0,65.1353250466429,18.70733382320201,4991.76417331157,99.0,71.713,14.556000000000006,19.8322284401784,-0.784407138824463,90.8706666666667,9.399999999999984,65.382,11.319201,71.713,4.770379999999999,4.64501858,0.913512,0.197894,0.252009,0.88538,2.588871,4.538923,1.942612,0.219160830918042,Americas
Dominica,DM,2002.0,63.6742914688534,18.70733382320201,4881.13879312496,98.0,72.34,14.556000000000006,19.4522425816776,0.547456383705139,91.016,13.621999999999987,65.689,11.335825,72.34,4.770379999999999,4.6531105,0.911019,0.197907,0.25287,0.885727,2.590827,4.539014,1.958461,-2.98316205987,Americas
Dominica,DM,2003.0,62.2040526128688,18.70733382320201,5016.08823691755,99.0,71.438,14.556000000000006,19.005845655251,0.672486364841461,91.256,10.638000000000012,65.994,11.356924,71.438,4.770379999999999,4.84617901,0.908074,0.197922,0.253943,0.886113,2.596064,4.539635,1.975173,6.07343219369756,Americas
Dominica,DM,2004.0,60.8208255159475,18.70733382320201,5354.79919503019,99.0,72.401,14.556000000000006,18.6143081909513,0.94515073299408,91.432,11.398999999999996,66.299,11.374594,72.401,4.770379999999999,4.74520159,0.905779,0.19795,0.255027,0.886453,2.599862,4.540237,1.989286,2.85232515453862,Americas
Dominica,DM,2005.0,59.4534351854002,18.70733382320201,5304.12609656574,98.0,72.254,14.556000000000006,18.3989007188307,0.829529404640198,91.5653333333333,9.987999999999998,66.601,11.385864,72.254,4.770379999999999,4.97772503,0.90387,0.19801,0.256385,0.886713,2.602931,4.540589,1.997366,0.50929171490175,Americas
Dominica,DM,2006.0,58.1148219707425,18.70733382320201,5677.05117470908,95.0,72.848,14.556000000000006,18.3605921501588,0.909698367118835,91.656,9.799999999999983,66.903,11.39107,72.848,4.770379999999999,4.78092194,0.903301,0.198168,0.25848,0.886946,2.60262,4.5409,2.000655,4.55592572328571,Americas
Dominica,DM,2007.0,56.7449916812909,18.70733382320201,6126.84949580624,96.0,71.93,14.556000000000006,18.3896757586464,0.787364065647125,91.7,7.81099999999999,67.203,11.393277,71.93,4.770379999999999,4.79109955,0.900705,0.198438,0.261372,0.887244,2.600688,4.541596,2.003234,6.3019415693594,Americas
Dominica,DM,2008.0,55.4044283777677,18.70733382320201,6661.46504737997,96.0,73.305,14.556000000000006,18.4414086180074,0.911906003952026,91.7093333333333,8.0,67.502,11.395879,73.305,4.770379999999999,5.04968786,0.898318,0.198746,0.26434,0.887533,2.599014,4.542254,2.005674,7.11015618869033,Americas
Dominica,DM,2009.0,54.2620708214662,18.70733382320201,7109.9782527814,99.0,72.17,14.556000000000006,18.4710478019561,0.665553092956543,91.716,7.478999999999997,67.799,11.398924,72.17,4.770379999999999,4.98329306,0.895662,0.199015,0.267249,0.887753,2.598156,4.542583,2.008506,-1.17677444321936,Americas
Dominica,DM,2010.0,53.3238186562005,95.0,7182.40020254419,98.0,71.55,14.556000000000006,18.4338503842066,0.903117775917053,91.6733333333333,10.283999999999985,68.094,11.403003,71.55,4.770379999999999,5.15711927,0.894004,0.199179,0.268947,0.887885,2.598066,4.542607,2.012315,0.719489528083983,Americas
Dominica,DM,2011.0,52.0593700230048,95.0,7288.49794777466,98.0,69.695,14.556000000000006,18.0656281510706,1.13915860652924,91.656,13.791999999999975,68.389,11.409964,69.695,4.770379999999999,5.33450365,0.892947,0.199261,0.270337,0.887919,2.599114,4.542232,2.018154,-0.204681673061273,Americas
Dominica,DM,2012.0,50.4181496604581,95.0,7054.87597689432,97.0,70.538,14.556000000000006,18.6039506649296,0.98058545589447,91.8506666666667,11.30699999999998,68.685,11.42214,70.538,4.770379999999999,5.79509926,0.892418,0.199355,0.272025,0.887971,2.601618,4.542037,2.026716,-1.26869403565924,Americas
Dominica,DM,2013.0,49.1773784492663,95.0,7240.67911908479,96.0,68.896,15.299999999999972,19.0541863206737,1.11985623836517,91.7586666666667,11.398999999999996,68.982,11.438143,68.896,4.770379999999999,5.34749842,0.892377,0.19946,0.273001,0.888062,2.605361,4.542108,2.037774,-0.900680192975955,Americas
Dominica,DM,2014.0,47.3032658088079,95.0,7502.12090974081,97.0,69.434,14.556000000000006,19.2837003253437,1.05717813968658,92.4946666666667,9.897999999999985,69.28,11.457753,69.434,4.770379999999999,5.26141691,0.892872,0.199573,0.274203,0.888184,2.609485,4.542434,2.051002,3.92023812114483,Americas
Dominica,DM,2015.0,45.4660682375431,95.0,7724.04241057376,98.0,68.727,14.556000000000006,21.0213905070044,1.05443203449249,93.3426666666667,8.699000000000014,69.579,11.48147,68.727,4.770379999999999,5.15941811,0.893748,0.199683,0.275548,0.888325,2.615136,4.543011,2.066019,-3.61516846835069,Americas
Dominica,DM,2016.0,44.3901835939915,95.0,8223.04145029796,99.0,70.128,10.86099999999999,21.0269310891431,0.977663099765778,93.4333333333333,10.690000000000015,69.88,11.506979,70.128,4.770379999999999,5.12308073,0.894373,0.199792,0.276527,0.888495,2.621363,4.543791,2.082638,2.66392728155824,Americas
Dominica,DM,2017.0,43.2994097292896,95.0,7408.09130082314,91.0,67.525,14.556000000000006,20.1703226562748,1.1727751493454,93.8706666666667,9.671000000000015,70.181,11.536655,67.525,4.770379999999999,5.46245432,0.89565,0.199904,0.277127,0.888732,2.629649,4.544904,2.100689,-7.05404668684338,Americas
Ecuador,EC,2001.0,66.5735604192115,10.379483739343993,1800.398364535,89.0,73.24,14.799999999999972,43.1110715739064,-0.244855865836143,51.721376228056,17.099999999999973,60.799,11.016182,73.24,4.251140000000004,3.75668859,0.622785,0.196195,0.307779,0.868227,2.919484,4.239415,1.862297,2.42957222618485,Americas
Ecuador,EC,2002.0,65.6548797790695,11.088057377310003,2069.8497675204,88.0,73.613,14.996999999999998,43.0813974104958,-0.759720921516418,52.627673538412,17.099999999999973,61.118,11.037866,73.613,4.825109999999993,4.47671938,0.631823,0.196659,0.309892,0.870008,2.929883,4.248388,1.851213,3.12113645089791,Americas
Ecuador,EC,2003.0,64.7147190470677,11.74158633192501,2328.0038829626,87.0,73.975,15.099999999999982,43.0473470554907,-0.961056590080261,53.5560637783862,16.593999999999976,61.316,11.0651,73.975,5.661650000000002,5.44398975,0.64111,0.197281,0.312814,0.872331,2.941199,4.259853,1.840512,1.10100547686953,Americas
Ecuador,EC,2004.0,63.7804939143466,12.392700988267993,2600.36980794325,88.0,74.279,13.800999999999977,42.9326149031908,-0.842910349369049,54.4958648735706,16.673000000000012,61.514,11.09096,74.279,5.001950000000003,5.56991434,0.64922,0.197912,0.31531,0.874652,2.951141,4.271232,1.831493,4.99003365172992,Americas
Ecuador,EC,2005.0,62.8653008150236,13.036902601299978,2925.11357288578,92.0,74.514,17.20000000000003,42.6608953478956,-0.793961822986603,55.4437590594299,16.19500000000002,61.711,11.10888,74.514,3.778889999999998,5.59754324,0.654036,0.198344,0.318205,0.876152,2.958563,4.278635,1.824945,3.59667496915044,Americas
Ecuador,EC,2006.0,61.9704160456036,13.036902601299978,3261.51495806892,96.0,74.689,18.499000000000002,40.6649998941415,-0.853825330734253,56.406269125463,14.19700000000002,61.907,11.11493,74.689,3.550200000000002,5.70635176,0.656915,0.198666,0.320662,0.876924,2.9588,4.282379,1.820584,2.56066695246204,Americas
Ecuador,EC,2007.0,61.114217420343,13.036902601299978,3497.70573403355,96.0,74.844,19.099999999999966,36.2866971643751,-0.815987229347229,57.3837775809309,15.870000000000005,62.104,11.121655,74.844,3.142109999999999,5.43095398,0.659436,0.199071,0.323504,0.87761,2.959376,4.285642,1.817016,0.166563692576105,Americas
Ecuador,EC,2008.0,60.310148138294,13.036902601299978,4217.44458448304,96.0,74.983,19.89600000000003,30.8131172297608,-0.728682398796082,58.3700958286359,15.308999999999978,62.3,11.126549,74.983,3.913389999999992,5.46596193,0.661045,0.199501,0.327217,0.878213,2.958661,4.288498,1.813414,4.76422249352559,Americas
Ecuador,EC,2009.0,59.5526221947573,13.036902601299978,4076.23494804164,94.0,75.184,22.997000000000003,25.5313901614633,-0.673675775527954,59.3604686745048,12.878,62.495,11.131172,75.184,4.604580000000003,5.79984474,0.662893,0.19991,0.330934,0.87876,2.958505,4.291059,1.809111,-0.595594235979277,Americas
Ecuador,EC,2010.0,58.8379332440468,13.036902601299978,4546.57877452911,91.0,75.43,24.484,21.7286460306471,-0.586674451828003,60.354263971654,11.811999999999985,62.69,11.13427,75.43,4.087550000000006,6.22109413,0.66498,0.200232,0.334334,0.879216,2.959062,4.29317,1.803276,2.31619067136306,Americas
Ecuador,EC,2011.0,58.1655316114041,13.036902601299978,5183.62370033118,88.0,75.743,24.699999999999996,19.5919330091265,-0.686557531356812,61.3533902399742,13.199000000000023,62.851,11.135007,75.743,3.461820000000005,6.580935,0.666404,0.200526,0.337751,0.879678,2.960197,4.295131,1.79532,6.7148799264245,Americas
Ecuador,EC,2012.0,57.5105074767702,13.036902601299978,5666.21744687686,87.0,76.062,22.297999999999988,20.8650376880852,-0.570306479930878,62.3445119987115,13.199000000000023,62.988,11.134428,76.062,3.2345000000000055,6.86373377,0.667943,0.20086,0.341703,0.880169,2.961697,4.296969,1.785087,4.10152392296128,Americas
Ecuador,EC,2013.0,56.8480434382496,13.036902601299978,6141.98318144215,87.0,76.369,22.09899999999996,19.8592620729833,-0.178656712174416,63.3072515703012,11.811999999999985,63.125,11.132595,76.369,3.0823700000000027,6.88127422,0.668269,0.201224,0.34601,0.88067,2.965013,4.298674,1.772735,5.58083089805672,Americas
Ecuador,EC,2014.0,56.1700145825934,13.036902601299978,6436.76103650622,83.0,76.622,24.0,20.2791788990402,-0.0185332093387842,64.2534788210662,12.19700000000002,63.261,11.127952,76.622,3.4807400000000013,6.83199883,0.668814,0.201619,0.350229,0.881209,2.967176,4.300375,1.75853,2.691182658294,Americas
Ecuador,EC,2015.0,55.4651080640771,13.036902601299978,6002.1083111024,78.0,76.789,23.493000000000006,20.1729639726852,-0.147344976663589,65.2113947495571,13.116999999999996,63.398,11.122133,76.789,3.6149699999999996,7.60513353,0.668551,0.202036,0.354659,0.881771,2.970413,4.302069,1.742634,-1.35100558389034,Americas
Ecuador,EC,2016.0,54.7336903843761,13.036902601299978,5941.23470878371,83.0,76.763,21.202000000000027,20.7399169622061,-0.0917104333639145,66.1925632146883,14.792999999999976,63.534,11.11594,76.763,4.5965599999999975,7.41604376,0.669108,0.20247,0.359142,0.882354,2.973805,4.303726,1.725335,-2.16005084962444,Americas
Ecuador,EC,2017.0,53.9909637790288,13.036902601299978,6256.68301935971,85.0,76.972,21.28999999999998,19.2459328647667,-0.0789325907826424,67.2287969077146,17.009999999999998,63.67,11.107758,76.972,3.834360000000006,7.53717899,0.668946,0.202912,0.363733,0.882945,2.977117,4.305357,1.706748,4.33701991894264,Americas
El Salvador,SV,2001.0,72.0320696299501,26.139351455909996,2051.15877420114,92.0,69.598,35.30200000000004,32.370418643123,-0.062578022480011,289.000723938224,33.09899999999994,59.464,10.843938,69.598,6.9508000000000045,7.88604879,0.57561,0.192068,0.207843,0.759236,3.099898,2.889712,3.119571,0.380732463223339,Americas
El Salvador,SV,2002.0,71.551616381217,24.933081850567007,2106.73946874831,81.0,70.232,33.09899999999994,31.3515689349669,0.293994128704071,290.11944980695,33.996,60.014,10.79434,70.232,6.200180000000001,7.88565731,0.57709,0.192408,0.209373,0.760097,3.089073,2.893763,3.072536,1.18124442675949,Americas
El Salvador,SV,2003.0,70.9969766233059,23.947091878542974,2197.48200095937,94.0,70.14,35.596999999999944,30.0717063191467,-0.180753871798515,290.871090733591,33.91400000000005,60.561,10.736646,70.14,6.900339999999989,7.77182293,0.578727,0.192767,0.211669,0.761024,3.077165,2.897983,3.017311,1.30293757074168,Americas
El Salvador,SV,2004.0,70.4074597334309,23.100539559056003,2273.95550275819,90.0,70.34,35.596999999999944,28.772701131028,-0.0691009759902954,291.296090733591,33.29900000000005,61.107,10.679744,70.34,6.799679999999996,8.1302166,0.579355,0.193109,0.213524,0.76195,3.066272,2.902326,2.963208,0.742207189640482,Americas
El Salvador,SV,2005.0,69.807659856905,22.381414303836976,2434.32353117029,89.0,70.44,29.70099999999997,27.6964237059766,-0.0337608754634857,291.400434362934,34.08999999999995,61.648,10.639228,70.44,7.219770000000016,9.20057869,0.581323,0.193404,0.215907,0.762827,3.058823,2.906668,2.920276,2.64406250782032,Americas
El Salvador,SV,2006.0,69.2015155818764,22.713974794287033,2651.43088765876,96.0,70.773,32.903000000000056,26.7283220814392,-0.168158024549484,291.237258687259,34.80000000000006,62.187,10.606913,70.773,6.566440000000004,8.69338894,0.581639,0.193704,0.218638,0.763679,3.05103,2.911102,2.887121,4.39545698940658,Americas
El Salvador,SV,2007.0,68.1731901462218,23.100592163178003,2814.58988893523,99.0,71.108,30.89700000000005,25.6985915806074,-0.0072707314975559,291.705164092664,28.205999999999975,62.774,10.57736,71.108,6.409580000000002,8.47836304,0.582179,0.194084,0.220663,0.764657,3.043548,2.916086,2.856143,1.68423504798841,Americas
El Salvador,SV,2008.0,66.6418044478473,23.517161124854002,2964.172140237,98.0,71.424,28.398000000000046,24.7662234674635,0.0393931120634079,292.861920849421,31.499000000000002,63.678,10.551719,71.424,5.88036,8.49585915,0.582595,0.194484,0.223092,0.76561,3.037453,2.920971,2.827514,1.75090977503847,Americas
El Salvador,SV,2009.0,64.977837965941,23.956114214781,2889.68588721937,91.0,71.576,24.598999999999954,24.09020900599,-0.0071162772364914,293.976254826255,32.20799999999996,64.57,10.529664,71.576,7.3263100000000065,8.83749676,0.583041,0.194857,0.225559,0.76644,3.032828,2.925243,2.801696,-2.47983074489038,Americas
El Salvador,SV,2010.0,63.2772886400071,24.44472721807297,3017.3073947577,89.0,71.848,22.297999999999988,23.8295394601694,0.0588422268629074,295.078861003861,32.58999999999995,65.452,10.51178,71.848,4.892269999999993,8.90416241,0.583812,0.195155,0.227828,0.767036,3.030472,2.928342,2.779135,1.77248097880032,Americas
El Salvador,SV,2011.0,61.6002757343745,24.981811398278015,3304.97418347889,89.0,71.859,21.099999999999962,27.5567469396669,0.111001193523407,296.204102316602,29.488000000000007,66.325,10.495423,71.859,4.296750000000004,8.87645435,0.585721,0.19542,0.229858,0.767472,3.027701,2.930574,2.758677,3.37936248725347,Americas
El Salvador,SV,2012.0,59.9505555042113,25.559642736873023,3471.05126865498,93.0,71.831,19.0,24.2617826031933,0.234583973884583,297.359507722008,30.28900000000003,67.187,10.483502,71.831,3.8409000000000044,8.60625362,0.589475,0.195735,0.231869,0.767948,3.026992,2.932926,2.738557,2.48792473987429,Americas
El Salvador,SV,2013.0,58.3363026307976,26.23440306313502,3555.16209958481,92.0,71.771,19.0,25.8009636408055,-0.0336589030921459,298.534845559846,27.502,68.036,10.472474,71.771,3.6932199999999993,9.05235958,0.59376,0.196091,0.234488,0.768454,3.02532,2.935404,2.718957,1.7806559363643,Americas
El Salvador,SV,2014.0,56.840168905283,26.999293000210027,3638.51765819162,94.0,71.746,20.400000000000038,23.5624481373706,-0.0245900042355061,299.687548262548,23.992000000000008,68.874,10.464982,71.746,4.153179999999997,8.5989418,0.599151,0.196483,0.236998,0.768981,3.025158,2.937975,2.700236,1.33811313449822,Americas
El Salvador,SV,2015.0,55.560279541228,28.84477502007799,3761.51368000275,94.0,71.814,20.79599999999997,23.9410831694199,-0.0204960480332375,300.727123552124,20.97200000000001,69.7,10.457758,71.814,3.9983099999999974,8.75833225,0.604498,0.196909,0.239302,0.769541,3.024102,2.940689,2.682717,2.04601635573663,Americas
El Salvador,SV,2016.0,54.4974619991972,30.46721952651998,3870.31298246063,98.0,72.025,22.20700000000001,22.7554051143461,-0.104568757116795,301.665540540541,20.704000000000022,70.501,10.456452,72.025,4.417220000000005,8.71456337,0.611135,0.197357,0.241685,0.770066,3.025543,2.943086,2.66758,2.22008531516545,Americas
El Salvador,SV,2017.0,53.6633079722974,33.05662833139602,3986.04901435439,92.0,72.311,20.597999999999967,22.1065954946575,-0.263820618391037,302.444691119691,24.997000000000003,71.275,10.457686,72.311,4.384759999999995,8.42286873,0.61886,0.197831,0.243873,0.770585,3.025887,2.94522,2.65543,1.98421127831776,Americas
Eritrea,ER,2001.0,91.6443840380871,11.852298455844004,305.602761066102,86.0,58.298,31.88500000000005,43.2294261758956,-0.0007788384100422,24.3755148514851,74.7930000000001,27.455,10.811872,58.298,5.784939999999994,5.91931677,0.527298,0.15939,0.105078,0.615292,3.917018,3.66368,1.824116,5.70528962338497,Africa
Eritrea,ER,2002.0,90.0079361882726,9.31139753152399,286.297718854154,90.0,58.811,32.80500000000004,42.3748453519965,-0.267155766487122,25.2220198019802,74.6969999999999,28.341,10.801734,58.811,5.813800000000003,6.68857431,0.52571,0.159544,0.105315,0.615584,3.914395,3.661258,1.819928,-0.45165340605746,Africa
Eritrea,ER,2003.0,87.7345895244921,7.161134672814008,327.976010895557,93.0,59.409,33.29300000000004,41.3525620117836,-0.719599485397339,26.2711881188119,74.91600000000003,29.244,10.789496,59.409,5.784939999999994,7.33703375,0.52356,0.159667,0.105405,0.615839,3.913805,3.657736,1.813484,-6.54307320047569,Africa
Eritrea,ER,2004.0,85.7483200813137,5.326460481100009,401.374525156058,98.0,59.899,33.489000000000004,40.4913783730953,-0.639386832714081,22.8391473569035,69.8020000000001,30.164,10.776499,59.899,5.675019999999992,7.00984955,0.522301,0.159741,0.105473,0.616026,3.912263,3.654495,1.8062,-2.57785684643214,Africa
Eritrea,ER,2005.0,85.7876086569998,5.326460481100009,387.898531945005,96.0,60.597,33.90100000000006,40.1200966537702,-0.79501748085022,23.3978464970216,74.6969999999999,31.099,10.761949,60.597,5.686880000000002,6.8641758,0.521242,0.159746,0.105179,0.616111,3.907243,3.652574,1.799854,0.0898264853583157,Africa
Eritrea,ER,2006.0,86.6717999771853,5.326460481100009,420.528739757639,94.0,61.611,33.70299999999995,40.1585888331385,-0.900216937065125,23.8016285589692,77.30100000000002,32.051,10.745342,61.611,5.682879999999999,6.85727453,0.520899,0.159576,0.104941,0.616076,3.898969,3.651176,1.793705,-2.6320896954886,Africa
Eritrea,ER,2007.0,87.5010732955106,5.326460481100009,450.409713679088,95.0,62.116,33.79500000000005,40.2784930377592,-1.04984796047211,24.1766916924849,79.14200000000004,33.017,10.723957,62.116,5.6934700000000085,5.2786293,0.519842,0.159227,0.103546,0.61598,3.8896,3.649225,1.786537,-0.1702292340252,Africa
Eritrea,ER,2008.0,86.8234375689529,5.326460481100009,459.178402670323,95.0,62.573,33.90100000000006,40.4362607063139,-0.710803747177124,24.82935091982,81.39999999999985,34.0,10.700119,62.573,5.646720000000003,6.415205,0.519703,0.158821,0.102279,0.615879,3.877135,3.647281,1.779021,-12.1725148060445,Africa
Eritrea,ER,2009.0,86.1168897555347,5.326460481100009,602.063223832873,95.0,63.328,34.0,40.5883432774844,-0.680884718894959,25.4720276913133,81.69399999999989,34.585,10.681159,63.328,5.720029999999995,5.38878489,0.519711,0.158476,0.101529,0.61581,3.867957,3.64583,1.771846,1.24550790591422,Africa
Eritrea,ER,2010.0,85.8398709634759,5.326460481100009,504.972460176652,95.0,63.787,34.0,40.6911921899525,-0.875592827796936,26.0002835003577,80.87099999999992,35.175,10.66766,63.787,5.839470000000001,4.83844233,0.519336,0.15832,0.100845,0.615834,3.862112,3.645285,1.765928,0.121591639500295,Africa
Eritrea,ER,2011.0,85.2611619184257,5.326460481100009,643.790042311239,94.0,64.402,33.59999999999994,40.8624855844964,-0.766404390335083,26.4893614728256,77.09400000000011,35.771,10.662472,64.402,5.75363,5.16795397,0.519995,0.158298,0.100695,0.615921,3.861136,3.645635,1.760792,6.65218253497758,Africa
Eritrea,ER,2012.0,84.8660421476452,5.326460481100009,7684.036788088331,94.0,64.838,33.70299999999995,42.9058422883202,-0.702197253704071,26.8627275439181,78.39399999999989,36.372,10.658273,64.838,5.648580000000001,3.7449646,0.520459,0.158294,0.100636,0.616069,3.860216,3.646936,1.755663,2.4317598360556225,Africa
Eritrea,ER,2013.0,84.5870242417014,5.326460481100009,7684.036788088331,94.0,65.067,34.489000000000004,43.4740446424338,-0.772372126579285,27.2316122364646,79.6919999999999,36.979,10.65503,65.067,5.610800000000008,4.97097206,0.520482,0.15831,0.100789,0.616258,3.859559,3.649057,1.750575,2.4317598360556225,Africa
Eritrea,ER,2014.0,84.9133722104483,5.326460481100009,7684.036788088331,94.0,65.6,34.96500000000002,35.7775635476002,-0.805872619152069,27.4581109773081,80.48199999999999,37.59,10.65545,65.6,5.6505199999999975,4.02524328,0.520971,0.158354,0.100744,0.616504,3.861139,3.652097,1.745641,2.4317598360556225,Africa
Eritrea,ER,2015.0,85.4102943576546,5.326460481100009,7684.036788088331,95.0,66.033,36.89900000000006,41.1496360897538,-0.878453433513641,27.5831182535293,81.19799999999988,38.206,10.65681,66.033,5.792220000000001,4.45034695,0.522229,0.158428,0.1013,0.616791,3.861327,3.655814,1.740921,2.4317598360556225,Africa
Eritrea,ER,2016.0,85.3469437436008,5.326460481100009,7684.036788088331,95.0,66.289,37.21899999999995,39.6073262193782,-0.662282407283783,27.7944964140683,81.39999999999985,38.827,10.661184,66.289,5.83266,3.6608541,0.523399,0.158544,0.101816,0.61714,3.863449,3.660275,1.736561,2.4317598360556225,Africa
Eritrea,ER,2017.0,84.8168117519042,5.326460481100009,7684.036788088331,95.0,66.577,36.89900000000006,41.4045411789422,-0.733444392681122,28.0573090388862,81.60000000000015,39.451,10.669266,66.577,5.879890000000004,3.98912001,0.524821,0.158711,0.102503,0.617569,3.867377,3.665668,1.732617,2.4317598360556225,Africa
Estonia,EE,2001.0,47.9952449237429,5.506633315119003,4505.85833233188,94.0,70.2585365853659,16.0,11.3922862404784,0.645857214927673,32.7462845010616,18.90000000000003,69.242,14.573518,70.2585365853659,13.14536,4.78060246,0.996688,0.196773,0.219349,0.704069,4.45538,2.949724,5.051535,6.68103354089904,Europe
Estonia,EE,2002.0,47.6723682928631,5.734118471038996,5341.62894677002,94.0,70.9048780487805,16.70000000000003,10.8659889979478,0.927854418754578,32.5395140363293,19.261999999999993,69.116,14.535017,70.9048780487805,10.026499999999983,4.70329475,1.023984,0.197373,0.222309,0.704701,4.411393,2.952786,5.022471,7.44984042828682,Europe
Estonia,EE,2003.0,47.3372831947442,5.0697027534199925,7203.52303786646,94.0,71.3170731707317,13.599999999999989,10.3301268581838,0.894786238670349,32.3359282849729,19.904000000000032,68.989,14.482015,71.3170731707317,11.284900000000004,5.13883257,1.052509,0.198088,0.225861,0.705443,4.358236,2.956691,4.985187,8.27771228482102,Europe
Estonia,EE,2004.0,47.0293584139313,4.812181865379004,8914.10355674451,94.0,71.909756097561,13.900000000000013,9.87858866644381,0.703926205635071,32.1431941495636,19.995,68.862,14.426339,71.909756097561,10.255710000000013,5.33758926,1.076446,0.198783,0.229283,0.706133,4.303747,2.960418,4.951529,7.44441637457827,Europe
Estonia,EE,2005.0,46.8794586132276,4.810085220823002,10412.6443137966,96.0,72.5682926829268,14.700000000000028,9.60526326798543,0.605274677276611,31.9597782495872,18.90000000000003,68.735,14.387709,72.5682926829268,8.033800000000003,5.29536057,1.09621,0.199326,0.233166,0.70662,4.256001,2.96289,4.933496,10.1549947926276,Europe
Estonia,EE,2006.0,47.1181763961803,4.63414410174799,12639.4000677296,95.0,72.6914634146341,19.297999999999973,9.49150211652796,0.736678242683411,31.7718801604152,17.162000000000013,68.607,14.362619,72.6914634146341,5.9184899999999985,4.97390509,1.107544,0.199815,0.236076,0.706983,4.208616,2.964557,4.939028,10.4147342313026,Europe
Estonia,EE,2007.0,47.5276886763905,3.8611515731099986,16744.5844516343,95.0,72.8146341463415,17.0,9.42873775517208,0.634109556674957,31.6272705826846,18.604999999999972,68.479,14.344979,72.8146341463415,4.592029999999997,5.18455648,1.11473,0.200382,0.239855,0.707326,4.154931,2.966155,4.9616,8.07102533368965,Europe
Estonia,EE,2008.0,47.7622216107319,4.284053531556992,18204.9664786762,95.0,73.7707317073171,12.400000000000002,9.37598066324752,0.571973562240601,31.5425807973579,20.526,68.351,14.328425,73.7707317073171,5.455200000000001,5.95724869,1.119428,0.200977,0.243593,0.707682,4.098571,2.967659,4.990515,-4.87728652816892,Europe
Estonia,EE,2009.0,48.0755937104364,4.641460346171992,14711.7352728223,95.0,74.8243902439024,8.803999999999986,9.29224132008397,0.567619025707245,31.4818353385232,24.174999999999983,68.223,14.313082,74.8243902439024,13.55042,6.84477043,1.122781,0.201505,0.246115,0.707937,4.051133,2.968526,5.015085,-14.4643283839458,Europe
Estonia,EE,2010.0,48.5402840112319,3.3163045687239947,14663.0446126465,94.0,75.4292682926829,6.800999999999996,9.13653020501115,0.661366999149323,31.4101203113942,25.289,68.094,14.291478,75.4292682926829,16.695130000000027,6.59433842,1.126222,0.201904,0.248455,0.708089,4.013452,2.968607,5.024749,2.67816403908816,Europe
Estonia,EE,2011.0,49.2663404958232,3.1883790788849975,17487.8047830922,93.0,76.2292682926829,8.104000000000015,8.27663619619013,0.611041307449341,31.3149091766926,25.209999999999987,67.965,14.255848,76.2292682926829,12.313569999999984,6.0781703,1.128999,0.202214,0.250151,0.708157,3.982428,2.968054,5.015845,7.58921166461815,Europe
Estonia,EE,2012.0,50.2740888604607,3.7380591485839987,17403.2053254767,94.0,76.3268292682927,6.800999999999996,7.99013886909247,0.636465191841125,31.2030195800896,24.997000000000003,67.974,14.207314,76.3268292682927,10.021329999999987,6.09506845,1.131133,0.202527,0.251287,0.708196,3.95317,2.967251,4.99375,3.59836215956679,Europe
Estonia,EE,2013.0,51.3726359456849,3.438690124412998,19056.0019226989,94.0,77.1414634146341,7.097000000000013,8.08122179915709,0.748215436935425,30.3196917414309,24.471000000000014,68.122,14.14861,77.1414634146341,8.632469999999989,6.28062296,1.133278,0.202844,0.252233,0.708234,3.926684,2.966459,4.958878,1.82015416069549,Europe
Estonia,EE,2014.0,52.5512732286032,3.4758441058030023,20261.0667303886,93.0,77.0341463414634,6.096000000000011,8.70767888073313,0.780257880687714,30.2402806533241,25.289,68.269,14.076442,77.0341463414634,7.342189999999993,6.36199903,1.133075,0.203149,0.251934,0.708245,3.902099,2.965608,4.912332,3.28187481366284,Europe
Estonia,EE,2015.0,53.619510531651,3.6874284956509995,17402.0376128079,93.0,77.590243902439,6.401999999999988,7.18496063252666,0.613857269287109,30.26011042098,28.205999999999975,68.416,13.994855,77.590243902439,6.410760000000002,6.64135027,1.131572,0.203442,0.251524,0.708249,3.880068,2.964644,4.855356,1.78627469426176,Europe
Estonia,EE,2016.0,54.6493861230669,3.4839542153429988,18295.3429322114,93.0,77.6414634146342,6.096000000000011,6.87835279660374,0.662796258926392,30.2689210950081,27.19599999999998,68.563,13.906773,77.6414634146342,6.880099999999993,6.70240974,1.12996,0.203719,0.251266,0.708246,3.861329,2.963537,4.788716,3.12553830458751,Europe
Estonia,EE,2017.0,55.6303618978313,3.3236312644519925,20437.765376736,93.0,78.0926829268293,4.059000000000005,6.15485238171865,0.642369627952576,30.816,27.502,68.717,13.81387,78.0926829268293,5.806210000000005,6.59727097,1.126665,0.203978,0.250271,0.708241,3.848854,2.962244,4.713617,5.66403908236126,Europe
Fiji,FJ,2001.0,59.8881018941719,28.37741799403497,1964.13020427679,91.0,66.34,7.999,13.119078252,-0.138907715678215,46.0492610837438,40.39100000000007,48.3,9.00045,66.34,4.698829999999994,2.90547299,0.738526,0.233544,0.134486,0.447843,3.160485,3.239627,1.045939,0.931771647140692,Oceania
Fiji,FJ,2002.0,58.9549893954073,28.74816857039597,2157.07659613693,93.0,65.748,7.490999999999999,13.0520184992211,0.473941057920456,46.5183908045977,48.998000000000005,48.692,9.003482,65.748,4.769759999999996,2.98349524,0.73796,0.23388,0.135087,0.448018,3.162425,3.240303,1.045809,2.15924542602002,Oceania
Fiji,FJ,2003.0,58.1113716705751,29.167179660655034,2680.27074880376,94.0,66.177,15.59999999999998,12.9523780036188,0.45265343785286,46.9789819376026,40.78700000000007,49.085,9.004586,66.177,4.738069999999995,2.97298193,0.737863,0.23427,0.135763,0.448253,3.161375,3.241355,1.045707,0.0097755848323686,Oceania
Fiji,FJ,2004.0,57.3749952335038,29.421454241475978,3124.60738926325,95.0,66.424,13.099999999999993,12.8482680746271,0.389960020780563,47.4380952380952,35.70199999999994,49.479,9.007785,66.424,4.699809999999993,3.25768542,0.737453,0.234644,0.136672,0.448501,3.161844,3.242662,1.046009,4.28088984862526,Oceania
Fiji,FJ,2005.0,56.685882523599,29.799764428700044,3406.47559239037,96.0,66.632,13.0,12.76780002168,0.386921286582947,47.8885057471264,39.995000000000005,49.871,9.012353,66.632,3.8858100000000038,3.25656676,0.73737,0.234935,0.137064,0.448715,3.163073,3.244118,1.047078,-0.247123291094439,Oceania
Fiji,FJ,2006.0,56.0612594016852,29.799764428700044,3483.59718493626,98.0,66.855,14.996999999999998,12.6984896212967,-0.0340580493211746,48.3351395730706,39.097999999999935,50.264,9.022242,66.855,3.955879999999997,3.34798193,0.737436,0.235241,0.137634,0.448974,3.163513,3.246689,1.052755,0.911330811189174,Oceania
Fiji,FJ,2007.0,55.5339402311055,29.799764428700044,3793.09738500959,99.0,66.826,11.001,12.6168885408432,0.0618767961859703,48.7492063492063,35.992,50.657,9.045136,66.826,4.103930000000001,3.41514993,0.738319,0.23566,0.138105,0.449347,3.168357,3.251044,1.064304,-1.69281058294433,Oceania
Fiji,FJ,2008.0,55.1128147292239,29.799764428700044,3928.92173857964,99.0,66.935,12.5,12.5346619260234,-0.0669486746191978,49.0821565407772,42.10699999999997,51.146,9.072421,66.935,4.18202,3.18467116,0.740777,0.236118,0.13897,0.449775,3.172747,3.256059,1.077975,0.347435414506506,Oceania
Fiji,FJ,2009.0,54.7789370295071,29.799764428700044,3184.68912291481,99.0,67.089,7.341999999999989,12.4634749225413,-0.272885650396347,49.3367816091954,41.59599999999995,51.658,9.096643,67.089,4.300950000000001,3.53587627,0.743264,0.236536,0.139411,0.450189,3.176639,3.26059,1.090014,-1.89498024658327,Oceania
Fiji,FJ,2010.0,54.4743987289387,29.799764428700044,3469.14964254878,99.0,67.328,9.810999999999982,12.4149926761009,-0.190827518701553,49.5440065681445,28.021999999999984,52.171,9.110539,67.328,4.341879999999999,3.41664124,0.744437,0.236818,0.140063,0.450492,3.178691,3.263547,1.096491,2.52404964362454,Oceania
Fiji,FJ,2011.0,54.1986585885472,29.799764428700044,4160.72119311815,99.0,67.523,8.803999999999986,12.4871607646576,-0.0712881982326508,49.7183908045977,33.40000000000006,52.683,9.12029,67.523,4.406930000000003,3.14293504,0.746078,0.23702,0.141395,0.450737,3.1808,3.265503,1.098757,2.34491097690483,Oceania
Fiji,FJ,2012.0,54.0017579742727,29.799764428700044,4359.79240035309,99.0,67.552,7.588000000000011,12.692818373804,-0.0677748322486877,49.8663929939792,33.29900000000005,53.196,9.125912,67.552,4.375540000000002,3.2655499,0.747515,0.237242,0.142176,0.450996,3.179419,3.267709,1.100855,1.11032817332519,Oceania
Fiji,FJ,2013.0,53.9262869121523,29.799764428700044,4586.95521117587,99.0,67.428,6.800999999999996,12.6556857350952,-0.0510276891291142,49.9974274767378,32.79600000000004,53.706,9.133456,67.428,4.355259999999999,3.20040679,0.748702,0.23749,0.142736,0.451292,3.18011,3.270336,1.10279,4.45972948136782,Oceania
Fiji,FJ,2014.0,53.9270210927334,29.799764428700044,5305.06440743199,99.0,67.376,8.104000000000015,12.1427162201265,0.553164601325989,50.1127531472359,33.23299999999997,54.216,9.140755,67.376,4.325129999999993,3.36860466,0.751021,0.237749,0.143668,0.451596,3.179131,3.273137,1.104453,5.36048652723049,Oceania
Fiji,FJ,2015.0,53.8747127015284,29.799764428700044,5105.18959221062,99.0,66.844,10.69900000000002,11.9373871022014,0.569660663604736,50.2025177887247,32.73199999999998,54.726,9.148559,66.844,4.293219999999993,3.32468939,0.753351,0.23802,0.144976,0.451918,3.178253,3.276218,1.105823,4.3143469773691,Oceania
Fiji,FJ,2016.0,53.7511509936214,29.799764428700044,5368.43350276363,95.0,67.24,9.891999999999983,12.3284242671983,0.897029459476471,50.2666119321292,27.737,55.235,9.155041,67.24,4.320799999999994,3.27979708,0.755823,0.238295,0.146452,0.452253,3.176044,3.279308,1.106866,2.31502500392521,Oceania
Fiji,FJ,2017.0,53.6263596654726,29.799764428700044,5825.19966886254,91.0,67.79,11.09500000000001,12.3080401904933,0.586045205593109,50.3020799124247,28.610999999999947,55.742,9.157672,67.79,4.3263299999999925,3.18689561,0.757352,0.238572,0.147253,0.452605,3.171898,3.282447,1.107545,5.27907993633569,Oceania
"Gambia, The",GM,2001.0,97.1576075875313,38.13211241360002,464.639636150988,87.0,57.043,25.5,60.1217845161288,-1.24134790897369,146.190612648221,59.55200000000004,48.775,9.437426,57.043,9.568450000000018,5.63960838,0.473559,0.168286,0.110976,0.642077,4.230066,2.88926,0.923202,2.80288577007927,Africa
"Gambia, The",GM,2002.0,96.666843236078,38.789238905443014,379.862417876486,87.0,57.08,25.800000000000015,58.2026128263293,0.826159775257111,150.417292490119,60.95500000000002,49.683,9.449289,57.08,9.959929999999998,6.27723551,0.474333,0.168567,0.111291,0.642553,4.234873,2.893623,0.924049,-5.96864550823142,Africa
"Gambia, The",GM,2003.0,96.2582966923498,39.333777833223984,310.957068377345,87.0,57.586,25.5,55.9281135930826,0.322430104017258,154.76847826087,62.40899999999992,50.555,9.462932,57.586,9.932309999999989,5.32621098,0.475647,0.168892,0.111736,0.643081,4.240417,2.898203,0.924956,3.86543934628961,Africa
"Gambia, The",GM,2004.0,96.0008996304221,40.01183969592009,596.629286497506,87.0,58.088,25.900000000000045,53.9888349546519,0.164906054735184,159.310770750988,61.23299999999998,51.288,9.470435,58.088,9.891760000000017,5.42000151,0.476347,0.169177,0.112609,0.643556,4.240772,2.902132,0.925842,3.99777441176781,Africa
"Gambia, The",GM,2005.0,95.765100932272,40.55118110239993,618.959813461158,95.0,58.394,26.199999999999985,53.0753250493002,0.200640663504601,164.067984189723,61.68899999999991,52.02,9.471614,58.394,9.875980000000013,5.38602448,0.477454,0.169343,0.112734,0.643888,4.236921,2.904696,0.926578,-5.18307801057585,Africa
"Gambia, The",GM,2006.0,95.5315407546381,40.55118110239993,615.973928349442,95.0,59.06,26.70099999999998,52.9303488554807,-0.0341241136193275,169.100197628458,60.198999999999906,52.751,9.459444,59.06,10.196120000000018,5.43720865,0.477698,0.169396,0.112815,0.644094,4.221721,2.905261,0.928459,-3.51492430641892,Africa
"Gambia, The",GM,2007.0,95.2919891780041,40.55118110239993,725.092284883529,95.0,59.394,26.499000000000002,52.8383039464973,0.0474123023450375,174.395553359684,57.2840000000001,53.481,9.431941,59.394,10.383530000000007,4.95501947,0.477628,0.169414,0.112722,0.64427,4.19142,2.904281,0.932206,-0.0855611255520756,Africa
"Gambia, The",GM,2008.0,95.0399605750895,40.55118110239993,857.858239870456,96.0,60.082,26.59999999999995,52.8021873528893,0.0651512742042542,179.895454545455,56.27300000000002,54.211,9.400227,60.082,10.039040000000012,4.65938807,0.478114,0.169413,0.112417,0.644424,4.156638,2.902651,0.93657,3.00736886403152,Africa
"Gambia, The",GM,2009.0,94.8204716470303,40.55118110239993,772.124933818401,98.0,60.427,26.299000000000014,52.8249961051957,0.12231682240963,185.584881422925,53.91999999999999,54.937,9.377078,60.427,9.773469999999998,4.46430683,0.478991,0.169412,0.112637,0.644572,4.129868,2.901293,0.940305,3.39570126431694,Africa
"Gambia, The",GM,2010.0,94.6381171118492,40.55118110239993,796.631829179134,97.0,60.717,26.499000000000002,52.9097272339557,0.0654169842600822,191.430335968379,56.57700000000003,55.662,9.36887,60.717,9.676730000000006,4.11944056,0.479674,0.169424,0.11266,0.64471,4.119213,2.901067,0.942122,2.67435327588794,Africa
"Gambia, The",GM,2011.0,94.4347734705455,40.55118110239993,705.47749534881,96.0,61.526,26.796000000000014,56.1934304763105,-0.0002706054074224,197.451778656126,56.204999999999906,56.384,9.372638,61.526,10.273419999999998,4.36967373,0.480905,0.169449,0.112748,0.644864,4.1203,2.901834,0.942538,-10.9320764425475,Africa
"Gambia, The",GM,2012.0,94.1294375841834,40.55118110239993,686.557557719746,98.0,62.096,26.40000000000005,66.4198505891995,-0.0007788384100422,203.657509881423,56.94999999999999,57.105,9.378758,62.096,10.344440000000002,4.26872253,0.483208,0.169477,0.112822,0.645043,4.122449,2.902815,0.942944,2.03471037402096,Africa
"Gambia, The",GM,2013.0,93.6281035942325,40.55118110239993,647.385534561172,97.0,62.114,26.70099999999998,47.62546974836,-0.04863640666008,209.967292490119,59.28200000000005,57.82,9.387619,62.114,9.464949999999995,3.91374874,0.485191,0.16951,0.112817,0.645256,4.12743,2.904112,0.943303,-0.218687977646155,Africa
"Gambia, The",GM,2014.0,92.9297914720347,40.55118110239993,561.649634566263,96.0,62.269,27.300000000000022,50.9583278982684,-0.151400715112686,216.306225296443,53.230999999999966,58.528,9.398135,62.269,8.222820000000006,3.05234575,0.488557,0.169544,0.112831,0.645481,4.132475,2.905716,0.943531,-4.29667510195249,Africa
"Gambia, The",GM,2015.0,92.1352013036794,40.55118110239993,611.67121911225,97.0,62.494,27.800000000000026,63.7503934261079,0.0162476319819689,222.641600790514,48.998000000000005,59.228,9.411416,62.494,7.271659999999992,3.1761291,0.492627,0.169585,0.11323,0.645736,4.13884,2.907775,0.943623,1.09705048941071,Africa
"Gambia, The",GM,2016.0,91.253867860913,40.55118110239993,640.676265282984,95.0,63.013,28.198999999999973,58.7910560945535,-0.442044198513031,228.972924901186,48.59399999999999,59.918,9.428559,63.013,6.302019999999994,3.19523716,0.496933,0.16963,0.11326,0.646006,4.148847,2.910321,0.943562,-0.875473406735992,Africa
"Gambia, The",GM,2017.0,90.2761230107836,40.55118110239993,632.001024153219,92.0,62.995,28.59699999999995,64.5390631748347,-0.0948314443230629,235.294664031621,47.994,60.599,9.445838,62.995,5.160949999999998,3.35449266,0.501447,0.169677,0.113298,0.646285,4.158517,2.913376,0.943238,2.00630767513326,Africa
Georgia,GE,2001.0,53.8782021918898,17.959432814582957,801.98383707929,87.0,69.606,13.40000000000001,15.4858796277587,0.987546324729919,70.232915777319,53.09000000000004,52.398,8.685231,69.606,11.162670000000006,7.17,0.437776,0.188831,0.12792,0.705649,2.776171,2.607228,1.841656,6.44578529290918,Asia
Georgia,GE,2002.0,53.4017189718865,18.392013928852,853.526171868939,84.0,70.024,12.5,15.3404190761104,-1.19204139709473,69.6055670247384,56.76800000000002,52.441,8.694737,70.024,12.594359999999995,7.81,0.439267,0.189124,0.129053,0.705862,2.777238,2.606254,1.847939,6.42465284351501,Asia
Georgia,GE,2003.0,53.0476408097505,18.83383029509199,1010.03151630868,75.0,70.333,13.900000000000013,15.2342270045445,-1.29921066761017,69.13705867945,55.3010000000001,52.83,8.710289,70.333,11.510119999999993,8.03,0.441408,0.189532,0.131324,0.706129,2.779253,2.605173,1.85747,11.8096106867876,Asia
Georgia,GE,2004.0,52.7059105315159,19.291764833917977,1305.04748557208,78.0,70.567,15.495999999999999,15.1903677941676,-0.864118158817291,68.7102417859267,54.492999999999995,53.218,8.727673,70.567,12.623899999999987,8.09,0.442886,0.18997,0.133759,0.706391,2.782174,2.604215,1.868278,6.44984993877193,Asia
Georgia,GE,2005.0,52.1891036778003,19.74569822151403,1642.78359414797,82.0,71.13,14.200000000000024,15.2319058260863,-0.755904912948608,68.2751145946324,41.501000000000005,53.605,8.745723,71.13,13.81043999999998,8.08,0.445558,0.190355,0.136479,0.70656,2.784664,2.603007,1.8791,10.2895785214873,Asia
Georgia,GE,2006.0,51.4444281825367,19.74569822151403,1996.02013272284,88.0,71.394,16.598999999999975,15.421065141324,-0.966098785400391,67.8880821582281,37.21099999999997,53.992,8.771701,71.394,13.566380000000004,7.63,0.448084,0.190802,0.139095,0.706652,2.784744,2.60164,1.900684,10.0452966712851,Asia
Georgia,GE,2007.0,50.4205564321072,19.74569822151403,2635.36650276116,98.0,71.568,18.22200000000001,15.8176451636329,-0.645898997783661,67.5348682599111,36.203999999999944,54.379,8.813804,71.568,13.276429999999982,7.44,0.451574,0.191413,0.142197,0.706731,2.78403,2.600349,1.93751,13.1643509520424,Asia
Georgia,GE,2008.0,49.1790296121488,19.74569822151403,3324.7537205015,92.0,71.332,21.596999999999962,16.4410733482129,-0.91967511177063,67.3300150460128,36.26500000000002,54.765,8.860423,71.332,17.87031999999997,8.44,0.45525,0.192092,0.146511,0.706806,2.781577,2.599191,1.978996,2.7332346709434,Asia
Georgia,GE,2009.0,48.0320574118115,24.105950606908962,2822.68939668797,88.0,71.95,18.499000000000002,17.3107771502641,-0.965524911880493,66.7346478183281,36.70999999999995,55.15,8.905913,71.95,20.751430000000006,9.57,0.460296,0.192744,0.149798,0.706912,2.783439,2.598333,2.014391,-2.79118104819281,Asia
Georgia,GE,2010.0,47.3053055965742,28.632275335162973,3281.72930937343,92.0,72.128,17.20000000000003,18.4461840249862,-0.718320906162262,66.2496063543161,39.097999999999935,55.535,8.932113,72.128,20.10368999999999,9.07,0.464117,0.193265,0.15333,0.707019,2.783825,2.597554,2.033003,7.02428366897674,Asia
Georgia,GE,2011.0,47.1039663282681,33.28138531858503,4119.66818307193,94.0,72.39,13.299999999999976,22.1991814081631,-0.65695196390152,65.7203016200707,31.499000000000002,55.919,8.947842,72.39,19.635270000000006,8.01,0.466871,0.19372,0.156341,0.707202,2.786203,2.597258,2.040247,8.8036288733672,Asia
Georgia,GE,2012.0,47.3658792791988,38.09570637610402,4530.69533409431,92.0,72.412,15.399000000000022,23.0631259897014,-0.680453956127167,65.238006928164,28.698999999999984,56.303,8.963741,72.412,19.650260000000006,8.05,0.47082,0.194199,0.158729,0.707415,2.787449,2.597356,2.047773,7.36675215463949,Asia
Georgia,GE,2013.0,48.0110679804917,43.079689594468974,4712.00229382665,93.0,72.628,13.099999999999993,22.2517576861155,-0.441366165876389,65.0419538822212,32.406000000000056,56.685,8.982082,72.628,19.41811,7.88,0.474956,0.194697,0.161859,0.707667,2.789678,2.597842,2.055383,5.44978265548417,Asia
Georgia,GE,2014.0,48.9283077312397,48.30484328237601,4830.33486170249,91.0,73.099,14.5,20.9791754789627,-0.321507543325424,65.0725007872914,30.705999999999968,57.067,8.999573,73.099,17.45782000000002,7.9,0.478933,0.195209,0.164708,0.707955,2.791195,2.598647,2.062926,4.04162752314514,Asia
Georgia,GE,2015.0,49.996819095093,53.54734871313004,4086.6223465965,94.0,73.297,15.799999999999972,20.3304736500391,-0.472153753042221,65.1750586094685,27.502,57.448,9.018297,73.297,16.505120000000016,7.42,0.483852,0.195737,0.166974,0.708309,2.793426,2.599692,2.070307,3.18839294862944,Asia
Georgia,GE,2016.0,51.1333669590264,59.12832855879105,4143.40125686315,92.0,73.569,14.900000000000018,19.3139668885259,-0.320115089416504,65.2140557752196,27.19599999999998,57.837,9.035517,73.569,16.602930000000004,8.0,0.488798,0.196261,0.169635,0.708685,2.79403,2.600914,2.077194,3.38835328316745,Asia
Georgia,GE,2017.0,52.2179163725137,49.67455657981589,4418.75206546679,91.0,73.57,13.299999999999976,18.5342689563052,-0.375215023756027,65.2227859617201,27.502,58.231,9.054756,73.57,13.927720000000008,7.06,0.494333,0.196776,0.17164,0.709099,2.797379,2.602456,2.083073,5.14582677562736,Asia
Ghana,GH,2001.0,81.9443315802191,23.38269034575301,263.170141384943,79.0,58.107,25.800000000000015,61.7577773171224,-0.270498692989349,88.7561615540125,69.25300000000007,44.601,8.718589,58.107,9.594380000000015,3.17077661,0.548104,0.16918,0.121926,0.63554,3.37207,2.897526,0.974243,1.27030341934484,Africa
Ghana,GH,2002.0,80.4848338779615,22.878109087917032,297.046970350611,78.0,58.608,25.900000000000045,58.5079990125567,-0.15993432700634,91.2293486859453,65.67300000000002,45.275,8.741389,58.608,8.698529999999993,2.88721824,0.558872,0.169492,0.123205,0.63601,3.378144,2.899303,0.976363,1.66705097481452,Africa
Ghana,GH,2003.0,79.175230816221,22.382259133867002,357.847982643309,80.0,59.111,25.59699999999995,54.55157468354,0.0291865784674883,93.7396238024084,64.46200000000003,45.951,8.762949,59.111,7.7225199999999905,2.82690215,0.568143,0.169859,0.124324,0.636556,3.384365,2.901286,0.978416,2.3828249421414,Africa
Ghana,GH,2004.0,78.0020892436616,21.91009026393301,405.424901764719,80.0,59.191,25.400000000000045,51.0829457489213,0.0407909713685513,96.2751340423662,62.40899999999992,46.63,8.782716,59.191,6.757729999999992,2.76365352,0.576251,0.170201,0.125103,0.63705,3.390656,2.903238,0.980217,2.81890927634004,Africa
Ghana,GH,2005.0,76.9948109891692,21.463168131105977,477.601092763442,84.0,59.76,25.5,49.2965536275491,0.16971929371357,98.8703129120155,61.37699999999998,47.308,8.795766,59.76,5.816120000000004,3.63137388,0.581164,0.170431,0.12625,0.637346,3.394195,2.904764,0.981616,3.12030742525397,Africa
Ghana,GH,2006.0,76.1077934066698,21.063030879083012,904.169527809899,84.0,59.988,24.598999999999954,48.7854118185382,0.0063961860723793,101.514397468577,58.742000000000026,47.988,8.801637,59.988,4.896729999999995,3.67091465,0.584756,0.170599,0.12712,0.63746,3.392917,2.905356,0.983429,3.62857797033644,Africa
Ghana,GH,2007.0,75.2491878535354,20.62140412993202,1047.19942781651,94.0,60.224,24.0,48.3578583443151,-0.0730612650513649,104.194075766898,54.492999999999995,48.669,8.804789,60.224,5.092689999999999,3.80248857,0.588305,0.170802,0.127886,0.637533,3.388954,2.905144,0.986165,1.66321253085184,Africa
Ghana,GH,2008.0,74.4682685281138,20.27222945264999,1178.95587732926,93.0,60.49,23.899000000000044,48.0313214086965,-0.0295159611850977,106.909057748088,57.2840000000001,49.351,8.804204,60.49,5.144909999999997,3.87511325,0.591365,0.171028,0.12871,0.637595,3.381607,2.904698,0.989201,6.37791278002531,Africa
Ghana,GH,2009.0,73.8398530342209,19.850292328625994,1044.00498892672,94.0,60.946,23.899000000000044,47.8232292154989,0.0278358180075884,109.65439922651,51.90199999999997,50.031,8.805029,60.946,5.351839999999999,4.37879181,0.593783,0.171267,0.129761,0.637682,3.376001,2.904623,0.991912,2.21956802326369,Africa
Ghana,GH,2010.0,73.4306472523468,19.559367981010993,1258.96419689048,94.0,61.157,23.704000000000004,47.7510099685389,0.026093240827322,112.396585215786,51.90199999999997,50.713,8.808412,61.157,5.383660000000004,4.22398996,0.597606,0.171515,0.130683,0.637855,3.371397,2.905608,0.993748,5.26723802894486,Africa
Ghana,GH,2011.0,73.1972060767863,19.386386885676032,1501.05917129856,91.0,61.652,23.39500000000003,52.8014316063294,0.16711214184761,115.170699657203,50.09200000000003,51.394,8.816301,61.652,4.228369999999995,4.69264126,0.600392,0.171816,0.132494,0.638148,3.370711,2.907637,0.995103,11.3000726943874,Africa
Ghana,GH,2012.0,73.0408756091822,19.37895165490803,1536.61963499859,92.0,62.081,23.266,56.9570423348518,0.130694985389709,118.039738068032,46.52099999999998,52.073,8.827388,62.081,3.1416500000000007,4.00799608,0.604007,0.172222,0.134146,0.638583,3.37133,2.910347,0.996753,6.6363517017998,Africa
Ghana,GH,2013.0,72.8967418354936,18.75265593075601,2282.40750113579,90.0,62.42,23.39500000000003,44.7306236715724,0.0606060847640038,120.970365649996,46.18099999999993,52.748,8.84008,62.42,2.17164,4.59225416,0.607083,0.172728,0.136281,0.639171,3.372319,2.913824,0.998674,4.71277222596768,Africa
Ghana,GH,2014.0,72.6995576054061,18.243212992324008,1942.92184179852,98.0,63.045,24.0,43.9627293584075,-0.106807962059975,123.918247341127,47.64899999999992,53.419,8.857713,63.045,4.411489999999998,4.01644135,0.611094,0.173326,0.138663,0.639912,3.375781,2.918105,1.000832,0.40940094711712,Africa
Ghana,GH,2015.0,72.4041317602451,20.829183310732997,1711.27132561453,88.0,63.175,24.396000000000043,68.0112284884927,-0.0382289066910744,126.882917289268,43.969000000000015,54.086,8.879896,63.175,6.80519,4.5429678,0.615468,0.174007,0.141231,0.640804,3.382018,2.923209,1.003159,-0.265332917264004,Africa
Ghana,GH,2016.0,71.9550396349568,20.458355755238024,1900.39769521465,93.0,63.89,24.598999999999954,62.8889642906448,-0.138907715678215,129.886187044036,45.204999999999934,54.749,8.904133,63.89,5.234230000000004,3.39035821,0.620411,0.174769,0.144081,0.641861,3.388093,2.92928,1.005638,0.983231574681142,Africa
Ghana,GH,2017.0,71.3243931973547,20.458355755238024,1998.72279840363,99.0,64.013,24.900000000000045,60.3590341738153,0.0820363312959671,132.821754416806,45.27400000000003,55.407,8.933392,64.013,3.372380000000004,3.73087549,0.625915,0.175606,0.147452,0.643099,3.396647,2.936416,1.008257,5.73907811296539,Africa
Guam,GU,2001.0,55.1772504563359,18.70733382320201,7684.036788088331,99.0,75.41,14.556000000000006,9.10327604492266,-0.776525020599365,299.118518518518,0.39999999999999925,93.233,9.744608,75.41,13.21668999999999,4.97810316,0.789588,0.260766,0.240416,0.4789,3.439942,3.320364,1.214632,2.4317598360556225,Oceania
Guam,GU,2002.0,55.4511116423619,18.70733382320201,20878.059583054,75.0,75.793,14.556000000000006,8.93951765792708,-1.18801403045654,301.042592592593,0.39999999999999925,93.334,9.751808,75.793,11.397299999999998,4.97810316,0.789821,0.260862,0.241534,0.479033,3.441442,3.322104,1.217012,2.4317598360556225,Oceania
Guam,GU,2003.0,55.5099748724587,18.70733382320201,21844.110536463,87.0,76.504,14.556000000000006,8.74529706603243,-0.776525020599365,302.564814814815,0.5,93.435,9.760452,76.504,9.69160000000001,4.97810316,0.790119,0.260966,0.24309,0.479146,3.443596,3.323118,1.220417,0.371784091097084,Oceania
Guam,GU,2004.0,55.2685891731203,18.70733382320201,23590.8880271213,99.0,76.923,14.556000000000006,8.55108642342586,0.634409844875336,303.711111111111,0.5,93.534,9.770551,76.923,7.703190000000006,4.97810316,0.791048,0.261055,0.245252,0.479219,3.446458,3.323427,1.224092,6.09185017990808,Oceania
Guam,GU,2005.0,54.7226979317613,18.70733382320201,25621.845162075,92.0,77.182,14.556000000000006,8.38735788429454,0.746284067630768,304.5,0.39999999999999925,93.631,9.779683,77.182,6.997139999999999,4.97810316,0.791253,0.261118,0.246134,0.479256,3.451433,3.323145,1.227344,3.37380314166016,Oceania
Guam,GU,2006.0,53.9599285707608,18.70733382320201,25735.5396994079,97.0,77.136,14.556000000000006,8.26878678535285,0.703987658023834,304.953703703704,0.39999999999999925,93.727,9.795661,77.136,7.396179999999991,4.97810316,0.793239,0.261165,0.246544,0.479251,3.462351,3.322772,1.230339,-3.79586103292689,Oceania
Guam,GU,2007.0,53.0145433607608,18.70733382320201,26686.8168217379,92.0,77.098,14.556000000000006,8.17327471448735,0.431097239255905,305.116666666667,0.39999999999999925,93.822,9.819462,77.098,8.299019999999995,4.97810316,0.795336,0.261225,0.247085,0.479233,3.479344,3.322979,1.23426,0.663420001287491,Oceania
Guam,GU,2008.0,51.9953863898501,18.70733382320201,28277.432083776,95.0,77.185,14.556000000000006,8.07613320264352,0.441606163978577,305.046296296296,0.39999999999999925,93.916,9.845341,77.185,8.890470000000002,4.97810316,0.796089,0.261275,0.248284,0.479181,3.498779,3.323228,1.238505,2.05812610091698,Oceania
Guam,GU,2009.0,51.0504143836559,18.70733382320201,29335.2776765099,91.0,77.094,14.556000000000006,7.95267378076683,0.401251554489136,304.777777777778,0.5,94.008,9.867721,77.094,9.29650999999999,4.97810316,0.798196,0.26132,0.248807,0.479122,3.514411,3.323147,1.242718,0.527173492282913,Oceania
Guam,GU,2010.0,50.9731936866005,18.70733382320201,30011.2185803948,92.0,76.879,14.556000000000006,7.77820797980273,0.395871073007584,305.37962962963,0.5,94.099,9.878134,76.879,8.19852000000001,4.97810316,0.799876,0.261332,0.249634,0.479026,3.520005,3.32188,1.246381,2.06170827793916,Oceania
Guam,GU,2011.0,51.7029479911716,18.70733382320201,30087.7155914011,93.0,76.872,14.556000000000006,7.38091578853416,0.791545987129211,306.757407407407,0.5,94.188,9.880147,76.872,13.293259999999977,4.97810316,0.800996,0.261324,0.249656,0.478919,3.519842,3.319812,1.249598,-0.371836420369732,Oceania
Guam,GU,2012.0,52.6084085406119,18.70733382320201,31642.1462570316,99.0,76.707,14.556000000000006,7.50094795897567,0.780917644500732,308.133333333333,0.5,94.277,9.882575,76.707,12.196280000000018,4.97810316,0.801478,0.261313,0.25007,0.478805,3.519789,3.317791,1.253329,1.67778633037877,Oceania
Guam,GU,2013.0,53.5964178335984,18.70733382320201,32318.8908975541,99.0,76.72,14.556000000000006,8.6039665673128,0.798485517501831,309.359259259259,0.6160000000000009,94.364,9.884767,76.72,11.50288,4.97810316,0.802913,0.261305,0.250873,0.478692,3.517599,3.315904,1.257481,1.28743057544523,Oceania
Guam,GU,2014.0,54.5770749529468,18.70733382320201,33483.9414359299,98.0,76.749,14.556000000000006,8.15054249728644,0.750133275985718,310.264814814815,0.6980000000000013,94.449,9.885281,76.749,7.59747000000001,4.97810316,0.804113,0.261292,0.250894,0.47857,3.514454,3.314056,1.261902,1.49595325425531,Oceania
Guam,GU,2015.0,55.6418286603784,18.70733382320201,34522.3779304433,89.0,76.616,14.556000000000006,10.7767958943295,0.786707043647766,311.07037037037,2.2840000000000025,94.534,9.884639,76.616,6.900339999999989,4.97810316,0.804863,0.261287,0.251294,0.47846,3.50987,3.312318,1.266547,0.564587367873969,Oceania
Guam,GU,2016.0,56.756958088516,18.70733382320201,35052.8079075238,90.0,76.877,14.556000000000006,8.95124087366923,0.652095139026642,311.751851851852,4.391999999999995,94.617,9.88181,76.877,5.398409999999995,4.97810316,0.805646,0.261274,0.252103,0.478342,3.502616,3.310477,1.271352,-0.0370116024855349,Oceania
Guam,GU,2017.0,57.8613761270329,18.70733382320201,35663.0250406273,84.0,77.155,14.556000000000006,8.62061947259407,0.678459286689758,312.233333333333,3.917999999999996,94.699,9.876846,77.155,5.416739999999992,4.97810316,0.80633,0.261254,0.253393,0.478223,3.492856,3.308606,1.276184,0.734521661801594,Oceania
Guatemala,GT,2001.0,89.5211939635155,20.481682882665993,1550.36174652973,77.0,67.946,5.601000000000011,36.5460733532087,-0.494073361158371,110.783547965659,61.29400000000007,45.668,11.179858,67.946,2.7463400000000013,6.07023716,0.70597,0.189095,0.212719,0.732444,3.486581,2.853277,2.999772,-0.0965681262265718,Americas
Guatemala,GT,2002.0,88.6087041985109,21.674693141003033,1682.99450068936,82.0,68.386,4.807000000000007,35.1317690659313,-0.834293127059937,113.358697275103,63.73700000000011,46.005,11.123374,68.386,2.74778,6.01301289,0.70422,0.189344,0.213666,0.733344,3.487929,2.858475,2.936396,1.48038851969432,Americas
Guatemala,GT,2003.0,87.440425290355,22.699459399419023,1737.87928692973,84.0,68.797,4.896999999999992,33.5005185285342,-0.774796605110168,115.857913400523,64.32900000000008,46.318,11.066524,68.797,2.807359999999996,6.15306854,0.701601,0.189625,0.215755,0.734329,3.487568,2.864035,2.873611,0.348007859398564,Americas
Guatemala,GT,2004.0,86.0553689768713,23.59168065103001,1859.09929915887,87.0,69.165,4.991999999999999,31.9211611002083,-0.808034837245941,118.347405748414,66.08700000000007,46.616,11.015712,69.165,2.971000000000003,6.26182795,0.69895,0.18991,0.216383,0.735319,3.48479,2.869514,2.820846,0.968363113159469,Americas
Guatemala,GT,2005.0,84.5513954353493,24.406339234399976,2068.48820631493,87.0,69.168,4.390999999999994,30.6625361401451,-0.835618197917938,120.831392310564,65.20399999999995,46.913,10.983123,69.168,3.0618,6.14826393,0.696271,0.190159,0.217593,0.736185,3.480905,2.874119,2.787891,1.15293409239077,Americas
Guatemala,GT,2006.0,82.97497419817,25.119581239999974,2251.07878386326,89.0,69.812,4.593000000000007,29.5999508598572,-0.735238790512085,123.3046845838,64.66899999999994,47.21,10.954121,69.812,2.949999999999996,6.36362219,0.69359,0.19041,0.218648,0.736977,3.466441,2.878226,2.769829,3.23821937056923,Americas
Guatemala,GT,2007.0,81.331979052328,25.119581239999974,2490.74782825487,85.0,70.1,20.093999999999962,28.5247503758314,-0.753424942493439,125.765369540873,63.28700000000006,47.508,10.916124,70.1,2.826469999999997,6.1918335,0.690712,0.190724,0.219789,0.737838,3.438977,2.882478,2.755606,4.25714892993594,Americas
Guatemala,GT,2008.0,79.6421930697723,25.119581239999974,2802.45158245094,95.0,70.356,16.598999999999975,27.5798309047198,-0.713971555233002,128.212943262411,66.493,47.807,10.874509,70.356,2.871960000000001,6.08129978,0.686783,0.191056,0.220678,0.738682,3.406449,2.886498,2.744363,1.32165978349745,Americas
Guatemala,GT,2009.0,77.9126351466495,25.119581239999974,2651.83174404335,92.0,70.641,15.700000000000028,26.9080886631746,-0.925672590732574,130.647536394177,65.33100000000006,48.104,10.835126,70.641,3.2091300000000014,6.33938646,0.683366,0.191358,0.221864,0.739416,3.374171,2.890026,2.734925,-1.39547065582242,Americas
Guatemala,GT,2010.0,76.1541904308127,25.119581239999974,2852.55759284808,94.0,70.878,13.40000000000001,26.652419867848,-0.852924466133118,133.069120940649,67.08800000000011,48.403,10.802648,70.878,3.4966300000000077,6.1247797,0.681025,0.191585,0.221966,0.739943,3.348861,2.892567,2.726701,1.0118948603419,Americas
Guatemala,GT,2011.0,74.4157471860078,25.119581239999974,3228.03827784076,88.0,71.177,11.001,30.2785784962163,-0.744141399860382,135.512458006719,67.08800000000011,48.701,10.775077,71.177,3.169739999999996,5.96306896,0.67999,0.191773,0.223332,0.740344,3.327176,2.894485,2.717977,2.28579516997895,Americas
Guatemala,GT,2012.0,72.7537943578867,25.119581239999974,3355.03477737406,96.0,71.463,11.499,27.3005597247054,-0.633820176124573,137.942721164614,67.34999999999988,49.0,10.747424,71.463,2.764789999999996,6.07316971,0.680093,0.191989,0.224417,0.740777,3.305923,2.896401,2.707824,1.16050888968185,Americas
Guatemala,GT,2013.0,71.1609009964298,25.119581239999974,3522.76742900978,96.0,71.728,13.099999999999993,29.0925322950372,-0.674156248569489,140.388027248973,67.16199999999995,49.311,10.717652,71.728,3.0220499999999966,5.77188921,0.678452,0.19223,0.225906,0.741241,3.28505,2.898381,2.696392,1.88864258053816,Americas
Guatemala,GT,2014.0,69.6709608592051,25.119581239999974,3779.62620518889,74.0,71.964,12.799999999999976,26.7327979035299,-0.655563533306122,142.836095558044,66.19299999999997,49.634,10.689601,71.964,2.7121900000000023,5.8885684,0.677763,0.192491,0.227451,0.741737,3.265867,2.900451,2.683841,2.65391190936224,Americas
Guatemala,GT,2015.0,68.2948569343031,25.119581239999974,3994.62908519019,70.0,72.103,14.0,27.4004163899267,-0.654437899589539,145.27266703994,63.28700000000006,49.971,10.663794,72.103,2.5048600000000003,6.00602007,0.677789,0.192765,0.228957,0.742245,3.249042,2.902515,2.670481,2.34629514622338,Americas
Guatemala,GT,2016.0,66.9565538429082,25.119581239999974,4173.28134863663,83.0,72.355,16.598999999999975,25.2167964925021,-0.545003712177277,147.701474430758,63.23099999999995,50.319,10.636429,72.355,2.5809099999999976,6.07008219,0.677471,0.193053,0.230272,0.742788,3.231614,2.904734,2.656497,0.989365749396498,Americas
Guatemala,GT,2017.0,65.6760518487585,25.119581239999974,4454.02450948165,91.0,72.551,18.09599999999997,25.1845452119376,-0.651365458965302,150.125214632325,65.01299999999998,50.68,10.61196,72.551,2.464939999999997,6.13563824,0.678176,0.193344,0.23211,0.743332,3.216025,2.906947,2.642026,1.41564884120322,Americas
Guinea,GN,2001.0,97.8312789050378,37.99851011374703,488.475709431074,50.0,52.662,30.69999999999996,46.2915148965972,-0.665949761867523,34.3713047370991,84.8060000000001,31.144,8.662671,52.662,4.594810000000006,4.89139318,0.425494,0.165122,0.108047,0.626928,3.520862,2.896689,0.919529,2.32360541906462,Africa
Guinea,GN,2002.0,98.617975899441,37.067529544088984,501.482171108637,53.0,53.278,30.199999999999964,45.7195532636765,-1.42116582393646,34.9087986325899,84.33400000000009,31.42,8.669333,53.278,4.550439999999997,5.36402321,0.427203,0.165116,0.107999,0.627096,3.524538,2.896587,0.920794,3.54538056696634,Africa
Guinea,GN,2003.0,98.1039076065687,36.29360785215097,572.847979010141,57.0,53.678,30.300000000000036,45.0214167699546,-0.78889536857605,35.7002034836399,83.49,31.698,8.675466,53.678,4.651020000000004,4.78055525,0.429227,0.165116,0.107666,0.627278,3.527883,2.896229,0.922067,-0.995885504971653,Africa
Guinea,GN,2004.0,97.6420464696092,35.47425495822499,591.534972732037,60.0,54.117,30.599999999999945,44.4059611642013,-1.03338360786438,36.4684966628683,83.19099999999993,31.977,8.682587,54.117,4.758830000000002,4.78467607,0.432143,0.165118,0.107349,0.627445,3.531434,2.895921,0.923177,0.184086182243547,Africa
Guinea,GN,2005.0,97.3603061508501,34.76378406329297,468.535582477966,59.0,54.632,30.69999999999996,44.0820421951864,-1.15397679805756,37.1972733192251,81.60000000000015,32.257,8.688214,54.632,4.897509999999998,4.04512262,0.432593,0.165116,0.107126,0.627572,3.535905,2.895895,0.924007,0.979328740156433,Africa
Guinea,GN,2006.0,96.8997229238811,33.876049552626,452.276159713719,57.0,55.108,30.69999999999996,43.9817436076682,-1.90892851352692,37.9725907537034,81.09000000000013,32.539,8.690652,55.108,4.957720000000009,3.61521959,0.433255,0.165074,0.107527,0.627631,3.536202,2.895316,0.925647,-0.876468729221926,Africa
Guinea,GN,2007.0,96.0439790154476,33.008337260737015,657.993473811195,63.0,55.553,31.099999999999945,43.9049134748938,-2.40334820747375,38.8534999186065,80.39199999999988,32.822,8.690644,55.553,4.834009999999998,3.46627593,0.433099,0.164985,0.106842,0.627667,3.535666,2.894023,0.928362,4.39564323238255,Africa
Guinea,GN,2008.0,95.0356945067932,32.21140199193702,712.099416076712,60.0,56.044,30.69999999999996,43.8620540383665,-2.09733891487122,39.800524987791,80.19899999999988,33.106,8.691684,56.044,4.841519999999995,3.26562262,0.43292,0.164884,0.106667,0.627684,3.535645,2.892437,0.931447,1.65524540504553,Africa
Guinea,GN,2009.0,94.0631493333591,31.452424730704983,670.261253626844,57.0,56.348,30.599999999999945,43.8636675395894,-2.116455078125,40.7835056161485,79.19999999999987,33.391,8.693993,56.348,4.991529999999994,3.58147597,0.433785,0.164815,0.106636,0.627723,3.535604,2.891235,0.934195,-3.50582431742407,Africa
Guinea,GN,2010.0,93.1311122510534,30.61429906286097,667.281601897555,64.0,56.72,30.994,43.9202562200658,-1.6870790719986,41.7985023604102,75.64799999999998,33.678,8.698347,56.72,5.130670000000004,3.42782617,0.434597,0.164815,0.106579,0.627795,3.537796,2.890892,0.935873,2.26817828884663,Africa
Guinea,GN,2011.0,92.12427613805,29.919526049936948,644.502548659895,63.0,57.019,30.599999999999945,45.7355495093342,-1.38805401325226,42.8443431548104,74.7930000000001,33.966,8.702029,57.019,5.125069999999997,3.78955102,0.435497,0.16489,0.107005,0.627921,3.538543,2.891207,0.936966,3.03408421699085,Africa
Guinea,GN,2012.0,91.044858844281,29.29609893224602,707.967678199003,57.0,57.406,29.403000000000052,47.8451474722102,-1.2870124578476,43.9064463617125,76.39299999999992,34.255,8.708723,57.406,4.890940000000001,3.50398517,0.437637,0.165015,0.107378,0.628105,3.54052,2.89185,0.938218,3.35318036178262,Africa
Guinea,GN,2013.0,90.0158830255815,28.640459599600963,757.692272561928,50.0,57.791,29.5,37.4448110683296,-1.22985172271729,44.9919827445873,78.47399999999998,34.545,8.717203,57.791,4.9772199999999955,3.46108699,0.440238,0.16519,0.107999,0.628347,3.542947,2.892857,0.939625,1.43775526659167,Africa
Guinea,GN,2014.0,88.9543058040437,28.038769928094002,774.5690395852,44.0,57.886,29.800000000000036,39.8496366263944,-0.95524275302887,46.1230872537848,78.57900000000008,34.836,8.72824,57.886,5.11075,4.787992,0.443211,0.165411,0.109006,0.628632,3.546566,2.894246,0.941168,1.15353950301376,Africa
Guinea,GN,2015.0,87.9291164743677,27.406609819467022,756.425589810936,47.0,58.134,29.900000000000055,54.2776680884158,-0.386475414037704,47.3140078137718,76.1929999999999,35.141,8.740464,58.134,5.252569999999994,5.80919266,0.446693,0.165683,0.109931,0.628972,3.550241,2.896095,0.942849,1.21255318822197,Africa
Guinea,GN,2016.0,87.0536481386485,26.873212137711974,720.473255172646,47.0,58.763,29.70099999999997,49.6336310986966,-0.396070927381516,48.555205111509,75.41700000000013,35.46,8.755918,58.763,5.016450000000002,5.39694929,0.450933,0.166012,0.111306,0.629384,3.555368,2.89844,0.944475,7.98776380538011,Africa
Guinea,GN,2017.0,86.2284282192735,26.32491711227901,843.464279230956,47.0,59.109,29.800000000000036,49.7395461030353,-0.69907408952713,49.8160060231157,72.01500000000001,35.793,8.773334,59.109,4.81694,3.91512918,0.456326,0.166393,0.112388,0.629857,3.560933,2.901304,0.946133,7.50840564635335,Africa
Guinea-Bissau,GW,2001.0,91.7582593551122,14.152322351257029,328.151291965488,53.0,50.445,30.400000000000055,54.5855572569738,0.775293171405792,44.7147937411095,91.19999999999996,36.622,8.828328,50.445,3.1953399999999976,4.53104782,0.459087,0.161976,0.108758,0.609923,3.602998,2.896869,0.988717,2.57496414524174,Africa
Guinea-Bissau,GW,2002.0,90.5906821470079,15.156027763933984,363.05646610899,57.0,50.986,30.599999999999945,52.8942507824626,-0.726157307624817,45.7211237553343,91.00600000000004,37.004,8.838141,50.986,3.22157,3.96902514,0.4597,0.161955,0.108929,0.610342,3.610025,2.899706,0.987484,1.37249458866995,Africa
Guinea-Bissau,GW,2003.0,89.6354752226931,16.11606752600298,420.790892535598,60.0,51.405,31.563999999999968,50.8821651561039,-0.494184494018555,46.7870910384068,88.97499999999997,37.387,8.849938,51.405,3.2842299999999973,3.53315258,0.461312,0.161946,0.10872,0.610857,3.618033,2.902965,0.986105,-2.55775288504572,Africa
Guinea-Bissau,GW,2004.0,88.8355081281437,17.057611977815014,432.194470322988,64.0,52.15,31.499000000000002,49.1964039183986,-0.378061443567276,47.9021692745377,88.59700000000015,37.772,8.862127,52.15,3.280429999999995,4.27734661,0.463426,0.161952,0.108397,0.611357,3.626225,2.90594,0.98483,-1.18321213572465,Africa
Guinea-Bissau,GW,2005.0,88.2440421372038,17.947368421100006,463.702263169306,68.0,52.249,31.499000000000002,48.4840706098473,-0.562525928020477,49.0651849217639,88.499,38.157,8.868806,52.249,3.220780000000002,4.5516243,0.463712,0.161959,0.108388,0.611677,3.631591,2.907658,0.983821,4.03393366150402,Africa
Guinea-Bissau,GW,2006.0,87.8424350464329,17.947368421100006,448.897490531661,71.0,53.371,31.38200000000005,48.5140057166139,-0.494073361158371,50.2877311522048,88.32699999999998,38.545,8.872877,53.371,3.204050000000001,5.0809288,0.463909,0.16196,0.108266,0.611891,3.635534,2.907994,0.983323,0.170577084231425,Africa
Guinea-Bissau,GW,2007.0,87.4874949915341,17.947368421100006,519.217934759624,74.0,54.155,31.499000000000002,48.6224332133203,-0.460553705692291,51.5850640113798,87.89999999999984,38.934,8.878344,54.155,3.2011899999999986,5.03941393,0.464377,0.161964,0.108037,0.612167,3.640708,2.907684,0.983407,-0.0194905283769486,Africa
Guinea-Bissau,GW,2008.0,87.0763561317049,17.947368421100006,640.048174194621,77.0,54.646,31.099999999999945,48.8075318731546,-0.709455966949463,52.9314011379801,88.38799999999992,39.325,8.880618,54.646,3.2189300000000003,5.45864058,0.464535,0.161975,0.107487,0.612462,3.643305,2.907092,0.983762,1.86593937936865,Africa
Guinea-Bissau,GW,2009.0,86.5628466300837,17.947368421100006,582.877268776159,80.0,55.541,31.299000000000042,49.0674804693048,-0.665870845317841,54.3099573257468,87.89999999999984,39.716,8.885772,55.541,3.2097399999999987,4.73428679,0.464856,0.162004,0.107201,0.61275,3.648185,2.906685,0.984091,-0.152497611943389,Africa
Guinea-Bissau,GW,2010.0,85.9892718123991,17.947368421100006,599.859967945903,83.0,56.23,31.499000000000002,49.400457774959,-0.690954327583313,55.7332859174964,87.80300000000007,40.111,8.890834,56.23,3.1967399999999997,5.26704073,0.465185,0.162056,0.107372,0.612987,3.652354,2.906811,0.984069,2.90839072286995,Africa
Guinea-Bissau,GW,2011.0,85.4336439227618,17.947368421100006,719.118765750612,86.0,56.967,31.200999999999958,51.054253759813,-0.753625988960266,57.2196657183499,87.89999999999984,40.508,8.89306,56.967,3.1432500000000014,6.21634817,0.466012,0.162134,0.107267,0.613197,3.653309,2.907419,0.983722,5.27734574421932,Africa
Guinea-Bissau,GW,2012.0,84.8989035060732,17.947368421100006,634.961809599423,87.0,57.69,31.099999999999945,55.8088467950236,-0.965295851230621,58.773719772404,87.80300000000007,40.908,8.896889,57.69,3.207339999999998,5.94134808,0.467892,0.162238,0.107462,0.613438,3.654301,2.908241,0.983317,-4.31170991612568,Africa
Guinea-Bissau,GW,2013.0,84.3591288909159,17.947368421100006,653.618532340544,87.0,58.232,31.499000000000002,41.5410405341867,-0.899927616119385,60.3752844950213,87.67599999999999,41.31,8.901291,58.232,3.224629999999999,7.03943443,0.469464,0.162363,0.108033,0.613681,3.655794,2.909167,0.982789,0.517015962619396,Africa
Guinea-Bissau,GW,2014.0,83.7790826384423,17.947368421100006,651.204531740983,86.0,58.61,32.23,43.5593468461234,-0.706451654434204,61.9953413940256,87.29600000000006,41.715,8.909748,58.61,3.312649999999999,9.96897411,0.472549,0.162516,0.108792,0.613949,3.659408,2.910359,0.982175,-1.67387050683585,Africa
Guinea-Bissau,GW,2015.0,83.1042124064094,17.947368421100006,644.179063890749,86.0,59.128,32.086999999999954,56.920191943344,-0.51657909154892,63.6173186344239,87.19899999999994,42.123,8.915947,59.128,3.2232299999999965,8.13228226,0.475158,0.162693,0.109678,0.614228,3.660965,2.911761,0.981464,3.42811115478085,Africa
Guinea-Bissau,GW,2016.0,82.324242722393,17.947368421100006,678.680279492738,85.0,59.674,31.701999999999952,52.6997265729536,-0.445275574922562,65.2401137980085,86.80800000000004,42.533,8.922537,59.674,3.1927900000000027,8.32881451,0.478736,0.162894,0.110119,0.614515,3.66221,2.913378,0.980685,2.6871797591976,Africa
Guinea-Bissau,GW,2017.0,81.3722084893955,17.947368421100006,781.975888258504,79.0,60.066,32.004,56.7814512632763,-0.497683495283127,66.8501422475107,86.80800000000004,42.945,8.931961,60.066,3.1376600000000003,7.00049543,0.482693,0.163117,0.110999,0.614791,3.66543,2.915177,0.979754,2.26523846204149,Africa
Guyana,GY,2001.0,67.7175191875134,2.207255793386997,937.29799220975,85.0,64.788,24.288000000000007,27.6749218196649,-0.162598490715027,3.85983743967488,31.005,28.606,12.468055,64.788,11.80196,3.05506778,0.708337,0.182825,0.203064,0.83859,4.056874,4.489447,1.988918,2.17748565093585,Americas
Guyana,GY,2002.0,67.7032648541822,2.680610075402998,955.030210470206,91.0,64.728,24.0,26.7373174249219,-0.561520338058472,3.86244856489713,34.203999999999965,28.518,12.511741,64.728,11.80922999999998,3.19353795,0.711114,0.182777,0.203902,0.838541,4.085056,4.48842,2.001931,1.06425842617712,Americas
Guyana,GY,2003.0,67.2978953666391,3.1039064946860027,976.993263294444,90.0,64.6,27.997000000000003,25.5932264409115,-0.436319321393967,3.86366268732537,34.59999999999994,28.307,12.55332,64.6,11.533720000000008,3.26884198,0.713981,0.182704,0.204444,0.838544,4.111298,4.488321,2.014028,-0.663450848034557,Americas
Guyana,GY,2004.0,66.4932596791533,3.4853798752190013,1036.01987731035,91.0,64.93,29.085999999999963,24.5833797227468,-0.554896175861359,3.86296164592329,35.49200000000001,28.064,12.591332,64.93,11.278539999999998,3.43770432,0.715895,0.182651,0.205609,0.838618,4.135617,4.489022,2.02392,1.58178359408005,Americas
Guyana,GY,2005.0,65.4879844555974,3.9266396943350013,1085.78488650781,93.0,65.132,28.498,24.0485081255405,-0.454965949058533,3.85932943865888,34.743000000000016,27.822,12.62142,65.132,11.066740000000003,3.79409742,0.717255,0.182667,0.206505,0.838806,4.155303,4.490554,2.03033,-1.85867875493553,Americas
Guyana,GY,2006.0,64.1938368339349,3.9807895634469963,3138.08220913067,93.0,65.667,33.20599999999996,23.9375255270104,-0.734118461608887,3.85251206502413,36.79900000000006,27.582,12.650148,65.667,10.700150000000017,3.93144464,0.716306,0.182803,0.207501,0.839173,4.176679,4.493263,2.034423,5.31564583896002,Americas
Guyana,GY,2007.0,62.7021353928078,4.020365990324,3609.90850934176,94.0,66.254,35.596999999999944,23.9276414429482,-0.559686779975891,3.84313436626873,33.09899999999994,27.343,12.679183,66.254,10.888359999999988,4.28126192,0.714952,0.183044,0.209115,0.839702,4.197154,4.497048,2.038168,7.45279543337966,Americas
Guyana,GY,2008.0,61.2034414578101,4.087085479222004,4011.386903582,93.0,66.288,22.997000000000003,23.9520301855779,-0.633931934833527,3.83108966217932,32.58999999999995,27.105,12.709914,66.288,11.108220000000003,4.20242214,0.712516,0.183344,0.211234,0.840331,4.219658,4.501454,2.041377,2.0751354960645,Americas
Guyana,GY,2009.0,59.7360900848798,4.170383608836997,4213.81622922287,98.0,66.563,15.59999999999998,23.9438660671232,-0.62998104095459,3.81639827279655,31.293000000000035,26.869,12.733471,66.563,11.418939999999994,4.35117149,0.710962,0.183647,0.212965,0.840966,4.235203,4.506029,2.043699,4.01036543277935,Americas
Guyana,GY,2010.0,58.3414134314518,4.243095452299998,4589.87249766592,95.0,66.743,18.0,23.836323399808,-0.458965748548508,3.79950215900432,30.596999999999948,26.634,12.749862,66.743,11.759530000000002,4.21897697,0.71009,0.183889,0.215626,0.841484,4.243912,4.510187,2.044674,4.6015377876125,Americas
Guyana,GY,2011.0,57.0709788800317,4.243095452299998,4960.00472639074,93.0,66.982,26.099999999999955,23.1327579636656,-0.434282511472702,3.78069596139192,32.79600000000004,26.4,12.758685,66.982,11.981629999999996,4.17213488,0.710751,0.184115,0.217457,0.841971,4.244611,4.514531,2.045249,5.71952598277396,Americas
Guyana,GY,2012.0,55.9451567802561,4.243095452299998,5461.39008471262,97.0,67.23,20.5,24.0202750476087,-0.499614059925079,3.77935483870968,28.698999999999984,26.4,12.765684,67.23,12.22464,3.7081871,0.712392,0.1844,0.220109,0.842545,4.239977,4.519602,2.046659,5.31368844499742,Americas
Guyana,GY,2013.0,55.2374088466755,4.243095452299998,5576.25020582207,98.0,67.473,19.78099999999999,23.9124180658873,-0.45660674571991,3.79690119380239,26.93800000000003,26.4,12.770141,67.473,12.514720000000006,3.80231309,0.714233,0.184738,0.223114,0.843181,4.23094,4.524978,2.048957,3.1743781661838,Americas
Guyana,GY,2014.0,54.9240142896037,4.243095452299998,5495.37707515986,98.0,67.882,28.398000000000046,24.2311867349748,-0.136097595095634,3.81567183134366,23.992000000000008,26.414,12.772252,67.882,12.89604999999998,3.94755435,0.71681,0.185126,0.226556,0.843879,4.217238,4.530527,2.052116,1.18626266545785,Americas
Guyana,GY,2015.0,54.715867642599,4.243095452299998,5668.42976474423,95.0,68.201,24.396000000000043,25.8352498994325,-0.139641344547272,3.8355651511303,24.997000000000003,26.441,12.770249,68.201,13.273349999999992,4.02264786,0.720859,0.185546,0.230387,0.844592,4.196997,4.536003,2.055865,0.165185136879359,Americas
Guyana,GY,2016.0,54.6160599166105,4.243095452299998,5905.38019563205,97.0,68.384,24.598999999999954,25.3854930398264,-0.0342189259827137,3.85616967233934,21.28099999999998,26.482,12.76576,68.384,13.561110000000006,4.01842117,0.726174,0.185998,0.233461,0.845338,4.173174,4.541543,2.060072,3.25278592612473,Americas
Guyana,GY,2017.0,54.631852558687,4.243095452299998,6220.97856820609,97.0,68.667,22.739000000000004,25.2164770735339,-0.0494407266378403,3.87732791465583,22.09799999999996,26.538,12.755891,68.667,13.81152,4.3191123,0.732391,0.186468,0.237636,0.846088,4.141724,4.547027,2.064557,3.1684214177762,Americas
Honduras,HN,2001.0,83.2020555056177,18.70733382320201,1118.94089428633,96.0,69.006,15.495999999999999,30.8754580684972,-2.23926711082459,61.1123514165698,50.41299999999998,45.964,9.049163,69.006,3.9998300000000007,5.92998314,0.671934,0.186068,0.181864,0.741452,2.679205,2.822469,1.766171,0.0020399276373268,Americas
Honduras,HN,2002.0,81.8880902176622,18.70733382320201,1119.42427348911,95.0,69.366,15.900000000000023,30.2462334556727,-0.252441436052322,62.7393690231477,49.772000000000034,46.61,9.063689,69.366,4.015989999999999,6.2445755,0.674504,0.186192,0.182436,0.741961,2.688082,2.825221,1.765293,1.06368066959264,Americas
Honduras,HN,2003.0,80.5184941771672,19.601742377099985,1142.81134979491,92.0,69.507,15.900000000000023,29.4430738497488,-0.379858076572418,64.3657252658861,47.907,47.267,9.081175,69.507,5.302580000000003,6.89004707,0.678239,0.186329,0.183376,0.742504,2.698531,2.828205,1.763991,1.90540343489569,Americas
Honduras,HN,2004.0,79.0658097787375,19.601742377099985,1201.24750461917,94.0,69.796,15.900000000000023,28.5787777048828,-0.391061931848526,65.9880865135401,46.729999999999976,47.927,9.09558,69.796,5.98273,6.85484362,0.680121,0.186477,0.184591,0.743081,2.707266,2.831323,1.762721,3.62051073154228,Americas
Honduras,HN,2005.0,77.5201941018039,19.601742377099985,1289.82311409217,98.0,70.104,15.799999999999972,27.7661434752318,-0.623264193534851,67.6075878094557,51.40700000000001,48.585,9.108049,70.104,4.908219999999995,7.50086403,0.682406,0.186628,0.185428,0.743659,2.713694,2.834378,1.761856,3.51021746268962,Americas
Honduras,HN,2006.0,75.8994031156446,19.601742377099985,1409.57974824961,95.0,70.261,15.799999999999972,26.8538605929398,-0.66790372133255,69.2215568862275,52.18299999999991,49.245,9.11723,70.261,3.5766599999999973,7.86318684,0.682463,0.186847,0.186976,0.744357,2.717066,2.837612,1.761909,4.08252284588259,Americas
Honduras,HN,2007.0,74.2120355807952,19.601742377099985,1559.88604406996,94.0,70.376,15.700000000000028,25.7618807352975,-0.43703019618988,70.8236839753329,50.58800000000002,49.905,9.128158,70.376,3.2104800000000036,8.08494949,0.682868,0.187164,0.188212,0.745238,2.720641,2.841237,1.762798,3.78620423344134,Americas
Honduras,HN,2008.0,72.468410074886,19.601742377099985,1713.41816440351,93.0,70.441,16.099999999999977,24.7098957241816,-0.527115523815155,72.4084100455805,49.996,50.566,9.140358,70.441,3.1558500000000023,8.60362625,0.682917,0.187524,0.190266,0.746205,2.724235,2.845082,1.764129,1.95039363236373,Americas
Honduras,HN,2009.0,70.6973444611485,19.601742377099985,1762.34916029174,97.0,70.911,16.299999999999972,23.9175973814691,-0.308192104101181,73.9771382607918,50.498999999999995,51.225,9.152056,70.911,3.2911599999999965,8.99592495,0.683492,0.18786,0.191746,0.747111,2.727727,2.848776,1.765344,-4.50062192122161,Americas
Honduras,HN,2010.0,68.9343142034868,19.601742377099985,1874.27170372599,97.0,71.088,16.399000000000022,23.6046775290367,-0.496909588575363,75.5289391366521,53.60800000000005,51.885,9.160243,71.088,4.116960000000004,8.72536373,0.683614,0.1881,0.193043,0.747808,2.729848,2.851968,1.765862,1.59990328102285,Americas
Honduras,HN,2011.0,67.1952341090917,19.601742377099985,2053.95969493403,97.0,71.439,16.299999999999972,27.5473866010646,-0.390435367822647,77.0623290731969,50.91999999999998,52.543,9.167944,71.439,4.475350000000005,8.79187012,0.684215,0.188283,0.194495,0.74835,2.731877,2.854812,1.765912,1.76956308676944,Americas
Honduras,HN,2012.0,65.4920708476767,19.601742377099985,2107.34542786596,98.0,71.734,16.299999999999972,24.209066840265,-0.350115597248077,78.5804540173385,49.27700000000008,53.202,9.180547,71.734,3.753849999999996,8.65655136,0.686766,0.188486,0.196186,0.748905,2.736479,2.857843,1.765882,2.11698699879715,Americas
Honduras,HN,2013.0,63.8195302052073,19.601742377099985,2064.55053629483,99.0,71.963,16.399000000000022,26.2100830737093,-0.438611596822739,80.0845205112164,51.088,53.858,9.192283,71.963,5.646149999999999,8.47723007,0.689584,0.188718,0.197404,0.749515,2.739904,2.861206,1.765952,0.861032610676844,Americas
Honduras,HN,2014.0,62.1573905436912,19.601742377099985,2164.42455009318,99.0,72.259,16.099999999999977,24.197048630279,-0.534083962440491,81.5787469836446,52.18299999999991,54.514,9.204118,72.259,7.086239999999993,7.91455746,0.692461,0.188971,0.198699,0.75014,2.74293,2.864642,1.766275,1.17043067945457,Americas
Honduras,HN,2015.0,60.557508912756,19.601742377099985,2257.22528369354,98.0,72.487,16.0,24.6931989438968,-0.472757905721664,83.0682366610064,50.80000000000005,55.165,9.218296,72.487,6.143719999999999,7.4837904,0.696499,0.189238,0.201099,0.750783,2.74576,2.868273,1.766644,1.97813209013502,Americas
Honduras,HN,2016.0,59.0696689848076,19.601742377099985,2295.53627000423,95.0,72.588,16.399000000000022,22.8829846790784,-0.437456160783768,84.5544552685673,52.70899999999992,55.813,9.232442,72.588,6.735699999999992,7.709445,0.699991,0.18952,0.202624,0.751426,2.74957,2.87193,1.767381,2.06683934614527,Americas
Honduras,HN,2017.0,57.6987045298292,19.601742377099985,2403.30608839303,90.0,72.692,16.200000000000028,22.0571250886782,-0.565637230873108,86.038448476182,45.57799999999998,56.457,9.24739,72.692,5.528120000000005,7.00668859,0.705705,0.189815,0.203339,0.752072,2.752301,2.875551,1.768607,3.03458083540451,Americas
India,IN,2001.0,64.5532432313999,6.974804642629994,449.910313665362,59.0,63.091,16.598999999999975,61.9068347721157,1.34965407848358,362.900086102805,47.09599999999998,27.918,10.164458,63.091,8.038959999999994,4.26,0.503517,0.261885,0.116833,0.553012,3.932223,3.284843,1.512145,2.94531936072761,Asia
India,IN,2002.0,63.7037887208391,7.011133158969995,468.845513103988,59.0,63.616,16.299999999999972,62.3725221530569,-1.21066498756409,369.405601054759,45.79700000000008,28.244,10.186319,63.616,8.247580000000005,4.24,0.503091,0.261983,0.118564,0.553141,3.95214,3.291147,1.506253,1.97590798376778,Asia
India,IN,2003.0,62.850414364167,7.047058152916006,543.845053399477,61.0,64.094,15.799999999999972,62.766353963477,-1.50999701023102,375.830378482371,45.57799999999998,28.572,10.207881,64.094,8.401170000000008,4.01,0.502613,0.262116,0.120365,0.5533,3.972797,3.298745,1.497945,6.01652056440179,Asia
India,IN,2004.0,61.9623214465652,7.088074377579997,624.108803038152,63.0,64.524,15.59999999999998,62.9461722470244,-1.28043293952942,382.170188585324,44.91500000000003,28.903,10.222774,64.524,8.548750000000014,3.96,0.502077,0.262264,0.122223,0.553467,3.98767,3.305828,1.489245,6.13260616679665,Asia
India,IN,2005.0,61.0573345444543,7.1516522406970005,710.511222493062,65.0,64.996,15.900000000000023,62.7698190473475,-1.01388049125671,388.350126631665,44.19999999999994,29.235,10.225284,64.996,8.698159999999998,3.79,0.501926,0.262404,0.124111,0.553622,3.990432,3.310625,1.482164,6.20601103217038,Asia
India,IN,2006.0,60.1209646695818,7.193521293367004,802.01374204361,65.0,65.412,16.299999999999972,61.1951099242157,-1.06518423557281,394.315125504929,43.19999999999992,29.569,10.145045,65.412,8.61506,3.63,0.501409,0.262612,0.126231,0.5538,3.939382,3.309677,1.451934,6.42604471329771,Asia
India,IN,2007.0,59.155016427882,7.232333764096005,1022.73246703925,64.0,65.788,16.70000000000003,58.0211349861865,-1.15429580211639,400.139852818017,41.501000000000005,29.906,9.961798,65.788,8.537080000000001,3.52,0.500222,0.262923,0.128591,0.554041,3.826047,3.303176,1.386798,6.09362578143026,Asia
India,IN,2008.0,58.2056112132693,7.277671164713002,993.503405259298,70.0,66.149,17.096999999999973,54.3676481000901,-1.10970735549927,405.872078810974,39.37700000000006,30.246,9.74257,66.149,8.485310000000002,3.51,0.499075,0.263258,0.131158,0.554323,3.691869,3.294631,1.308256,1.63078058917779,Asia
India,IN,2009.0,57.2811081750564,7.3356606875180095,1096.63613606381,74.0,66.513,17.0,51.3544031327568,-1.35554790496826,411.558010083446,37.42800000000004,30.587,9.554109,66.513,8.406359999999989,3.49,0.499124,0.263537,0.133841,0.554619,3.577715,3.287489,1.237784,6.37170938841676,Asia
India,IN,2010.0,56.3591581653336,7.358738502000012,1350.63447029137,79.0,66.909,17.20000000000003,50.1011539510167,-1.27798449993134,417.266848065546,36.203999999999944,30.93,9.463473,66.909,8.316199999999995,3.27,0.500607,0.263676,0.13647,0.554888,3.5259,3.285098,1.196834,7.01317458100183,Asia
India,IN,2011.0,55.4465917810221,7.358738502000012,1449.60330101112,82.0,67.359,17.39600000000003,61.708624213512,-1.32679533958435,422.987158910127,34.98200000000001,31.276,9.445955,67.359,8.221699999999998,3.25,0.503234,0.263563,0.139099,0.555144,3.520174,3.286323,1.178418,3.8180743120835,Asia
India,IN,2012.0,54.5574958742315,7.358738502000012,1434.01798692108,82.0,67.887,17.59999999999997,74.0031607462287,-1.28930985927582,428.65986196644,34.80000000000006,31.634,9.432074,67.887,8.155749999999989,3.33,0.506062,0.263156,0.141892,0.555425,3.51598,3.287912,1.161647,4.06082238436569,Asia
India,IN,2013.0,53.6951348540074,7.358738502000012,1438.05700503424,83.0,68.46,17.0,76.2501768290597,-1.22917413711548,434.258174889597,34.91100000000005,32.003,9.422921,68.46,8.087009999999998,3.75,0.509329,0.262489,0.144873,0.555729,3.5134,3.289877,1.147224,5.01461186438419,Asia
India,IN,2014.0,52.894428617527,7.358738502000012,1559.86377864962,85.0,69.074,16.099999999999977,79.0373957134889,-0.997911989688873,439.678092890128,33.91400000000005,32.384,9.41984,69.074,7.991779999999991,3.62,0.513028,0.261596,0.147937,0.55605,3.513171,3.292164,1.135894,6.08618022720231,Asia
India,IN,2015.0,52.1481006879403,7.358738502000012,1590.17433134297,87.0,69.636,15.59999999999998,73.810991410386,-0.954773545265198,444.931708030768,33.40000000000006,32.777,9.424011,69.636,7.89357,3.6,0.517256,0.260509,0.15115,0.55639,3.515554,3.294846,1.128306,6.72106763062213,Asia
India,IN,2016.0,51.4097340754424,7.358738502000012,1714.27953738629,88.0,70.117,15.299999999999972,75.7890035327013,-0.960426509380341,450.235719883358,32.998,33.182,9.436394,70.117,7.810389999999993,3.5,0.522072,0.259256,0.154442,0.556744,3.520805,3.298067,1.125008,6.98098970132099,Asia
India,IN,2017.0,50.6848281757911,7.358738502000012,1957.96981331058,89.0,70.467,15.199000000000028,67.3122713926644,-0.774099051952362,455.468934040542,32.5,33.6,9.458544,70.467,7.722929999999992,2.94,0.527411,0.257864,0.157758,0.557112,3.529853,3.301939,1.126607,5.56833351357884,Asia
Indonesia,ID,2001.0,54.7021196061619,10.781764270028981,739.003946535355,76.0,66.758,14.607999999999986,25.8543760470568,0.491320788860321,115.637944010154,44.24800000000004,42.783,7.879107,66.758,6.083209999999995,2.11850214,0.546554,0.220731,0.120529,0.536613,2.625586,3.254456,0.574638,2.19224697535924,Asia
Indonesia,ID,2002.0,54.1447266800464,10.07561114384699,888.901389665655,70.0,67.134,14.799999999999972,25.5291686460049,-1.58324420452118,117.23721144766,44.72299999999996,43.568,7.888957,67.134,6.6039000000000065,1.98062706,0.547179,0.221073,0.121129,0.537231,2.628493,3.258327,0.575525,3.07396717215921,Asia
Indonesia,ID,2003.0,53.602139318318,9.491575044860017,1052.41319921916,71.0,67.413,14.5,25.1975719602112,-2.09539484977722,118.816438608611,43.00500000000001,44.356,7.90014,67.413,6.657440000000005,2.24837184,0.548351,0.22143,0.121749,0.537891,2.631728,3.262491,0.5765,3.38769983664584,Asia
Indonesia,ID,2004.0,53.0836903653964,8.96758991579699,1136.75521127965,71.0,65.75,14.400000000000013,24.8275783674222,-1.90860557556152,120.338912682109,41.501000000000005,45.149,7.90971,65.75,7.305559999999996,2.12002277,0.549071,0.221777,0.122269,0.53847,2.634367,3.266157,0.577599,3.70207032744014,Asia
Indonesia,ID,2005.0,52.6459197638898,8.524163564757997,1249.39769359418,72.0,67.649,14.299999999999976,24.3871802453844,-1.5181759595871,121.865687644173,41.59599999999995,45.942,7.915919,67.649,7.942720000000008,2.53189397,0.549916,0.222085,0.122975,0.538811,2.635058,3.268223,0.578851,4.36841866653896,Asia
Indonesia,ID,2006.0,52.2669412827263,8.713123280404986,1572.79793972155,72.0,67.914,14.200000000000024,23.8860554289587,-1.41766691207886,123.459430770075,40.07199999999996,46.738,7.924352,67.914,7.549690000000007,2.61946416,0.551714,0.222437,0.123953,0.538913,2.632224,3.268861,0.58625,4.13903544058229,Asia
Indonesia,ID,2007.0,51.9444027459425,8.953131001618985,1840.32992667702,73.0,68.189,13.700000000000024,23.3156711321389,-1.19806575775146,125.08970029065,39.995000000000005,47.535,7.939325,68.189,8.054989999999986,2.82385564,0.5548,0.2229,0.125266,0.538915,2.625918,3.269533,0.601993,4.95904841842633,Asia
Indonesia,ID,2008.0,51.6757316979876,9.154875909871985,2144.38954419287,77.0,68.226,13.5,22.6167038013704,-1.05679154396057,126.729233099638,41.09199999999994,48.335,7.956692,68.226,7.211489999999992,2.54842305,0.558683,0.223427,0.126898,0.53887,2.618158,3.270112,0.620544,4.64217359780631,Asia
Indonesia,ID,2009.0,51.3833621385041,9.322781709921994,2239.09526529896,78.0,68.494,13.900000000000013,21.7298298830988,-0.751153647899628,128.350924278263,38.201999999999956,49.134,7.973251,68.494,6.105289999999997,2.62324095,0.562511,0.223974,0.128568,0.538839,2.612387,3.27062,0.636352,3.30690394106003,Asia
Indonesia,ID,2010.0,51.0581042637434,9.499633137321016,3094.44307866403,81.0,68.679,13.700000000000024,20.5957258237696,-0.853916168212891,129.967352127994,35.992,49.914,7.984515,68.679,5.612959999999999,2.7908783,0.565929,0.224499,0.130405,0.538881,2.609842,3.2711,0.643859,4.90272857873705,Asia
Indonesia,ID,2011.0,50.7365315585402,9.659450381853006,3613.8008884858,81.0,68.823,13.800999999999977,17.9185723142468,-0.770114183425903,131.609691832679,32.406000000000056,50.595,7.992904,68.823,5.152360000000005,2.98942471,0.56906,0.225059,0.132299,0.539009,2.610547,3.271588,0.645342,4.84490570055715,Asia
Indonesia,ID,2012.0,50.4108196282503,9.80000823227299,3668.21208337097,87.0,68.973,13.0,19.553351601333,-0.593262791633606,133.273056091576,30.14599999999996,51.276,8.003212,68.973,4.468240000000006,2.91427088,0.572218,0.225729,0.134503,0.539179,2.612448,3.272439,0.646696,4.70670292023203,Asia
Indonesia,ID,2013.0,50.0587912539981,9.945056857515016,3602.88551680629,92.0,69.264,12.896000000000004,20.1029935644832,-0.51926463842392,134.899256944936,30.596999999999948,51.955,8.015302,69.264,4.336610000000004,2.86934805,0.575353,0.226495,0.136988,0.539385,2.615656,3.273531,0.647894,4.28477845676873,Asia
Indonesia,ID,2014.0,49.7188032478639,10.073559092329988,3476.62485441547,88.0,69.533,12.700000000000022,18.5354648917633,-0.416824042797089,136.47252624341,29.292000000000026,52.635,8.028637,69.533,4.048479999999997,2.96433568,0.578526,0.227347,0.139724,0.539632,2.619625,3.274875,0.648908,3.79614076779593,Asia
Indonesia,ID,2015.0,49.390386169511,10.379738349103985,3322.58167895444,84.0,69.699,12.299999999999978,18.6712786457665,-0.619956314563751,137.996989644313,26.602999999999955,53.313,8.044443,69.699,4.515930000000004,2.92428517,0.581601,0.228273,0.142546,0.539916,2.625926,3.276482,0.649699,3.71774546908827,Asia
Indonesia,ID,2016.0,49.0676130429704,10.689305023473,3558.81885175737,84.0,69.798,12.1,19.1310042759597,-0.379699736833572,139.466062394042,27.800000000000026,53.989,8.061634,69.798,4.300519999999995,3.02147198,0.585003,0.22926,0.145616,0.540234,2.633091,3.278178,0.650252,3.92669809073649,Asia
Indonesia,ID,2017.0,48.7708005331901,10.689305023473,3839.78507460491,85.0,69.936,11.803999999999983,16.9555634840925,-0.504938900470734,140.876791127014,25.209999999999987,54.659,8.081211,69.936,3.7805299999999975,2.90417194,0.588079,0.230297,0.148782,0.540591,2.642736,3.28022,0.650506,4.0176256075747,Asia
Iraq,IQ,2001.0,86.6563874352584,6.366334313209986,1422.83133890376,78.0,67.034,20.597999999999967,42.1509534852763,0.376421362161636,58.1330749708485,0.3010000000000005,68.55,11.827319,67.034,8.29054,4.97810316,1.798996,0.184597,0.169427,0.662083,3.680931,4.682812,0.648473,-1.42758350962424,Asia
Iraq,IQ,2002.0,86.0013019566826,6.2163034175199945,1254.16204512828,77.0,67.084,20.899000000000036,42.2186306413067,-1.60128676891327,60.0300500720214,0.3010000000000005,68.604,11.805408,67.084,8.635599999999995,4.97810316,1.77632,0.184989,0.170858,0.662474,3.678887,4.683708,0.648172,-11.0994372024148,Asia
Iraq,IQ,2003.0,85.3384535623094,6.099979635599003,809.845684048259,75.0,65.643,21.999000000000002,42.2720869159646,-2.39324522018433,61.8899855957199,0.3010000000000005,68.658,11.781014,65.643,8.96733000000001,2.99693584,1.749491,0.185398,0.172481,0.662874,3.678336,4.684695,0.647739,-38.5617199624458,Asia
Iraq,IQ,2004.0,84.6687533387958,5.856191886744003,1314.96958425703,74.0,65.031,21.099999999999962,42.3481220691727,-3.18035173416138,63.696522395226,0.39999999999999925,68.712,11.763337,65.031,8.73284,3.90128636,1.727968,0.185751,0.174095,0.663216,3.679442,4.685506,0.647359,49.0316374560103,Asia
Iraq,IQ,2005.0,83.9067781855028,5.6940846945840065,1744.50872617768,65.0,64.844,19.297999999999973,42.4835358608539,-2.68864846229553,65.6164894711571,2.418000000000003,68.766,11.755248,64.844,8.600360000000002,3.01704645,1.716263,0.185983,0.175876,0.663476,3.679807,4.686576,0.647267,-1.30307417239031,Asia
Iraq,IQ,2006.0,83.0331949579514,5.500246881094001,2253.78598408336,59.0,63.587,19.596999999999966,43.2338400632279,-2.82640218734741,66.0895969087958,2.586999999999997,68.819,11.764203,63.587,8.431400000000002,2.49370432,1.719093,0.186128,0.177768,0.663618,3.681522,4.687964,0.64811,4.89002068704167,Asia
Iraq,IQ,2007.0,82.1028029366822,5.285598957196004,3099.59204401168,57.0,63.553,20.23700000000001,44.766523137035,-2.77105069160461,65.5300706495644,2.0,68.873,11.782133,63.553,8.646249999999988,3.2148056,1.729611,0.186292,0.179811,0.663721,3.683579,4.689106,0.650013,2.75551860364405,Asia
Iraq,IQ,2008.0,81.1392417383809,5.064050985511992,4504.50810924484,69.0,64.942,21.099999999999962,46.5363498749787,-2.46689653396606,66.8047214029312,1.099999999999998,68.927,11.804349,64.942,8.46725,3.06604242,1.74307,0.18647,0.181688,0.663798,3.687278,4.68976,0.652285,6.16308781540116,Asia
Iraq,IQ,2009.0,80.2075766809352,4.810805938474998,3686.40208888479,78.0,66.446,20.960000000000015,47.9980850697625,-2.17470788955688,69.7389942899245,1.200000000000002,68.98,11.825662,66.446,8.40954999999999,3.77203989,1.753418,0.186658,0.183805,0.663875,3.693152,4.690577,0.654177,-0.274959244203714,Asia
Iraq,IQ,2010.0,79.4170909846528,4.587007666171992,4430.42624189518,74.0,67.062,20.899000000000036,48.6064935140896,-2.23926711082459,71.9858053969424,1.7039999999999986,69.103,11.837369,67.062,8.25841999999999,3.23955345,1.7559,0.186861,0.186125,0.664014,3.697384,4.692134,0.654951,3.08154255163578,Asia
Iraq,IQ,2011.0,78.8526056347248,4.2675277125089925,5736.89895897239,81.0,67.659,18.499000000000002,44.5902054159628,-1.84698355197906,74.5488602873457,1.099999999999998,69.268,11.848963,67.659,8.18636,2.80316377,1.751559,0.187105,0.188519,0.664217,3.708303,4.694393,0.654867,3.84892964320558,Asia
Iraq,IQ,2012.0,78.3528835652915,3.9550814408739985,6437.50291063284,72.0,68.023,18.79999999999997,43.7633581476121,-1.93405020236969,77.9711894455701,1.2959999999999983,69.432,11.86012,68.023,7.9653500000000035,2.69365859,1.738102,0.187411,0.191375,0.664458,3.72696,4.697119,0.654695,8.93550650001869,Asia
Iraq,IQ,2013.0,77.8163773204411,3.6136324370619968,6612.90225210234,73.0,68.253,18.0,42.9162462504814,-2.01139044761658,81.7311944864188,1.497,69.595,11.868695,68.253,9.219719999999997,2.80868459,1.718023,0.187774,0.19421,0.664742,3.749134,4.700384,0.654428,2.72258015575287,Asia
Iraq,IQ,2014.0,77.2370050671959,3.226732275429,6215.98603314029,73.0,68.914,20.5,37.7947333258122,-2.48033785820007,84.6443629528618,0.9970000000000002,69.758,11.878339,68.914,10.587400000000008,2.78786659,1.689909,0.188192,0.197429,0.665088,3.778974,4.704734,0.654013,-3.2514207204341,Asia
Iraq,IQ,2015.0,76.52222656229,3.182947577404996,4416.94292408042,68.0,69.44,20.5,44.6439888371463,-2.25077962875366,86.9739178306859,0.8019999999999986,69.921,11.88849,69.44,10.839729999999998,3.15587044,1.656386,0.188659,0.201027,0.665481,3.813491,4.710038,0.653408,1.91791208865786,Asia
Iraq,IQ,2016.0,75.7171627898085,3.189792580776001,4308.84808910054,71.0,68.988,20.400000000000038,42.3367851899463,-2.30333304405212,89.1394772970184,0.8960000000000008,70.094,11.893474,68.988,10.822460000000005,4.58949184,1.614594,0.189173,0.204729,0.665932,3.850367,4.716061,0.652618,11.0230161898181,Asia
Iraq,IQ,2017.0,74.8838570425985,2.6906528489189965,4725.19357334032,81.0,70.413,20.400000000000038,40.02670906993,-2.29594826698303,91.2660828142852,0.5,70.278,11.899851,70.413,13.023669999999989,4.04064989,1.569569,0.189729,0.208672,0.666431,3.891163,4.722673,0.651614,-4.10746396999446,Asia
Israel,IL,2001.0,61.0738993742158,35.93816059602197,20909.430361637,92.0,79.4073170731707,9.200000000000015,25.2234272492841,-0.793961822986603,297.550831792976,6.3349999999999955,91.267,10.078817,79.4073170731707,11.809929999999985,7.02,0.69013,0.261445,0.407726,0.931399,4.223129,3.017391,0.547597,-2.00326599214151,Asia
Israel,IL,2002.0,60.8995878815426,37.56175889801905,19035.1024144493,90.0,79.4512195121951,8.700000000000015,25.1412265502932,-1.46213829517365,303.604436229205,6.497999999999999,91.33,10.070436,79.4512195121951,12.896479999999992,6.92,0.690817,0.261273,0.413775,0.928889,4.212075,3.017465,0.546142,-2.10585518337876,Asia
Israel,IL,2003.0,60.7952294788173,37.53071736665102,19627.1754936631,93.0,79.6487804878049,7.396999999999987,25.0639764650502,-1.51878440380096,309.135859519408,6.497999999999999,91.393,10.057996,79.6487804878049,13.506790000000018,6.86,0.6926,0.261067,0.419905,0.925924,4.196425,3.017644,0.544431,-0.420346476849517,Asia
Israel,IL,2004.0,60.6540880325074,36.42218634075899,20557.0786270029,95.0,80.1463414634146,7.671000000000009,24.9897069811385,-1.32268130779266,314.648798521257,6.698000000000005,91.456,10.043893,80.1463414634146,13.026639999999993,6.8,0.693812,0.260892,0.425134,0.923395,4.180606,3.017567,0.542487,2.9485462977587,Asia
Israel,IL,2005.0,60.4689051408586,36.744547040415064,21223.9355901939,93.0,80.1512195121951,7.097000000000013,24.9164480861416,-1.24752271175385,320.244916820702,6.997999999999999,91.518,10.030126,80.1512195121951,11.342610000000002,6.9,0.693844,0.260849,0.428808,0.92232,4.166551,3.017264,0.54049,2.3143861844074,Asia
Israel,IL,2006.0,60.2411124759168,36.92950423850005,22494.6420931621,95.0,80.5536585365854,6.401999999999988,24.8430702434375,-1.2592887878418,325.956561922366,6.868999999999991,91.58,10.018835,80.5536585365854,10.703650000000003,6.71,0.69255,0.26108,0.430569,0.922322,4.151368,3.023321,0.537625,3.73257258246224,Asia
Israel,IL,2007.0,60.1159419514204,37.194782024431944,25633.6432169583,95.0,80.5048780487805,5.801000000000001,24.7699951693732,-1.25203287601471,331.797597042514,6.698000000000005,91.641,10.011329,80.5048780487805,9.385210000000013,6.7,0.688567,0.261523,0.432092,0.922312,4.135361,3.038157,0.533317,4.16658243806236,Asia
Israel,IL,2008.0,60.1407190994889,37.458580341619964,30173.3615938856,94.0,80.9512195121951,5.891999999999991,24.6975797309857,-1.32310199737549,337.744916820702,8.899999999999984,91.702,10.001516,80.9512195121951,7.704669999999998,6.83,0.682852,0.262041,0.43343,0.922285,4.11655,3.056002,0.528356,1.43302293766602,Asia
Israel,IL,2009.0,60.3551222446461,37.677717421987005,28317.0408441487,96.0,81.4048780487805,4.481999999999998,24.6261807953123,-1.62521064281464,345.914972273567,8.5,91.763,9.991311,81.4048780487805,9.535919999999999,6.92,0.679267,0.262472,0.435409,0.922259,4.097488,3.071033,0.523383,-1.49960586559654,Asia
Israel,IL,2010.0,60.7582858438197,35.89928343162999,31266.6053174383,95.0,81.6024390243903,4.896999999999992,24.5561552293902,-1.34115171432495,352.292051756007,8.601000000000015,91.826,9.976028,81.6024390243903,8.47967000000001,6.89,0.679954,0.262677,0.43736,0.922266,4.07706,3.077535,0.519176,3.7557370227461,Asia
Israel,IL,2011.0,61.309653756923,37.22081555320797,34354.7161182231,94.0,81.6560975609756,4.687999999999995,24.4804002133439,-1.20131802558899,358.863216266174,9.138000000000016,91.892,9.957734,81.6560975609756,7.140960000000002,6.84,0.683791,0.262633,0.439838,0.922343,4.055852,3.077637,0.51564,3.6282031289701,Asia
Israel,IL,2012.0,62.0624181544326,38.55126805049706,33156.2283157638,94.0,81.7048780487805,3.600000000000003,22.1038555397058,-1.07890439033508,365.549907578558,2.933000000000001,91.96,9.933672,81.7048780487805,6.76084999999999,6.98,0.688269,0.262423,0.44213,0.922545,4.028824,3.07722,0.512261,0.711105773404924,Asia
Israel,IL,2013.0,62.771212108666,39.73492447050403,36941.8423573582,96.0,82.0560975609756,3.6609999999999974,22.578207348874,-1.10128474235535,372.435304990758,3.2880000000000047,92.031,9.904892,82.0560975609756,6.1374199999999925,6.96,0.692602,0.262064,0.445398,0.922852,3.996729,3.076188,0.509059,2.48512008275496,Asia
Israel,IL,2014.0,63.3565996408251,40.896256245661,38259.6810956173,95.0,82.1536585365854,3.600000000000003,21.175469715827,-1.03973531723022,379.653419593346,3.700999999999995,92.104,9.872671,82.1536585365854,5.789719999999996,7.05,0.698462,0.261536,0.448385,0.923216,3.960832,3.07424,0.506,1.94337709417314,Asia
Israel,IL,2015.0,64.0441128539557,42.03144068229401,36206.5222171621,95.0,82.0512195121951,4.199999999999995,22.1043027343095,-1.09781730175018,387.250462107209,3.700999999999995,92.179,9.837026,82.0512195121951,5.174849999999997,7.02,0.703864,0.260875,0.452504,0.923693,3.92133,3.071555,0.503205,0.475269154590265,Asia
Israel,IL,2016.0,64.8539992719881,41.37200092410398,37690.4739511859,94.0,82.4073170731707,4.316000000000004,18.8170113677762,-0.799367249011993,394.916820702403,3.9929999999999994,92.256,9.797263,82.4073170731707,4.722210000000011,7.099999999999999,0.710449,0.260075,0.457104,0.924225,3.876893,3.06786,0.500657,2.49264371119004,Asia
Israel,IL,2017.0,65.5842835462436,43.34881154047,41114.7817082553,98.0,82.5512195121951,3.9879999999999995,20.0293441275017,-0.894905567169189,402.647874306839,3.917999999999996,92.336,9.757016,82.5512195121951,4.141819999999995,7.18,0.71822,0.259139,0.461175,0.924802,3.832221,3.063078,0.498381,2.27442977959885,Asia
Jamaica,JM,2001.0,62.7067762366911,28.33341670682396,3502.21311800396,99.0,70.758,13.40000000000001,15.8452577509452,-0.350115597248077,242.419667590028,7.870999999999986,52.053,10.774353,70.758,6.676800000000004,5.15652943,0.921534,0.198348,0.250265,0.923453,2.553989,4.563041,1.363723,0.835387961721096,Americas
Jamaica,JM,2002.0,60.7185978934287,29.713678440186037,3683.89333770788,99.0,70.888,14.5,15.9120130856462,-0.208229526877403,243.605170821791,8.0,52.251,10.783796,70.888,6.654839999999998,4.74544334,0.926392,0.198233,0.251009,0.923552,2.557785,4.562594,1.364231,1.50092168541656,Americas
Jamaica,JM,2003.0,58.827599883292,31.115400676576005,3557.20059086002,96.0,70.806,13.599999999999989,15.9514800367871,-0.384524792432785,244.785503231764,8.127000000000011,52.437,10.793858,70.806,6.562579999999997,4.22014141,0.931329,0.198115,0.251631,0.92367,2.561818,4.562164,1.365131,3.16644847120502,Americas
Jamaica,JM,2004.0,57.0967091366481,32.52700440827101,3819.28423090316,98.0,70.86,12.400000000000002,15.9638977829502,-0.34566855430603,245.985595567867,6.39399999999999,52.625,10.801982,70.86,6.562250000000002,4.80435276,0.936075,0.198036,0.252132,0.923792,2.563666,4.561626,1.366655,0.829396049018285,Americas
Jamaica,JM,2005.0,55.583447445325,33.96893655866402,4200.38895442653,99.0,71.044,12.400000000000002,15.9495055027176,-0.298737347126007,247.171098799631,5.393999999999992,52.811,10.80998,71.044,6.597810000000004,4.54581785,0.939018,0.198034,0.252351,0.923931,2.566573,4.561116,1.368957,0.409882445425083,Americas
Jamaica,JM,2006.0,54.1850202586968,31.123967785520946,4435.57144393175,95.0,71.199,14.099999999999987,15.9267243980102,-0.320163667201996,248.352723915051,4.757000000000002,52.998,10.8226,71.199,6.617620000000006,4.20788145,0.940855,0.198154,0.25274,0.924244,2.566225,4.561436,1.378946,2.40954670132139,Americas
Jamaica,JM,2007.0,52.6722523221127,28.745369749574007,4738.44977777995,92.0,71.418,12.700000000000022,15.8986673973267,-0.256037086248398,249.420221606648,5.307000000000004,53.184,10.843663,71.418,6.61474,5.32057667,0.942718,0.198374,0.254005,0.924784,2.561822,4.56306,1.3989,0.997833755260743,Americas
Jamaica,JM,2008.0,51.0717879513561,26.843121516653984,5056.25803606977,91.0,71.612,12.400000000000002,15.8426112691161,-0.307299733161926,250.357617728532,5.895999999999994,53.371,10.873248,71.612,6.663080000000008,5.61143064,0.946205,0.198634,0.254964,0.925444,2.56029,4.565765,1.421946,-1.18312022336025,Americas
Jamaica,JM,2009.0,49.5173528881937,25.144434685594987,4452.12079882126,90.0,72.124,12.700000000000022,15.7358327818276,-0.363817691802979,251.375900277008,7.381999999999992,53.557,10.894813,72.124,7.313909999999996,5.14654493,0.948209,0.198868,0.256082,0.926036,2.555994,4.568348,1.441276,-4.73278335354918,Americas
Jamaica,JM,2010.0,47.9758358195383,23.714055492340023,4835.79108651148,94.0,72.622,11.399999999999995,15.5556087039102,-0.4295414686203,252.43730378578,8.899999999999984,53.743,10.909395,72.622,7.6305299999999985,5.2951932,0.950676,0.199009,0.257257,0.926408,2.556094,4.569921,1.45003,-1.87148268267046,Americas
Jamaica,JM,2011.0,46.5817228217327,22.417679371675977,5259.93175297891,92.0,73.094,12.896000000000004,14.9471227221815,-0.0629833340644836,253.57054478301,9.799999999999983,53.93,10.913935,73.094,8.034369999999997,5.23845339,0.95172,0.199068,0.257424,0.926569,2.557727,4.570486,1.450941,1.27572948209999,Americas
Jamaica,JM,2012.0,45.3349138675553,21.27751716519202,5365.24217204558,96.0,73.433,9.103000000000014,15.4247314936508,0.12050811201334,254.830747922438,12.19700000000002,54.132,10.919106,73.433,8.69676000000001,4.88512897,0.952109,0.199126,0.258016,0.926754,2.560541,4.571272,1.451288,-1.10512699572884,Americas
Jamaica,JM,2013.0,44.0792320980919,20.264269740040003,5143.72218263652,93.0,73.412,10.69900000000002,15.7749158665666,0.182374373078346,256.059926131117,11.398999999999996,54.35,10.923456,73.412,9.695119999999998,4.95443439,0.953076,0.199179,0.258106,0.926957,2.563119,4.572443,1.450576,0.0351655688553478,Americas
Jamaica,JM,2014.0,42.8606682359122,19.313578925780995,4991.56151652962,92.0,72.982,11.499,16.4597152483621,0.0244925320148468,257.113850415512,11.898,54.584,10.927094,72.982,9.047320000000004,5.16564465,0.951748,0.199222,0.258697,0.927137,2.56829,4.573627,1.448373,0.277089053422102,Americas
Jamaica,JM,2015.0,41.9527536175932,25.412742996347006,5077.55096915616,91.0,72.394,13.299999999999976,16.8646376023948,0.0859657227993011,258.028162511542,12.109000000000002,54.833,10.931166,72.394,8.822629999999988,5.62470436,0.950794,0.199259,0.259079,0.927324,2.575587,4.574925,1.444198,0.563876019949532,Americas
Jamaica,JM,2016.0,41.3300697297744,10.354344393902005,5022.70017844299,99.0,72.02,13.099999999999993,15.9558447798912,0.295468419790268,258.789935364728,11.111000000000006,55.098,10.932856,72.02,8.634540000000001,5.70102215,0.949323,0.199275,0.260215,0.927481,2.582892,4.576234,1.437436,1.07681542813329,Americas
Jamaica,JM,2017.0,40.6787539980113,17.439006179602977,5273.1490130852,93.0,71.911,13.5,16.6566414571584,0.298302531242371,259.314496768236,11.016000000000004,55.378,10.931455,71.911,7.395719999999996,6.14859295,0.947371,0.19927,0.25965,0.927605,2.592385,4.577528,1.427646,0.792818276894394,Americas
Kenya,KE,2001.0,91.0131160324289,25.350060176427988,408.36060874809,80.0,54.508,26.499000000000002,20.8918286880027,-1.29197180271149,55.8743771304073,78.32400000000005,20.239,9.981023,54.508,2.8685399999999985,3.76578307,0.464039,0.167697,0.121921,0.637405,3.711071,3.60563,1.27326,0.683718599881104,Africa
Kenya,KE,2002.0,89.5878189342111,22.47463052206802,401.092370099667,84.0,54.99,26.499000000000002,20.2950452058061,-1.18801403045654,57.5953596654602,78.8060000000001,20.591,9.983331,54.99,2.902040000000001,3.84691834,0.463741,0.167848,0.122065,0.637903,3.707975,3.607064,1.276735,-2.45753857083356,Africa
Kenya,KE,2003.0,88.2976348705406,20.266294731783987,441.391411736172,73.0,55.601,26.199999999999985,19.5827552431843,-1.26386892795563,59.3300804722915,81.60000000000015,20.948,9.983998,55.601,2.8581900000000053,4.05870771,0.463383,0.16805,0.122264,0.638498,3.702907,3.608639,1.280257,-0.0771126026028952,Africa
Kenya,KE,2004.0,87.0942590692232,23.375648323547985,462.61821577443,73.0,56.361,25.900000000000045,18.9859717609877,-1.08735477924347,61.130540815968,80.30900000000008,21.31,9.982324,56.361,2.8359800000000037,4.23645926,0.463256,0.168251,0.122548,0.639053,3.695774,3.610145,1.283297,2.0086928804449,Africa
Kenya,KE,2005.0,86.096942861562,26.177906165502005,522.776840246892,76.0,57.344,26.299000000000014,18.7357077200666,-1.25050592422485,62.9774923568893,79.19999999999987,21.675,9.977304,57.344,2.740740000000001,4.24245214,0.463564,0.168395,0.122819,0.639419,3.68651,3.611289,1.285308,2.80072342013644,Africa
Kenya,KE,2006.0,85.3123190017925,28.719776892827976,699.399738284504,80.0,58.222,25.800000000000015,18.9780700015085,-1.12698328495026,64.8790332782795,77.51800000000001,22.045,9.960873,58.222,2.67855,5.11269999,0.464654,0.16852,0.123153,0.639683,3.669656,3.611942,1.283265,3.35188977379228,Africa
Kenya,KE,2007.0,84.7195990566851,31.053063718580976,840.191631882336,81.0,58.865,25.800000000000015,19.638393163132,-1.30544221401215,66.8320501106933,78.1959999999999,22.42,9.930276,58.865,2.649020000000001,5.22106314,0.466784,0.168684,0.123635,0.639997,3.642446,3.612191,1.276539,3.72825674318634,Africa
Kenya,KE,2008.0,84.2121577620291,33.142837548439005,915.998915654065,88.0,59.614,25.900000000000045,20.6165316808836,-1.39361536502838,68.8528218013143,78.1959999999999,22.8,9.894473,59.614,2.7526200000000016,5.28900909,0.469507,0.168861,0.124222,0.640304,3.611467,3.612323,1.267789,-2.70944940440107,Africa
Kenya,KE,2009.0,83.6829417197602,35.08354721894202,1049.12179424341,88.0,60.365,26.099999999999955,21.8123400307101,-1.42558062076569,70.921818884633,75.59900000000012,23.183,9.862334,60.365,2.8123099999999948,5.26973343,0.4721,0.16903,0.124891,0.640549,3.583207,3.612648,1.259909,0.293173946681733,Africa
Kenya,KE,2010.0,83.1450986792769,36.85518955870008,1093.63962367926,90.0,60.649,25.699999999999985,23.125672688558,-1.16552352905273,72.9484748919422,74.13400000000003,23.571,9.842354,60.649,2.793410000000003,5.38849831,0.474265,0.169163,0.12554,0.640659,3.563583,3.613346,1.255798,5.05639090011911,Africa
Kenya,KE,2011.0,82.5396329293956,36.85518955870008,1099.31546497439,96.0,61.046,25.699999999999985,25.1822165114232,-1.24479079246521,74.9115226482061,74.6969999999999,23.969,9.833194,61.046,2.705449999999997,5.20212841,0.476042,0.169296,0.126393,0.640705,3.55137,3.614927,1.254461,2.36641973489743,Africa
Kenya,KE,2012.0,81.8186906251811,36.85518955870008,1289.78079149822,94.0,61.115,26.59999999999995,25.6442241015428,-1.32344126701355,76.8278560635345,76.1929999999999,24.376,9.826316,61.115,2.684790000000003,5.0180583,0.477915,0.169472,0.127413,0.640791,3.540023,3.617582,1.25312,1.96040098727816,Africa
Kenya,KE,2013.0,80.9423670251969,36.85518955870008,1376.82920465019,87.0,61.389,26.40000000000005,24.5757635874676,-1.16693091392517,78.7018448887796,74.3470000000001,24.794,9.821746,61.389,2.7640900000000035,4.93100405,0.479671,0.169687,0.128576,0.640907,3.529982,3.621163,1.25176,1.32629250659764,Africa
Kenya,KE,2014.0,79.9358766482328,36.85518955870008,1489.91972057277,92.0,61.816,26.59999999999995,23.7513870283134,-1.28224718570709,80.5282759953614,71.90100000000008,25.221,9.820177,61.816,2.767989999999999,4.91267347,0.4816,0.169936,0.129955,0.641046,3.521565,3.625599,1.250476,2.63818992950348,Africa
Kenya,KE,2015.0,78.7991611475389,36.85518955870008,1496.65357260021,89.0,61.892,27.300000000000022,24.7760612569464,-1.24134790897369,82.3197947780862,69.16999999999996,25.658,9.821427,61.892,2.763720000000001,4.76439571,0.483446,0.170214,0.131502,0.641196,3.514888,3.630832,1.249349,2.68331742509996,Africa
Kenya,KE,2016.0,77.5157212482501,12.277172264791004,1562.07661862777,89.0,62.163,27.40000000000005,24.0211862534612,-1.35445654392242,84.1527040798398,68.34000000000006,26.105,9.82626,62.163,2.756360000000002,4.75429106,0.485365,0.170516,0.133225,0.641343,3.510561,3.636768,1.248482,1.94366814420279,Africa
Kenya,KE,2017.0,76.1460454948403,12.277172264791004,1675.98842173012,82.0,62.481,27.699999999999974,19.9015512654464,-1.12843835353851,86.0036845064483,68.15500000000009,26.562,9.833879,62.481,3.542380000000004,3.98597503,0.486994,0.170836,0.135005,0.641478,3.508419,3.643353,1.247794,1.60314661619574,Africa
Kiribati,KI,2001.0,76.7769272826681,18.70733382320201,719.850116091344,85.0,64.655,6.9879999999999995,12.2113617468978,0.341639041900635,111.766666666667,56.40899999999997,43.473,8.930526,64.655,4.770379999999999,12.3,0.701951,0.20835,0.093072,0.423189,3.219787,3.263333,1.020844,-4.99814761338438,Oceania
Kiribati,KI,2002.0,75.6887798756488,18.70733382320201,811.440028679536,77.0,64.84,7.999,12.197168744791,-2.24483132362366,114.074074074074,53.0,43.492,8.92256,64.84,4.770379999999999,11.87,0.702028,0.208395,0.09306,0.423266,3.212477,3.263621,1.019713,-0.41654247391952,Oceania
Kiribati,KI,2003.0,74.3059406306606,18.70733382320201,1017.84268580722,70.0,64.954,19.099999999999966,12.1547319508569,1.16978526115417,116.422222222222,50.498999999999995,43.512,8.915235,64.954,4.770379999999999,10.7,0.703023,0.208436,0.093228,0.423346,3.20473,3.263718,1.018754,-3.59729653734297,Oceania
Kiribati,KI,2004.0,73.0367386574116,18.70733382320201,1085.28857635169,62.0,64.989,18.79999999999997,12.0957946316967,1.1569436788559,118.795061728395,50.498999999999995,43.532,8.908662,64.989,4.770379999999999,12.43,0.703555,0.208468,0.093131,0.42342,3.197928,3.263898,1.018262,-2.53295588980902,Oceania
Kiribati,KI,2005.0,72.068361086766,18.70733382320201,1159.14421873255,79.0,64.967,10.80199999999998,12.0321000539113,1.38492727279663,121.19012345679,48.501000000000005,43.551,8.906684,64.967,4.770379999999999,11.52,0.70447,0.20849,0.093178,0.423489,3.194086,3.264446,1.018525,-0.899100899100915,Oceania
Kiribati,KI,2006.0,70.9125994740258,18.70733382320201,1121.08026715132,86.0,64.906,18.0,11.9542996035609,1.34965407848358,123.559259259259,48.093999999999994,44.03,8.911654,64.906,4.770379999999999,11.54,0.704805,0.208489,0.093035,0.42355,3.194032,3.265678,1.022065,3.94622463355414,Oceania
Kiribati,KI,2007.0,69.5022850020773,18.70733382320201,1353.62453309529,94.0,64.844,6.161000000000005,11.8507647751602,1.34201574325562,125.923456790123,48.46200000000001,44.866,8.919937,64.844,4.770379999999999,11.36,0.706558,0.208465,0.093144,0.423611,3.190781,3.267767,1.029611,1.14166642784852,Oceania
Kiribati,KI,2008.0,68.2951307951308,18.70733382320201,1411.90543571667,82.0,64.834,2.0150000000000015,11.7298189979922,1.33847212791443,128.353086419753,49.70099999999992,45.706,8.931673,64.834,4.770379999999999,14.08,0.708019,0.208426,0.092406,0.423659,3.190502,3.270157,1.038504,-4.82149589087821,Oceania
Kiribati,KI,2009.0,67.186119873817,18.70733382320201,1324.43601505632,86.0,64.892,4.991999999999999,11.5997857013397,1.4026106595993,130.859259259259,50.41299999999998,46.547,8.942551,64.892,4.770379999999999,13.49,0.709154,0.208388,0.091979,0.423703,3.190751,3.272447,1.046129,-1.41216746447132,Oceania
Kiribati,KI,2010.0,66.06950638167,18.70733382320201,1528.89975749675,91.0,65.016,5.801000000000001,11.4689883144854,1.42273163795471,133.327160493827,50.09200000000003,47.39,8.95023,65.016,4.770379999999999,9.34,0.71083,0.208367,0.092101,0.423743,3.19109,3.274217,1.049882,-0.849491331325808,Oceania
Kiribati,KI,2011.0,65.2135993864939,18.70733382320201,1783.77176374565,99.0,65.19,1.9790000000000023,11.3219411654828,1.30248832702637,135.643209876543,50.498999999999995,48.235,8.952409,65.19,4.770379999999999,8.67,0.711923,0.208352,0.091957,0.423782,3.190087,3.275543,1.050765,1.76753196976915,Oceania
Kiribati,KI,2012.0,64.6783712009442,18.70733382320201,1855.27421404281,94.0,65.378,5.601000000000011,11.3226141241133,1.29035115242004,137.8,48.70299999999992,49.082,8.954194,65.378,4.770379999999999,8.69,0.713237,0.208329,0.092017,0.423826,3.188206,3.277054,1.051525,4.19687968851949,Oceania
Kiribati,KI,2013.0,64.2593102648479,18.70733382320201,1780.65702846669,95.0,65.588,1.2750000000000017,11.3202684142188,1.28392601013184,139.89012345679,46.18099999999993,49.927,8.955079,65.588,4.770379999999999,9.53,0.71445,0.208295,0.092163,0.423866,3.185641,3.278587,1.052077,5.7689885514306,Oceania
Kiribati,KI,2014.0,64.0243641498937,18.70733382320201,1740.35605234457,75.0,65.815,4.593000000000007,10.9972287903393,0.801865816116333,141.956790123457,47.994,50.773,8.956817,65.815,4.770379999999999,10.09,0.716797,0.208252,0.09222,0.423904,3.183151,3.280142,1.052351,-0.18703316592331,Oceania
Kiribati,KI,2015.0,64.0110739481155,18.70733382320201,1641.48097739743,78.0,66.059,3.600000000000003,10.6201442272271,0.821486234664917,144.082716049383,47.507,51.619,8.956559,66.059,4.770379999999999,8.11,0.717381,0.208208,0.092558,0.42395,3.180351,3.281799,1.052312,9.79638201592196,Oceania
Kiribati,KI,2016.0,64.2386951038679,18.70733382320201,1743.76286839846,81.0,66.332,4.390999999999994,11.1067056212411,0.846926331520081,146.312345679012,48.093999999999994,52.45,8.956622,66.332,4.770379999999999,10.47,0.719805,0.208158,0.092951,0.423995,3.17669,3.283057,1.051966,5.59036070516274,Oceania
Kiribati,KI,2017.0,64.703467527847,18.70733382320201,1852.99234427752,90.0,66.597,2.4330000000000034,10.970038581704,0.855434954166412,148.595061728395,42.498000000000005,53.262,8.954854,66.597,4.770379999999999,11.46,0.720942,0.208108,0.093614,0.424041,3.172754,3.284168,1.051227,1.95542501161682,Oceania
Kuwait,KW,2001.0,41.6169587046469,43.75339706402991,17517.7061456004,99.0,76.891,23.59799999999996,60.4227305514236,-0.659993410110474,111.766217732884,0.0,99.908,11.808025,76.891,0.7963899999999995,3.18838811,1.480659,0.212357,0.305353,0.853897,3.550267,4.733098,0.672394,-2.64326520524885,Asia
Kuwait,KW,2002.0,40.0212422401878,43.846102514936035,18626.774923183,99.0,76.982,23.493000000000006,61.7771352874504,-0.146744310855865,114.891358024691,0.0,100.0,11.806924,76.982,1.0950599999999995,3.12468719,1.47285,0.212815,0.307055,0.854005,3.553949,4.733334,0.672916,0.212209153976602,Asia
Kuwait,KW,2003.0,38.5778909052543,44.03634650883695,22781.082819458,99.0,76.985,25.994000000000007,62.9365619789798,0.294286906719208,117.92962962963,0.0,100.0,11.801563,76.985,1.295869999999998,2.76216865,1.460714,0.213307,0.309015,0.854129,3.555692,4.735394,0.673312,14.3032998554769,Asia
Kuwait,KW,2004.0,37.2568903120702,44.27207974497298,27601.4000590722,98.0,76.792,25.400000000000045,63.7459379536381,0.345240026712418,120.846296296296,0.0,100.0,11.802624,76.792,1.7019399999999991,2.35702467,1.449638,0.213742,0.311192,0.854412,3.558908,4.741176,0.673556,7.57961078459044,Asia
Kuwait,KW,2005.0,36.1697824722989,44.410885499526074,36144.9949458716,99.0,76.903,29.5,64.0501905390517,0.253690272569656,125.443490460157,0.0,100.0,11.814599,76.903,1.458299999999998,2.01313829,1.442962,0.214008,0.314031,0.854878,3.564094,4.751031,0.673595,6.55549661570576,Asia
Kuwait,KW,2006.0,35.3967015440459,43.781463466921934,42970.6964488258,99.0,76.887,28.96800000000001,63.7696557185435,0.412733107805252,132.626767676768,0.0,100.0,11.842308,76.887,1.295869999999998,1.8213098,1.453696,0.214188,0.317796,0.855565,3.562302,4.763917,0.674844,1.69160145749467,Asia
Kuwait,KW,2007.0,34.7775991569575,43.12125972235601,45729.799339984,99.0,77.017,29.5,63.1006880696392,0.62064391374588,140.671661054994,0.0,100.0,11.888188,77.017,1.499779999999999,1.92673647,1.482622,0.214395,0.323515,0.856458,3.553385,4.779988,0.677825,-0.0699930923370005,Asia
Kuwait,KW,2008.0,34.1836070984041,42.56575372559101,55595.4843129592,99.0,77.145,28.498,62.3022428112696,0.501767992973328,148.761503928171,0.0,100.0,11.945573,77.145,1.7527900000000005,1.92400301,1.52157,0.214605,0.328878,0.857499,3.54323,4.798497,0.681294,-3.09322470540177,Asia
Kuwait,KW,2009.0,33.5568876235994,41.95063148893496,37906.2051851748,99.0,77.442,25.59699999999995,61.6332751623654,0.353407442569733,156.877104377104,0.0,100.0,12.002541,77.442,1.6387499999999975,2.70638776,1.555646,0.214773,0.333687,0.85856,3.537446,4.818476,0.683953,-11.8832180694053,Asia
Kuwait,KW,2010.0,33.026245439216,41.33658681266998,39212.4653757405,98.0,77.982,20.093999999999962,61.3527403418571,0.451988816261292,165.171492704826,0.0,100.0,12.049072,77.982,1.8206999999999973,2.67879915,1.574598,0.214856,0.337002,0.859558,3.539318,4.83924,0.6845,-7.27318937731187,Asia
Kuwait,KW,2011.0,32.5365381080621,40.784867857060014,48997.3937159758,99.0,78.464,22.09899999999996,65.1115344079268,0.311102718114853,176.421156004489,0.0,100.0,12.085925,78.464,2.055340000000003,2.33303547,1.580541,0.214887,0.339605,0.860492,3.547218,4.859588,0.683594,2.63794966893404,Asia
Kuwait,KW,2012.0,32.0110565860613,40.18308523138405,51270.9790629251,98.0,78.812,24.699999999999996,65.1385584071027,0.203606218099594,190.497362514029,0.0,100.0,12.124469,78.812,2.234910000000001,2.33311439,1.585977,0.214907,0.341426,0.86137,3.558861,4.879221,0.682707,-1.25256084889372,Asia
Kuwait,KW,2013.0,31.5383033752854,39.72217605182304,47762.8566997928,99.0,79.164,21.596999999999962,66.1412461870028,0.166055589914322,204.63063973064,0.0,100.0,12.163743,79.164,2.478359999999999,2.48789287,1.592436,0.214925,0.343039,0.862206,3.571217,4.898053,0.681867,-5.83688593391308,Asia
Kuwait,KW,2014.0,31.6202271031818,39.170909672377995,43239.8826623799,95.0,79.445,19.0,50.028931868526,0.149006545543671,211.087766554433,0.0,100.0,12.196855,79.445,2.89961,2.9159987,1.594713,0.214931,0.344546,0.862972,3.582742,4.915922,0.681029,-2.57338287428911,Asia
Kuwait,KW,2015.0,31.6760065421238,38.708526991879005,29315.1931019553,99.0,79.562,18.79999999999997,64.5479644305319,-0.219549298286438,219.345847362514,0.0,100.0,12.234503,79.562,2.2021199999999976,4.21497965,1.597621,0.21492,0.345496,0.863718,3.598983,4.933717,0.680048,-3.1944129440564,Asia
Kuwait,KW,2016.0,31.8423865570522,37.534585525131,27026.7729279269,99.0,79.701,18.09599999999997,59.2319560603482,-0.0565007105469704,227.165263748597,0.0,100.0,12.269285,79.701,2.1619399999999986,4.73096323,1.597242,0.214902,0.346072,0.864476,3.616657,4.951041,0.678895,-0.616815085630051,Asia
Kuwait,KW,2017.0,32.1775777390475,35.860431679521,29258.266295535,99.0,79.781,17.096999999999973,58.1291719707309,-0.0512296371161938,231.476094276094,0.0,100.0,12.301491,79.781,2.2224300000000046,4.65326786,1.594543,0.214851,0.34658,0.865134,3.635679,4.967279,0.677425,-6.48678910814398,Asia
Lesotho,LS,2001.0,76.1035797202034,45.66210045660004,412.962296184389,78.0,46.849,27.09399999999995,23.7869834305804,-0.709455966949463,65.8587944664032,56.47699999999999,20.067,12.070203,46.849,16.04912999999998,7.27745867,0.730129,0.156244,0.117454,0.602997,5.353524,3.464863,1.644992,3.51791912205334,Africa
Lesotho,LS,2002.0,75.0317417618189,45.66210045660004,388.367476377443,84.0,45.595,27.997000000000003,22.7786136777816,-0.0474211908876896,65.7949275362319,56.204999999999906,20.597,12.099145,45.595,16.044470000000015,6.54458666,0.725714,0.156654,0.118536,0.60322,5.382628,3.465885,1.646508,0.821608379495359,Africa
Lesotho,LS,2003.0,74.0211127409891,45.66210045660004,580.937283828998,90.0,44.53,28.09999999999995,21.7379693349774,0.0996745452284813,65.6465744400527,55.93899999999994,21.137,12.129662,44.53,16.01948,6.04550791,0.721871,0.157087,0.119666,0.603438,5.412972,3.466699,1.647929,4.79606925997327,Africa
Lesotho,LS,2004.0,73.08699579092,45.66210045660004,761.181038791723,90.0,43.711,27.20099999999998,20.9238190524334,0.358144611120224,65.3947299077734,55.39899999999995,21.689,12.160838,43.711,16.120120000000025,6.05738831,0.718496,0.157472,0.120525,0.603643,5.443641,3.467455,1.649606,2.08400616665693,Africa
Lesotho,LS,2005.0,72.1792857963827,45.66210045660004,850.775315507556,89.0,43.233,27.59999999999995,20.5949314804153,-0.0028113410808146,65.1325428194993,55.3010000000001,22.249,12.193408,43.233,16.001719999999988,5.44926691,0.717647,0.157743,0.121506,0.603851,5.472301,3.468463,1.651897,3.88261880741221,Africa
Lesotho,LS,2006.0,71.2580245523145,45.66210045660004,910.618563398363,89.0,42.914,27.800000000000026,21.0739780096359,-0.124705359339714,65.1113306982872,55.463,22.82,12.234935,42.914,16.021879999999996,6.11966372,0.721775,0.157939,0.122556,0.604057,5.502849,3.469188,1.656571,4.26405155163229,Africa
Lesotho,LS,2007.0,70.1654069542986,45.66210045660004,848.077371929249,88.0,43.123,27.800000000000026,22.2617938837023,-0.391314208507538,65.3315217391304,55.3010000000001,23.304,12.28274,43.123,15.905699999999976,7.22254515,0.729371,0.158141,0.123302,0.60425,5.534674,3.469242,1.66376,3.83676285376902,Africa
Lesotho,LS,2008.0,69.1317624677635,45.66210045660004,885.65930324266,88.0,43.566,27.59999999999995,23.784393532221,-0.20475609600544,65.7119235836627,54.96200000000002,23.796,12.336323,43.566,15.822109999999974,7.66656303,0.740564,0.158345,0.124332,0.60443,5.568149,3.468947,1.671556,4.91255178927716,Africa
Lesotho,LS,2009.0,68.3644140090133,45.66210045660004,866.475127181991,91.0,44.034,27.699999999999974,25.2677913847987,0.3261559009552,66.178162055336,53.96900000000001,24.293,12.37654,44.034,16.088529999999974,8.95305061,0.749495,0.158547,0.125463,0.6046,5.591766,3.468821,1.677848,-1.94944495063868,Africa
Lesotho,LS,2010.0,67.6028072617598,45.66210045660004,1104.8115468317,93.0,45.596,27.699999999999974,26.338001871042,0.456775397062302,66.625395256917,53.0,24.798,12.401799,45.596,16.044060000000016,7.64088917,0.755637,0.158735,0.126363,0.60474,5.606717,3.469242,1.680365,4.56303194245879,Africa
Lesotho,LS,2011.0,66.8229276251964,45.66210045660004,1265.85794508512,96.0,46.692,27.40000000000005,26.9481719895266,0.383940756320953,67.1171607378129,42.30100000000007,25.31,12.411899,46.692,16.09722999999997,9.07558823,0.758902,0.158956,0.127995,0.604902,5.610888,3.470279,1.679977,3.84989252888876,Africa
Lesotho,LS,2012.0,66.1016551807765,45.66210045660004,1205.85998481002,95.0,47.835,28.498,26.5241576357391,0.274199098348618,67.6784584980237,40.78700000000007,25.704,12.423607,47.835,15.734169999999988,10.04389858,0.761938,0.15924,0.128802,0.605077,5.618396,3.471442,1.678712,5.45219186619134,Africa
Lesotho,LS,2013.0,65.5312199945886,45.66210045660004,1141.3609231718,93.0,49.002,28.79400000000002,25.2428493312626,0.338074296712875,68.3115612648221,46.07199999999999,26.101,12.431553,49.002,15.906419999999985,10.99592113,0.764596,0.159581,0.130242,0.605271,5.622644,3.472778,1.676441,0.849125516647646,Africa
Lesotho,LS,2014.0,65.1552437630552,45.66210045660004,1165.05065002416,88.0,50.033,29.5,26.801156032785,-0.332812041044235,69.0132411067194,43.19999999999992,26.502,12.43838,50.033,16.054230000000004,9.99930382,0.766441,0.159974,0.132214,0.605501,5.626747,3.474465,1.673038,0.676425997745824,Africa
Lesotho,LS,2015.0,64.7776088233121,45.66210045660004,1113.83683453612,83.0,51.101,30.09699999999995,25.8911063728927,-0.3187076151371,69.7800065876153,45.997,26.908,12.443639,51.101,16.211809999999993,9.2965641,0.768028,0.160409,0.133521,0.605756,5.63104,3.476457,1.668428,1.99090588632073,Africa
Lesotho,LS,2016.0,64.3288520898375,45.66210045660004,986.265249840927,87.0,52.264,30.79300000000004,25.3734080229079,-0.244855865836143,70.6150197628458,45.09399999999998,27.317,12.447851,52.264,16.133149999999986,9.24261093,0.768944,0.160878,0.135087,0.606023,5.63577,3.47872,1.662429,2.38374582897576,Africa
Lesotho,LS,2017.0,63.8402309114253,45.66210045660004,1062.71243340258,87.0,53.064,41.38899999999996,22.4347012157399,-0.194125235080719,71.4959486166008,41.501000000000005,27.73,12.446362,53.064,16.38939000000002,10.57480335,0.768875,0.161376,0.136801,0.606321,5.636661,3.481456,1.654872,-4.33164643014115,Africa
Liberia,LR,2001.0,83.8163862549235,54.545150065303034,303.858805600124,42.0,52.752,35.41400000000006,40.7653499449132,0.846940040588379,30.9556478405316,91.6290000000001,44.673,8.683847,52.752,2.124340000000001,2.27906799,0.487206,0.157222,0.078043,0.627764,3.537049,2.866061,0.930502,-0.0629015939364166,Africa
Liberia,LR,2002.0,84.2155695542734,54.63466110991199,302.881886846333,39.0,53.788,34.799000000000056,41.3532145582214,-2.18961954116821,31.7753218438538,91.0970000000001,45.017,8.756845,53.788,2.210470000000004,2.28035998,0.490305,0.157685,0.079435,0.627927,3.604055,2.86669,0.930748,1.086353995311,Africa
Liberia,LR,2003.0,84.7156795359676,54.72038961288004,242.449937167219,35.0,53.042,37.48900000000001,41.8293854413503,-2.15939283370972,32.0304505813953,90.30400000000004,45.361,8.84207,53.042,2.4048500000000015,2.66176748,0.494938,0.158248,0.081327,0.628115,3.680998,2.867261,0.931183,-30.7015402643569,Africa
Liberia,LR,2004.0,85.3182749712003,54.88924876694899,287.274691932321,31.0,56.013,37.28400000000003,42.1478889845527,-1.36538577079773,32.4174314784053,89.59800000000016,45.706,8.913656,56.013,2.4116500000000025,6.3381567,0.498026,0.158755,0.083012,0.628287,3.746194,2.867578,0.931804,1.39482940907915,Africa
Liberia,LR,2005.0,86.0069851180426,54.96915695680004,290.541214909265,60.0,56.912,36.498999999999995,42.262751578081,-1.35790872573853,33.9111088039867,87.80300000000007,46.051,8.947051,56.912,2.4032999999999984,7.14322186,0.499966,0.159036,0.083809,0.628385,3.775619,2.867731,0.932505,0.643907292713905,Africa
Liberia,LR,2006.0,86.7356203071516,54.96915695680004,323.841225769427,60.0,57.62,34.708999999999946,41.3657720947462,-1.32684123516083,35.8741382890365,87.58800000000014,46.396,8.949578,57.62,2.2717100000000015,6.06891537,0.500432,0.159139,0.084537,0.628447,3.775176,2.867665,0.934182,2.13175734411951,Africa
Liberia,LR,2007.0,87.4486581987955,54.96915695680004,377.951628798097,65.0,58.285,33.59999999999994,39.2301217465135,-1.24483954906464,37.7153239202658,89.79800000000004,46.742,8.951577,58.285,2.2224300000000046,4.32794046,0.501109,0.159223,0.084403,0.62853,3.773701,2.867319,0.937292,4.18798534518623,Africa
Liberia,LR,2008.0,87.7781273634251,54.96915695680004,456.144699881365,75.0,58.772,33.90100000000006,36.681885432367,-1.28312230110168,39.2845411129568,91.80400000000004,47.088,8.951178,58.772,2.210470000000004,5.99615717,0.501514,0.159301,0.084794,0.628641,3.769009,2.866956,0.940963,2.86576686585715,Africa
Liberia,LR,2009.0,87.9207271855822,54.96915695680004,452.745228889857,81.0,59.194,33.41500000000005,34.5471480512907,-1.05055463314056,40.5426287375415,91.80400000000004,47.445,8.952583,59.194,2.235569999999999,11.57163811,0.50285,0.15938,0.085117,0.62875,3.765529,2.866867,0.94409,2.03293524410464,Africa
Liberia,LR,2010.0,88.0628380022081,54.96915695680004,497.020365397034,70.0,59.433,33.09899999999994,33.6519945022688,-0.468525290489197,41.7354235880399,88.59700000000015,47.813,8.955817,59.433,2.2672299999999987,10.35444641,0.503278,0.159472,0.085403,0.628841,3.765963,2.867113,0.945747,3.06750127385169,Africa
Liberia,LR,2011.0,86.6976553116056,54.96915695680004,573.526422156584,77.0,59.62,32.903000000000056,43.0911306066352,-0.427370250225067,43.4089493355482,87.09800000000014,48.193,8.962218,59.62,2.2087600000000003,9.71052551,0.505007,0.159605,0.085829,0.628958,3.76837,2.868031,0.946418,4.02935255386198,Africa
Liberia,LR,2012.0,85.6900350654584,54.96915695680004,644.455576742833,80.0,59.913,34.0,40.950862253654,-0.484476506710052,44.9723837209302,86.18999999999993,48.583,8.969635,59.913,2.1379200000000016,8.15444565,0.506037,0.159791,0.086498,0.629121,3.771549,2.869489,0.94715,4.23948281037801,Africa
Liberia,LR,2013.0,85.9921348593101,54.96915695680004,717.635753333907,80.0,59.943,34.086999999999954,33.8367623475366,-0.475507080554962,45.9646283222591,87.50700000000002,48.985,8.976779,59.943,2.0710900000000017,7.09007835,0.507381,0.160034,0.087465,0.629319,3.773608,2.87105,0.947922,6.34104074543606,Africa
Liberia,LR,2014.0,85.908940202569,54.96915695680004,713.734882389203,63.0,59.121,34.799000000000056,34.3461135841224,-0.615449607372284,46.9206602990033,91.19999999999996,49.397,8.988806,59.121,2.079120000000001,8.77403069,0.509358,0.160325,0.088483,0.629546,3.779556,2.872915,0.948623,-1.35044826965598,Africa
Liberia,LR,2015.0,85.4592945572074,54.96915695680004,699.662946853965,65.0,59.148,35.21499999999999,51.1180873244019,-0.817833304405212,47.8854754983389,91.86899999999993,49.82,9.002181,59.148,2.5602399999999985,10.46927643,0.510904,0.160661,0.089465,0.629811,3.786835,2.875233,0.949272,-2.03302983943588,Africa
Liberia,LR,2016.0,84.8798796616289,54.96915695680004,722.131226789418,73.0,60.416,36.18599999999997,48.301426780699,-0.441768199205399,48.8589804817276,92.809,50.254,9.016972,60.416,3.0815500000000005,9.90062618,0.513762,0.161041,0.090387,0.630127,3.793659,2.878097,0.949899,-3.51645550978633,Africa
Liberia,LR,2017.0,84.2894685277608,54.96915695680004,706.892691974846,80.0,60.553,36.98000000000001,41.5068237111279,-0.32053479552269,49.7989098837209,93.59800000000016,50.697,9.033664,60.553,3.0652199999999983,10.47271252,0.515267,0.161454,0.091591,0.630479,3.803038,2.881373,0.950462,0.521366331956784,Africa
Madagascar,MG,2001.0,92.0159191397974,1.8817157652709966,325.460301083713,60.0,58.57,26.099999999999955,12.0787824207825,1.03107297420502,28.733474911442,84.08700000000013,27.391,10.174276,58.57,5.352160000000003,4.11513805,0.490098,0.162819,0.102852,0.629697,3.735973,3.548667,1.50417,2.85192316692986,Africa
Madagascar,MG,2002.0,91.6478640510766,1.9572156195349972,310.92971094405,62.0,58.892,26.796000000000014,12.2058972037035,-0.22530834376812,29.5971627059188,87.19899999999994,27.663,10.163944,58.892,5.524759999999998,4.92547607,0.489549,0.162927,0.102873,0.629741,3.732352,3.547311,1.499191,-14.9640325429341,Africa
Madagascar,MG,2003.0,91.1237489533613,2.0315781654159966,359.534384676518,66.0,59.491,26.40000000000005,12.3230044849761,0.622443974018097,30.4782302163222,84.8060000000001,27.936,10.152539,59.491,5.008449999999997,5.00276518,0.488363,0.163063,0.103311,0.62978,3.728015,3.545766,1.494241,6.6112202646069,Africa
Madagascar,MG,2004.0,90.4889210079599,2.123379907171995,277.50782658828,78.0,60.149,26.40000000000005,12.4562272679398,0.245569571852684,31.3835230594628,84.33400000000009,28.211,10.145238,60.149,3.9527499999999987,5.25089979,0.488148,0.163183,0.103387,0.629816,3.725709,3.544508,1.490487,2.22074756221302,Africa
Madagascar,MG,2005.0,89.740841342285,2.1945354148949967,311.793126649035,85.0,60.57,25.900000000000045,12.631688555934,-0.0185725726187229,32.3144942738247,84.88699999999989,28.814,10.139786,60.57,2.619440000000001,5.2155776,0.487579,0.163243,0.103519,0.629843,3.722362,3.544085,1.489155,1.73785955905217,Africa
Madagascar,MG,2006.0,88.9111272304104,2.913645449900002,330.522670008512,85.0,61.315,25.699999999999985,12.851012042078,0.185515359044075,33.2742356501702,85.87499999999994,29.425,10.13549,61.315,2.948149999999996,5.07203817,0.487513,0.163257,0.103132,0.629942,3.716046,3.544364,1.491236,2.35845936591721,Africa
Madagascar,MG,2007.0,88.028002407896,2.913645449900002,427.83632916955,84.0,61.757,25.59699999999995,13.11900191265,0.0896256566047668,34.2624032740654,86.18999999999993,30.043,10.132,61.757,3.200119999999997,4.60865784,0.489055,0.163267,0.102884,0.630146,3.706131,3.5448,1.495717,2.66174838142459,Africa
Madagascar,MG,2008.0,87.0766480285525,2.913645449900002,522.830621952534,77.0,62.142,25.5,13.4665519107277,-0.469336181879044,35.2746139560477,86.35099999999991,30.67,10.129109,62.142,3.433609999999998,4.08111715,0.489286,0.163277,0.10204,0.630388,3.697655,3.545418,1.501045,3.65049650291004,Africa
Madagascar,MG,2009.0,86.0558618048883,2.913645449900002,455.407373772766,77.0,62.734,26.299000000000014,13.9245557793887,-0.733878493309021,36.3123637239055,87.19899999999994,31.301,10.127636,62.734,3.8827699999999976,4.38469839,0.490049,0.16329,0.101808,0.630609,3.689922,3.546337,1.505621,-6.72284484044134,Africa
Madagascar,MG,2010.0,84.9508057226269,2.913645449900002,459.375407996579,70.0,62.873,26.70099999999998,14.5239072617107,-0.978338837623596,37.3681139732435,86.72699999999993,31.938,10.127977,62.873,4.28538999999999,4.69762659,0.490689,0.163314,0.101566,0.630749,3.686116,3.54757,1.507973,-2.22352581546593,Africa
Madagascar,MG,2011.0,83.739958317599,2.913645449900002,516.902539255093,73.0,63.494,27.0,16.0170178085428,-0.705585896968842,38.4124270576406,84.501,32.58,10.133422,63.494,2.51378,4.521595,0.491319,0.163355,0.101813,0.630846,3.687992,3.549372,1.508725,-1.22648220225398,Africa
Madagascar,MG,2012.0,82.4640283625872,2.913645449900002,504.173737710132,68.0,63.544,27.40000000000005,14.7009701749296,-0.536136984825134,39.4747978239758,83.29400000000011,33.227,10.139169,63.544,0.6001599999999992,3.9110589,0.491774,0.16343,0.102201,0.631012,3.689013,3.552344,1.509395,0.238846840515052,Africa
Madagascar,MG,2013.0,81.218052329818,2.913645449900002,526.688019635403,70.0,63.962,27.699999999999974,15.504951948252,-0.659993410110474,40.5432674458577,81.39999999999985,33.878,10.146293,63.962,0.992270000000001,3.75156283,0.492535,0.163537,0.102423,0.631243,3.690235,3.556435,1.509885,-0.39648459021177,Africa
Madagascar,MG,2014.0,80.1202558281412,2.913645449900002,517.136183122584,68.0,64.255,28.09999999999995,15.00220058015,-0.557235836982727,41.6225094534204,82.18399999999993,34.534,10.156386,64.255,1.3928699999999994,4.46240282,0.493301,0.163678,0.103171,0.631545,3.692832,3.561716,1.510143,0.659691220646664,Africa
Madagascar,MG,2015.0,79.1812115378376,2.913645449900002,455.63803458407,62.0,64.339,28.271999999999988,16.0777176618248,-0.427762925624847,42.713839807494,83.89899999999984,35.193,10.168217,64.339,1.782509999999999,5.0062542,0.494041,0.163845,0.103769,0.631889,3.696718,3.567933,1.510022,0.497287785925067,Africa
Madagascar,MG,2016.0,78.3410883656892,2.913645449900002,464.61615837171,68.0,64.997,28.59699999999995,16.138736457425,-0.294186472892761,43.8328308697147,83.80300000000008,35.856,10.184155,64.997,1.9420799999999983,5.33248854,0.495276,0.164047,0.105026,0.632303,3.70291,3.575132,1.509461,1.33834602588814,Africa
Madagascar,MG,2017.0,77.5766074646047,2.913645449900002,503.498058680237,65.0,65.094,28.79400000000002,12.5514997924024,-0.302837580442429,44.9803059470608,81.86799999999995,36.522,10.200434,65.094,2.1137699999999997,4.80225992,0.496779,0.16428,0.106417,0.632774,3.708514,3.583301,1.508369,1.28190543850761,Africa
Malawi,MW,2001.0,96.7880545929063,9.661067021360994,217.240473296394,90.0,45.895,32.400000000000055,23.0077905439554,-0.566143751144409,121.964552397115,83.08800000000012,14.698,9.932381,45.895,5.204360000000003,2.06040049,0.49874,0.151345,0.092955,0.598826,3.409913,3.571516,1.609086,-7.20151338740452,Africa
Malawi,MW,2002.0,97.5961987475035,9.646178131245001,431.696660975605,64.0,47.221,33.20599999999996,22.9554559880107,0.0081201391294598,124.994675434875,83.29400000000011,14.786,9.930361,47.221,5.227950000000002,2.69725966,0.497909,0.151498,0.092977,0.599252,3.405774,3.572788,1.610163,-0.765413092768725,Africa
Malawi,MW,2003.0,98.4676994854076,9.946068295584016,386.317242013575,84.0,48.79,32.59899999999995,22.8887813812108,0.0415767580270767,128.213459906661,82.80500000000009,14.875,9.930748,48.79,5.150810000000003,3.32019806,0.497441,0.151689,0.093198,0.599772,3.403069,3.574421,1.611158,3.0519112337045,Africa
Malawi,MW,2004.0,99.318359894734,10.25053942525301,407.588990013244,89.0,50.453,32.903000000000056,22.8344376653838,0.123799182474613,131.643423843869,82.4099999999999,14.964,9.930933,50.453,4.957720000000009,4.07199907,0.496063,0.151875,0.093079,0.600271,3.401284,3.576547,1.611814,2.67377086646808,Africa
Malawi,MW,2005.0,100.180098008721,10.546875,417.102263364075,93.0,52.044,32.903000000000056,22.8190957823576,0.106631450355053,135.295375477302,83.19099999999993,15.054,9.928105,52.044,4.933170000000001,4.30046511,0.495728,0.15201,0.093201,0.600619,3.395339,3.579258,1.61195,0.481251642915808,Africa
Malawi,MW,2006.0,100.939221060903,10.546875,443.523675665125,99.0,53.238,32.400000000000055,22.88596892288,0.120091959834099,139.141991938905,82.80500000000009,15.144,9.920842,53.238,4.949979999999996,4.91223288,0.495869,0.152182,0.093886,0.60093,3.383244,3.582633,1.612098,1.80554111182229,Africa
Malawi,MW,2007.0,101.473550541109,10.546875,478.028076481469,87.0,53.946,31.800000000000047,23.0652506132744,0.0823792815208435,143.142373780229,82.18399999999993,15.235,9.909502,53.946,4.877979999999991,5.44258356,0.496268,0.15246,0.094405,0.601349,3.365967,3.586549,1.612504,6.5370225220754,Africa
Malawi,MW,2008.0,101.689250315035,10.546875,557.519009408402,91.0,54.604,31.299000000000042,23.3640822987324,-0.0610706247389317,147.320990666101,80.39199999999988,15.326,9.900151,54.604,4.799659999999994,6.10668802,0.496438,0.152783,0.095316,0.601829,3.349879,3.590925,1.612981,4.58663976948441,Africa
Malawi,MW,2009.0,101.675014943401,10.546875,630.109154083703,93.0,55.448,30.89700000000005,23.7896054244456,0.0536668114364147,151.664531183708,79.96499999999995,15.429,9.892617,55.448,4.738450000000003,5.87333822,0.496395,0.153078,0.096241,0.602295,3.335781,3.595619,1.613208,5.22568682240623,Africa
Malawi,MW,2010.0,101.493415100237,10.546875,688.139191185368,93.0,56.381,30.599999999999945,24.3489614356053,0.0438957661390305,156.113937208316,81.19799999999988,15.544,9.895411,56.381,4.786389999999996,5.14304781,0.49765,0.15328,0.09695,0.60268,3.331398,3.60063,1.612823,3.82804625455732,Africa
Malawi,MW,2011.0,101.128789483364,10.546875,769.052599195882,97.0,57.455,30.199999999999964,26.3935444962185,-0.072912722826004,160.650127280441,80.19899999999988,15.672,9.907212,57.455,4.834649999999993,5.32226658,0.498343,0.153418,0.097299,0.603017,3.336904,3.6063,1.611931,1.96974339549574,Africa
Malawi,MW,2012.0,100.551730404947,10.546875,563.061539677727,96.0,58.679,31.499000000000002,26.4999840992823,-0.0026861692313104,165.26570852779,80.19899999999988,15.812,9.923349,58.679,4.950550000000003,6.02199793,0.499592,0.153577,0.097951,0.603411,3.344821,3.613106,1.610891,-0.945888195310673,Africa
Malawi,MW,2013.0,99.6738510804657,10.546875,501.19717297875,89.0,59.729,31.800000000000047,25.3524122563691,-0.20580980181694,169.970036062792,79.81100000000009,15.966,9.94515,59.729,4.977930000000004,8.22379494,0.501255,0.153756,0.09866,0.603874,3.356859,3.620989,1.609757,2.49286628611216,Africa
Malawi,MW,2014.0,98.5049814276149,10.546875,534.126977149089,91.0,60.899,32.086999999999954,25.9973398435068,0.0810932070016861,174.776898599915,82.80500000000009,16.132,9.970416,60.899,4.964140000000002,6.89776182,0.502593,0.153945,0.098966,0.604386,3.372101,3.629756,1.608669,2.72027421715275,Africa
Malawi,MW,2015.0,97.0627211640782,10.546875,544.276872741836,88.0,61.378,32.400000000000055,25.0076393017599,0.0342932753264904,179.666334323292,80.99699999999999,16.313,10.003113,61.378,4.949979999999996,6.62879086,0.50462,0.154141,0.099678,0.604941,3.392795,3.639366,1.607572,0.0024030320595187,Africa
Malawi,MW,2016.0,95.3594451249885,10.546875,454.443266065248,84.0,62.209,32.59899999999995,24.9604610605181,-0.116127513349056,184.616291896479,78.89199999999988,16.506,10.0398,62.209,5.002439999999995,7.72703791,0.506466,0.154339,0.100071,0.605538,3.417237,3.649814,1.606335,-0.248244189153354,Africa
Malawi,MW,2017.0,93.4560826553165,10.546875,500.165547203323,88.0,62.977,32.80500000000004,21.2909459360983,-0.249828547239304,189.660235468816,76.89299999999994,16.714,10.08229,62.977,5.033710000000002,7.58438921,0.509184,0.154533,0.100349,0.606166,3.446137,3.660937,1.604984,1.23415859863351,Africa
Malta,MT,2001.0,47.3138753434259,63.78620047412909,10402.2333313615,95.0,78.8439024390244,4.807000000000007,17.3739401649506,-0.106807962059975,1228.2125,0.0,92.641,12.276231,78.8439024390244,7.106190000000002,7.0,0.818242,0.255286,0.453401,0.968165,3.398177,5.326447,1.056513,-1.91419922304655,Europe
Malta,MT,2002.0,46.7481256647729,63.73529583167909,11289.8897447166,95.0,78.7390243902439,3.9879999999999995,17.1607690400214,1.59826338291168,1237.403125,0.09999999999999983,92.905,12.284297,78.7390243902439,6.90168,7.71,0.825617,0.255503,0.458251,0.966512,3.396016,5.325785,1.056613,1.80347566372615,Europe
Malta,MT,2003.0,46.1056289497221,66.26330604509295,13669.4972171661,94.0,78.5463414634146,4.481999999999998,16.9496741589384,1.547776222229,1245.56875,0.09999999999999983,93.16,12.292094,78.5463414634146,7.489580000000017,7.9,0.832382,0.255728,0.462575,0.964533,3.39451,5.325286,1.05708,3.39178505137335,Europe
Malta,MT,2004.0,45.4085570682601,64.94756859127705,15197.056610121,89.0,79.2536585365854,3.5389999999999997,16.7881718920403,1.31764233112335,1253.9625,0.09999999999999983,93.407,12.298275,79.2536585365854,7.31728,8.05,0.838165,0.255917,0.467217,0.962849,3.392075,5.324526,1.057526,-0.530048461102623,Europe
Malta,MT,2005.0,44.6738842276469,64.62948421810707,15888.1724565995,92.0,79.3,4.199999999999995,16.7237786096657,1.38035714626312,1261.98125,0.09999999999999983,93.645,12.305304,79.3,6.923650000000004,8.66,0.844479,0.256027,0.471221,0.962074,3.389502,5.32357,1.058431,2.7266844435393,Europe
Malta,MT,2006.0,43.9457328550627,61.133856971124985,16723.8842735356,85.0,79.4390243902439,2.470000000000002,16.7590769231956,1.23125755786896,1266.5875,0.19499999999999965,93.784,12.308786,79.4390243902439,6.798439999999999,8.81,0.850773,0.256063,0.474122,0.962008,3.379254,5.322455,1.064111,2.13733998176279,Europe
Malta,MT,2007.0,43.3966188940011,54.667815014037004,19485.8711529324,74.0,79.7926829268293,3.9179999999999957,16.8432498246899,1.26963186264038,1271.0125,0.19499999999999965,93.857,12.312809,79.7926829268293,6.465149999999994,8.17,0.858803,0.256091,0.476736,0.961944,3.36346,5.320941,1.074834,4.40993513844153,Europe
Malta,MT,2008.0,43.5566278242025,53.80774848888108,22205.3567709304,72.0,79.6365853658537,4.316000000000004,16.9437142555058,1.27317667007446,1279.309375,0.19499999999999965,93.929,12.318914,79.6365853658537,5.974109999999996,7.86,0.865594,0.256127,0.479273,0.961901,3.348204,5.320182,1.087633,3.15300028932182,Europe
Malta,MT,2009.0,44.2706493415645,54.94668874853603,21083.2770528363,73.0,80.2414634146342,5.306000000000004,17.0278871570001,1.24936008453369,1288.990625,0.3010000000000005,94.001,12.321942,80.2414634146342,6.897259999999988,7.92,0.870248,0.256167,0.482382,0.961906,3.333704,5.319233,1.098302,-1.87642962600751,Europe
Malta,MT,2010.0,45.0490077719573,48.81094844571704,21798.9142935915,76.0,81.3975609756098,3.9179999999999957,17.06318547053,1.25345623493195,1295.3375,1.200000000000002,94.072,12.326011,81.3975609756098,6.858839999999991,7.95,0.872387,0.25622,0.485439,0.961872,3.328033,5.318442,1.103618,5.02649888712081,Europe
Malta,MT,2011.0,45.8016202982105,42.96657318761306,23155.103527089,96.0,80.7463414634146,4.807000000000007,16.1027075945735,1.06393671035767,1300.8375,2.0,94.141,12.330884,80.7463414634146,6.3910399999999985,8.45,0.873085,0.256313,0.488768,0.961901,3.327916,5.317793,1.105108,0.0422713138825515,Europe
Malta,MT,2012.0,46.4491924911439,37.07960178406698,22526.5370208632,99.0,80.7463414634146,2.7510000000000048,14.106355803411,1.06507515907288,1312.5875,2.6959999999999957,94.211,12.33515,80.7463414634146,6.203119999999995,8.38,0.873326,0.256444,0.491893,0.961946,3.327814,5.317027,1.1067,3.18566714064015,Europe
Malta,MT,2013.0,46.9251968639733,33.82271292118997,24769.5962287121,99.0,81.7463414634146,4.687999999999995,13.3766872999129,1.04275786876678,1331.146875,3.2229999999999985,94.279,12.347353,81.7463414634146,6.111340000000004,8.5,0.873497,0.256622,0.496907,0.962061,3.333244,5.317038,1.107984,4.00280476642976,Europe
Malta,MT,2014.0,47.2843309709978,54.123996574494065,26753.2733830814,99.0,82.0463414634146,2.3270000000000035,13.4804864315632,1.12549698352814,1357.99375,4.496,94.347,12.359656,82.0463414634146,5.73265,9.09,0.872936,0.256825,0.502084,0.962254,3.339847,5.316904,1.108806,5.50567583401256,Europe
Malta,MT,2015.0,47.531218197549,57.27482808141504,24921.7141769982,97.0,81.8975609756097,2.7510000000000048,13.6814730924333,1.05367743968964,1390.790625,5.986999999999998,94.414,12.371073,81.8975609756097,5.3880600000000065,8.9,0.870169,0.257058,0.507238,0.962467,3.347923,5.317005,1.109213,7.02341244072613,Europe
Malta,MT,2016.0,47.6266894903891,57.743900748309926,25623.9416320597,97.0,82.4536585365854,5.971999999999996,12.5325633579629,1.06645977497101,1422.9875,9.199000000000016,94.48,12.38696,82.4536585365854,4.695239999999999,8.97,0.868233,0.25733,0.512867,0.962704,3.359126,5.31739,1.10931,1.04231563575796,Europe
Malta,MT,2017.0,47.6235087785706,56.060986843192,28813.1853396512,98.0,82.3463414634146,4.896999999999992,12.9026022733936,1.23830723762512,1462.496875,7.314999999999991,94.546,12.40579,82.3463414634146,4.007539999999997,8.73,0.864663,0.257632,0.51914,0.96295,3.374137,5.317984,1.109284,7.87413426177386,Europe
Mauritania,MR,2001.0,88.5185397545689,5.199472124375007,632.214141751138,75.0,61.185,25.900000000000045,83.7808052873624,-0.536136984825134,2.67956049286892,44.19999999999994,38.616,8.31787,61.185,10.008749999999983,3.5718379,0.478401,0.175485,0.128837,0.657391,3.053957,2.915863,0.907936,-3.19956718154413,Africa
Mauritania,MR,2002.0,88.5325784109481,5.690412731542006,629.781901660249,89.0,61.268,25.900000000000045,80.6329327897663,0.382046699523926,2.73765693218201,42.10699999999997,39.48,8.30608,61.268,10.076950000000004,4.00224972,0.478513,0.175537,0.129235,0.657377,3.045222,2.914319,0.905877,-0.769955526730953,Africa
Mauritania,MR,2003.0,88.4001001027818,6.217403918189998,711.382482153206,76.0,61.347,25.800000000000015,76.8650180022067,0.059730738401413,2.7974444552246,40.21199999999994,40.351,8.294897,61.347,9.813510000000003,4.03254652,0.478735,0.175614,0.129448,0.657383,3.037322,2.912627,0.903768,4.64297792793573,Africa
Mauritania,MR,2004.0,88.176146015608,6.788011894237009,801.778683129563,70.0,61.593,26.70099999999998,73.685586553145,-0.16634014248848,2.85880954690987,38.59199999999994,41.229,8.287414,61.593,9.69426000000001,3.70429492,0.4789,0.17571,0.129695,0.657435,3.032089,2.911373,0.902212,2.48464199128664,Africa
Mauritania,MR,2005.0,87.9213220294574,7.065619908200005,974.657585946703,71.0,61.656,26.499000000000002,72.3031640710423,-0.224495947360992,2.92263510235762,38.790000000000056,42.111,8.282519,61.656,9.537440000000005,3.40312648,0.479048,0.175815,0.129783,0.657548,3.027473,2.911041,0.901811,6.19537766100953,Africa
Mauritania,MR,2006.0,87.6468603611614,7.065619908200005,1272.08243396613,68.0,61.891,25.994000000000007,72.3062769506067,0.240350216627121,2.98945279906859,39.097999999999935,42.998,8.284633,61.891,9.287620000000002,2.70252752,0.479952,0.176041,0.130745,0.657821,3.024118,2.911711,0.904245,15.6883161283971,Africa
Mauritania,MR,2007.0,87.2769577771258,7.065619908200005,1378.21510363371,75.0,62.228,25.699999999999985,72.4345808297417,-0.279368013143539,3.05957892694285,35.59699999999995,43.89,8.288388,62.228,9.456750000000007,2.87644005,0.480963,0.176429,0.132032,0.658245,3.018331,2.912927,0.909461,-4.21630212941054,Africa
Mauritania,MR,2008.0,87.0243031133158,7.065619908200005,1610.2369793316,74.0,62.399,26.299000000000014,72.6232952017021,-0.643881678581238,3.13702920345396,35.80000000000006,44.788,8.296281,62.399,9.679610000000011,3.01338983,0.481907,0.176887,0.133777,0.658756,3.014705,2.914539,0.91571,-2.7918103441597,Africa
Mauritania,MR,2009.0,87.2502359919411,7.065619908200005,1418.94084292347,64.0,62.8,26.199999999999985,72.8076395597426,-0.882854044437408,3.22364994663821,33.40000000000006,45.686,8.306544,62.8,10.157829999999988,3.11034036,0.483293,0.17731,0.135421,0.659247,3.013852,2.916252,0.921169,-2.59179346021898,Africa
Mauritania,MR,2010.0,88.0489268247883,7.065619908200005,1646.13042756814,64.0,63.105,26.40000000000005,72.922833397118,-1.07616984844208,3.31761036188998,33.996,46.588,8.314877,63.105,10.052009999999994,2.63618922,0.485518,0.177601,0.136869,0.659645,3.013302,2.917904,0.924038,-0.286151376294598,Africa
Mauritania,MR,2011.0,89.3946999026223,7.065619908200005,1919.45227079679,75.0,63.346,26.099999999999955,72.9883129496202,-1.17367887496948,3.41927719025905,33.29900000000005,47.493,8.325176,63.346,9.95494,2.47383666,0.486729,0.1778,0.138022,0.659954,3.018219,2.919435,0.925017,1.07536944688684,Africa
Mauritania,MR,2012.0,91.1613744054651,7.065619908200005,1850.38496774479,80.0,63.578,25.400000000000045,83.0360920761507,-1.13399171829224,3.52780925584554,31.903000000000052,48.4,8.336003,63.578,9.86636000000001,2.64919329,0.48828,0.178024,0.139457,0.660297,3.022689,2.921242,0.926014,1.2560224305014,Africa
Mauritania,MR,2013.0,91.6226769405779,7.065619908200005,1929.7756392353,80.0,63.911,25.5,64.5065697786296,-1.01476144790649,3.63147278548559,35.04299999999998,49.306,8.352874,63.911,9.932720000000002,2.86799884,0.490322,0.178262,0.140629,0.660655,3.032817,2.923257,0.926932,1.17773817669058,Africa
Mauritania,MR,2014.0,90.6734941540342,7.065619908200005,1715.38883792802,81.0,64.155,25.59699999999995,64.1516470310952,-0.589508354663849,3.72870282332395,31.005,50.203,8.373448,64.155,10.027659999999981,3.46724391,0.494312,0.178508,0.141846,0.661032,3.044486,2.925506,0.927758,1.55574228963864,Africa
Mauritania,MR,2015.0,89.7217505350951,7.065619908200005,1562.72683648828,73.0,64.485,25.800000000000015,83.0276343912381,-0.635684847831726,3.82867953817794,28.261,51.089,8.396666,64.485,10.098930000000001,3.67363763,0.49825,0.17875,0.142904,0.661409,3.059015,2.927931,0.928407,2.62469075992307,Africa
Mauritania,MR,2016.0,88.7410925480646,7.065619908200005,1579.20071673512,74.0,64.768,25.59699999999995,76.5480652857383,-0.748691558837891,3.93120209566314,31.69899999999996,51.962,8.421804,64.768,10.28631999999998,3.09630585,0.502163,0.178985,0.144351,0.6618,3.07509,2.930587,0.928828,-1.37989304476751,Africa
Mauritania,MR,2017.0,87.6985716915547,7.065619908200005,1634.64215833074,76.0,65.083,25.699999999999985,79.9744180761698,-0.629497826099396,4.03610652954303,25.498,52.824,8.449295,65.083,10.338540000000007,3.31550789,0.506015,0.179205,0.145276,0.6622,3.094161,2.933461,0.928977,3.50841555414037,Africa
Mongolia,MN,2001.0,60.1786542562702,18.72099551091399,512.819469988285,95.0,63.279,15.900000000000023,21.3689232389585,-1.0631206035614,1.59786680589648,6.086000000000009,58.222,10.102299,63.279,6.106350000000003,5.05435562,0.482348,0.18104,0.13463,0.646003,3.523426,2.531332,2.60352,2.05242638618437,Asia
Mongolia,MN,2002.0,57.5227559032744,18.589334977395993,559.827709012681,98.0,63.518,21.999000000000002,21.2157465725794,1.17097854614258,1.61209395109404,6.497999999999999,59.304,10.200402,63.518,6.200180000000001,5.18856382,0.484421,0.181558,0.135912,0.646825,3.527995,2.523036,2.700655,3.80866773848069,Asia
Mongolia,MN,2003.0,54.9699999938417,18.46734939534698,633.946559636492,98.0,64.208,15.799999999999972,21.0276549890181,0.963294148445129,1.61862517969528,6.086000000000009,60.378,10.308984,64.208,6.765439999999995,4.10218763,0.488018,0.182188,0.137801,0.647744,3.533077,2.513081,2.807075,6.07608185435184,Asia
Mongolia,MN,2004.0,52.5850386760793,18.37000917617799,784.912071951003,99.0,64.796,21.099999999999962,20.893688863837,0.775293171405792,1.63270530747881,5.858999999999998,61.443,10.419697,64.796,6.853529999999987,4.15718555,0.490489,0.182827,0.139838,0.648653,3.538844,2.505322,2.913724,9.68847101714493,Asia
Mongolia,MN,2005.0,50.4833332353339,18.250665401815976,986.018040837747,99.0,64.879,21.702000000000016,20.9028885725986,0.878712356090546,1.64641173961656,5.307000000000004,62.494,10.527287,64.879,7.007969999999995,3.7552557,0.49296,0.18336,0.14166,0.649384,3.544997,2.503303,3.011623,6.36077020250249,Asia
Mongolia,MN,2006.0,48.7917353104274,18.146201599667005,1322.64067515404,99.0,65.513,21.702000000000016,21.2574073192077,0.646906971931458,1.65734176364657,4.496,63.535,10.64635,65.513,7.193899999999998,3.74971509,0.496838,0.183882,0.144154,0.650016,3.551049,2.505667,3.114744,7.63155362250785,Asia
Mongolia,MN,2007.0,47.6236474948699,16.36308894422397,1625.31847375123,95.0,65.97,22.297999999999988,22.1144147325228,0.668377757072449,1.67300894881353,4.701999999999995,64.564,10.785046,65.97,7.200830000000002,4.07522774,0.503421,0.184523,0.147004,0.650712,3.560469,2.508733,3.230184,9.21557951052876,Asia
Mongolia,MN,2008.0,46.9753802886064,14.622956404329013,2134.94983195668,96.0,66.382,19.596999999999966,23.4954758255364,0.539784848690033,1.69113710604802,4.701999999999995,65.581,10.917466,66.382,5.565080000000002,4.55693007,0.510565,0.185212,0.15016,0.651391,3.56917,2.511849,3.339119,7.73259499061483,Asia
Mongolia,MN,2009.0,46.7869895410583,12.875598424584005,1718.91402182752,95.0,66.766,17.499000000000002,25.4221556112408,0.609987437725067,1.71221361029839,4.391999999999995,66.58,11.018755,66.766,5.85756000000001,4.45980072,0.517451,0.185872,0.153606,0.651976,3.573566,2.514831,3.421453,-2.48393668383599,Asia
Mongolia,MN,2010.0,46.83754210172,13.513093682109986,2660.28817507398,96.0,67.182,18.59199999999997,27.9160191026285,0.597042262554169,1.73539662093186,4.496,67.567,11.069259,67.182,6.550339999999995,3.73945689,0.521156,0.186432,0.156839,0.652384,3.577486,2.517067,3.457895,4.95587799369011,Asia
Mongolia,MN,2011.0,46.8792538536602,14.149433457823031,3793.74365523458,99.0,67.439,20.30099999999997,35.8767855032703,0.606538891792297,1.7620385739675,3.9929999999999994,67.963,11.083265,67.439,4.769280000000002,3.58612084,0.523059,0.186941,0.159947,0.652681,3.576211,2.519978,3.464448,15.5203478519919,Asia
Mongolia,MN,2012.0,47.0664913185292,14.876236881096014,4402.30452266711,99.0,68.111,21.596999999999962,38.2318589751567,0.471134811639786,1.79312603023069,2.9990000000000006,68.03,11.096292,68.111,3.903969999999993,3.85800076,0.524219,0.18749,0.163073,0.652979,3.573164,2.525246,3.470121,10.3725293070213,Asia
Mongolia,MN,2013.0,47.5945968238521,15.65651756463999,4422.30087600131,98.0,68.585,20.70200000000003,36.1190861922145,0.491320788860321,1.82703318161355,2.9990000000000006,68.097,11.109511,68.585,4.230629999999996,4.08932018,0.525421,0.188076,0.166452,0.653285,3.56871,2.53239,3.475177,9.57679234415352,Asia
Mongolia,MN,2014.0,48.4191102596393,16.50608366662448,4211.93943552954,99.0,69.047,23.799999999999997,32.6310214465256,0.791901171207428,1.86406649867507,3.2880000000000047,68.163,11.119935,69.047,4.79747,4.20989752,0.527485,0.188694,0.169617,0.653615,3.560252,2.54142,3.478852,5.74188399910165,Asia
Mongolia,MN,2015.0,49.5339844118429,17.433770938487008,3919.35121343969,99.0,69.498,19.38800000000003,33.6018162552522,0.711831986904144,1.90382964798196,3.491999999999999,68.23,11.12751,69.498,4.8615499999999985,4.23154545,0.528367,0.189334,0.173016,0.653948,3.550133,2.551804,3.480908,0.241383711641021,Asia
Mongolia,MN,2016.0,50.8669397609081,9.797116638873005,3690.75677759847,99.0,69.865,16.299999999999972,34.394850770545,0.787600100040436,1.94544517232048,3.429999999999998,68.297,11.13277,69.865,7.227860000000013,4.58008575,0.52969,0.189989,0.176766,0.654278,3.53802,2.563072,3.480955,-0.681209924413565,Asia
Mongolia,MN,2017.0,52.3956301862497,9.797116638873005,3708.24822134669,99.0,70.237,20.79599999999997,31.4066965937798,0.783370971679688,1.98813245405988,1.7900000000000018,68.363,11.134497,70.237,6.359129999999999,4.33954334,0.530315,0.190648,0.180157,0.654601,3.525488,2.57518,3.478108,3.36874224166412,Asia
Montenegro,ME,2001.0,49.0843443876361,18.70733382320201,1909.59870186179,81.0,74.0694146341464,17.59999999999997,25.8235480575684,1.03136825561523,137.79349405685642,3.204,59.559,9.425742,74.0694146341464,30.308790000000002,4.97810316,0.647313,0.198504,0.163256,0.708658,2.585114,3.409586,1.713311,0.693867401671412,Europe
Montenegro,ME,2002.0,49.0289613172988,18.70733382320201,2106.6350684523,98.0,73.9064878048781,13.700000000000024,25.9162935734152,-3.31295108795166,137.79349405685642,3.204,60.568,9.446121,73.9064878048781,30.289710000000017,4.97810316,0.647625,0.198868,0.164201,0.708953,2.585275,3.413949,1.72725,1.49637312245436,Europe
Montenegro,ME,2003.0,49.0723562152134,18.70733382320201,2789.15906483509,89.0,73.9317317073171,14.200000000000024,26.0199501928823,-0.272093862295151,137.79349405685642,3.204,61.568,9.471729,73.9317317073171,30.31585000000005,4.97810316,0.647315,0.199312,0.166207,0.709302,2.585842,3.418989,1.744762,2.07441379687521,Europe
Montenegro,ME,2004.0,49.2535533779295,18.70733382320201,3380.16512135859,25.0,74.5639512195122,15.299999999999972,26.1043022901578,-0.684061944484711,137.79349405685642,3.204,62.127,9.493911,74.5639512195122,30.314620000000055,4.97810316,0.646578,0.199732,0.168314,0.709635,2.58424,3.423401,1.762011,4.24115443247457,Europe
Montenegro,ME,2005.0,49.4005851864643,18.70733382320201,3674.6179242797,67.0,73.9829268292683,15.900000000000023,26.13913423943,-0.665870845317841,137.79349405685642,47.56999999999998,62.465,9.513036,73.9829268292683,30.309629999999984,4.97810316,0.646569,0.200039,0.170166,0.709921,2.585337,3.425698,1.775306,4.02660484276163,Europe
Montenegro,ME,2006.0,49.3069042532531,58.25983212719699,4425.67887307803,90.0,73.8390243902439,14.200000000000024,25.9194092295677,0.0475496053695679,45.7267657992565,44.78000000000004,62.803,9.528277,73.8390243902439,24.615039999999993,4.97810316,0.643745,0.2003,0.172689,0.71019,2.585826,3.426751,1.788776,8.43155401049707,Europe
Montenegro,ME,2007.0,48.9851952198945,56.40281502705407,5976.39414454596,92.0,74.3390243902439,20.30099999999997,25.3954495906652,0.108533091843128,45.7899628252788,42.30100000000007,63.139,9.548389,74.3390243902439,19.402270000000026,4.97810316,0.639327,0.200628,0.175704,0.710495,2.587538,3.427822,1.806875,6.66273607597991,Europe
Montenegro,ME,2008.0,48.6343958312755,59.9129894343999,7367.75190910882,95.0,75.1365853658537,18.499000000000002,24.7700784087494,0.767700612545013,45.8713011152416,38.790000000000056,63.475,9.565013,75.1365853658537,17.15665000000001,4.97810316,0.633187,0.200973,0.178399,0.7108,2.587327,3.428802,1.825525,7.0326268462032,Europe
Montenegro,ME,2009.0,48.2829658799575,59.9129894343999,6727.10776676969,92.0,75.1439024390244,16.495,24.246118769847,0.817372143268585,45.969814126394,49.218999999999966,63.808,9.578622,75.1439024390244,19.079209999999975,4.97810316,0.627388,0.201288,0.181026,0.711087,2.587371,3.429727,1.840735,-5.99697748606286,Europe
Montenegro,ME,2010.0,47.7854654769289,59.9129894343999,6688.40259641346,94.0,75.990243902439,15.700000000000028,24.0263937599847,0.584210991859436,46.054126394052,49.07000000000001,64.14,9.58471,75.990243902439,19.648339999999973,4.97810316,0.623711,0.201528,0.183531,0.711318,2.585677,3.430299,1.848646,2.54625315972683,Europe
Montenegro,ME,2011.0,47.3414202378548,59.9129894343999,7328.78943085498,95.0,75.9829268292683,9.612000000000016,26.8096357329836,0.565341532230377,46.1025278810409,42.76000000000002,64.472,9.586896,75.9829268292683,19.76586000000001,7.97,0.621542,0.201728,0.185741,0.711527,2.584255,3.430556,1.851547,3.12007495624715,Europe
Montenegro,ME,2012.0,47.2288516376369,59.9129894343999,6586.39970256684,94.0,76.2,7.490999999999999,25.152725645633,0.596563041210175,46.1413382899628,45.936000000000014,64.804,9.585819,76.2,19.816869999999998,8.3,0.618891,0.20195,0.187269,0.711731,2.581599,3.430114,1.854265,-2.80561175003068,Europe
Montenegro,ME,2013.0,47.3516421479095,59.9129894343999,7188.86361611271,94.0,76.490243902439,12.1,23.0328197648844,0.504595458507538,46.1863940520446,49.27700000000008,65.137,9.581376,76.490243902439,19.591980000000014,8.47,0.615684,0.202192,0.188755,0.711952,2.577204,3.429234,1.856355,3.44796578700294,Europe
Montenegro,ME,2014.0,47.7572998251084,59.9129894343999,7387.87296917548,91.0,76.4414634146341,10.69900000000002,22.8933751545525,0.219455271959305,46.2312267657993,45.997,65.471,9.576308,76.4414634146341,18.053840000000022,8.0,0.612233,0.202449,0.190406,0.712186,2.573647,3.428189,1.857198,1.68499387988115,Europe
Montenegro,ME,2015.0,48.383580854347,59.9129894343999,6517.19267514764,89.0,76.4487804878049,8.5,22.5226135295586,0.136638209223747,46.2571747211896,43.00500000000001,65.806,9.569464,76.4487804878049,17.58017000000002,9.02,0.608275,0.202715,0.191711,0.712429,2.57097,3.42693,1.856434,3.33238457780671,Europe
Montenegro,ME,2016.0,48.9354624085163,59.9129894343999,7033.43962398373,89.0,76.4414634146341,10.69900000000002,20.7818361159159,0.268716216087341,46.2678810408922,43.918000000000035,66.141,9.558063,76.4414634146341,17.737759999999987,8.63,0.605848,0.202979,0.193395,0.712658,2.564183,3.425511,1.853489,2.92545800874741,Europe
Montenegro,ME,2017.0,49.4992853797096,59.9129894343999,7803.35824465203,87.0,76.4853658536585,10.329999999999998,21.1885834911776,-0.062578022480011,46.2730855018587,37.772000000000055,66.477,9.543664,76.4853658536585,16.083140000000018,7.98,0.60265,0.203248,0.194161,0.712896,2.55864,3.423967,1.848102,4.70468752737763,Europe
Mozambique,MZ,2001.0,89.7712523473115,20.667851021720004,310.095062515845,73.0,50.065,33.90100000000006,20.1840071365718,0.492683351039886,23.1703705587629,92.99700000000001,29.277,10.398291,50.065,2.840420000000001,2.87893057,0.501034,0.149006,0.082448,0.604692,3.8346,3.604284,1.622227,10.0508715598512,Africa
Mozambique,MZ,2002.0,90.1437906103587,21.409166725307976,318.308992526757,76.0,50.59,33.90100000000006,20.0136498073847,0.188492238521576,23.773425061675,93.18500000000003,29.457,10.420361,50.59,2.9033600000000024,3.2773509,0.502632,0.149708,0.084142,0.60492,3.842862,3.604747,1.63135,6.88657191449487,Africa
Mozambique,MZ,2003.0,90.5063908877462,22.08707770560597,343.128747081482,85.0,50.87,33.489000000000004,19.8102890904689,0.246098503470421,24.3988326254483,92.68800000000005,29.637,10.443978,50.87,2.868970000000002,3.39533854,0.504363,0.150494,0.085682,0.605191,3.851475,3.60536,1.641413,4.46942343287198,Africa
Mozambique,MZ,2004.0,90.8279136232525,22.702683262347023,403.020713102699,83.0,51.249,33.09899999999994,19.6398437905371,0.0032564660068601,25.0443945675119,92.87599999999988,29.818,10.468059,51.249,2.95833,3.67226458,0.50554,0.151237,0.087122,0.605485,3.861878,3.606237,1.65056,5.4155443124279,Africa
Mozambique,MZ,2005.0,91.1127539030808,23.278029764759022,438.793472737165,80.0,51.561,32.29700000000005,19.5682327123022,0.125595733523369,25.7014598540146,93.68,29.999,10.484107,51.561,3.029399999999996,4.37538815,0.506402,0.151804,0.088624,0.605775,3.867162,3.607433,1.656907,3.59412601253256,Africa
Mozambique,MZ,2006.0,91.4016676770892,23.527272373532018,458.615152006485,78.0,51.961,32.004,19.6733490140973,0.520101010799408,26.3689081614487,93.08700000000017,30.182,10.497354,51.961,3.0285799999999945,4.08873844,0.508281,0.152266,0.089893,0.606125,3.870196,3.60898,1.661613,7.12862473263326,Africa
Mozambique,MZ,2007.0,91.6378226290705,23.768486464628005,508.044895625424,75.0,52.566,31.200999999999958,19.9403587930867,0.35761559009552,27.0613609196572,87.50700000000002,30.364,10.506969,52.566,3.0644099999999987,3.93067098,0.508376,0.152756,0.090975,0.606583,3.870559,3.61092,1.6668,4.89479579600078,Africa
Mozambique,MZ,2008.0,91.9466155455034,23.981742625922998,591.439837606183,75.0,53.164,31.38200000000005,20.2960902622309,0.383096486330032,27.7799168341006,88.09000000000013,30.832,10.518207,53.164,3.090330000000003,4.22139311,0.51037,0.153238,0.09236,0.607104,3.869795,3.61353,1.67181,4.11352006345244,Africa
Mozambique,MZ,2009.0,92.3598288428546,24.210173223114968,546.600732462517,74.0,53.788,30.994,20.6673716344898,0.625379621982574,28.53157506549,86.06900000000009,31.328,10.52973,53.788,3.181330000000001,5.20390034,0.511412,0.153674,0.093269,0.607629,3.870769,3.61686,1.676117,3.13829580890182,Africa
Mozambique,MZ,2010.0,92.662641527205,24.410784366757994,494.584022000439,74.0,54.198,30.69999999999996,20.9810311228238,0.394421875476837,29.3416961265546,84.88699999999989,31.83,10.540942,54.198,3.2365500000000043,5.43892908,0.512253,0.154025,0.094592,0.608095,3.87187,3.620915,1.679192,3.73431355081691,Africa
Mozambique,MZ,2011.0,92.7207280366948,24.60368758882498,615.278659781153,78.0,54.869,30.400000000000055,21.3180610647849,0.332048267126083,30.2149355273532,85.39699999999986,32.336,10.556466,54.869,3.2799899999999966,5.00311899,0.513848,0.154326,0.095747,0.608513,3.876339,3.625862,1.681831,4.03778569067535,Africa
Mozambique,MZ,2012.0,92.5012009898468,24.76582097170498,681.49212857369,81.0,55.639,30.400000000000055,21.4882091792626,0.39049369096756,31.1396665734123,84.501,32.846,10.572647,55.639,3.305170000000004,5.24640608,0.514968,0.154639,0.096922,0.608946,3.880238,3.63174,1.685194,4.78747235869217,Africa
Mozambique,MZ,2013.0,92.0706281617697,24.94328198599999,681.065114197441,85.0,56.492,30.300000000000036,21.704486846149,-0.226966470479965,32.1113596480073,83.08800000000012,33.36,10.591259,56.492,3.330400000000002,6.12585449,0.517469,0.154957,0.098348,0.609382,3.883633,3.6384,1.68907,3.34655185505068,Africa
Mozambique,MZ,2014.0,91.4345462315769,25.110473368282,690.443218144276,88.0,57.274,30.400000000000055,21.6145857091373,-0.336002737283707,33.1121137363616,81.19799999999988,33.878,10.611387,57.274,3.3787699999999967,6.33251858,0.519685,0.155276,0.099549,0.609829,3.887694,3.645931,1.693423,4.44745201097221,Africa
Mozambique,MZ,2015.0,90.6281923609237,25.254651752220028,603.838513777915,88.0,58.151,30.69999999999996,21.5758950473476,-0.516435563564301,34.1352094407284,80.09400000000008,34.4,10.633636,58.151,3.4309599999999962,6.71663332,0.522644,0.155592,0.100742,0.610276,3.891948,3.65426,1.698174,4.17432297357378,Africa
Mozambique,MZ,2016.0,89.6758809454396,25.254651752220028,435.760991009624,88.0,59.038,31.099999999999945,21.069117727762,-1.09681463241577,35.2202408504794,77.38599999999992,34.926,10.656858,59.038,3.4807400000000013,7.28134441,0.526056,0.155892,0.102066,0.610697,3.895806,3.663048,1.703293,1.47158575392668,Africa
Mozambique,MZ,2017.0,88.7840266419989,25.254651752220028,464.294721264472,88.0,59.771,30.199999999999964,18.7547986602318,-0.917248427867889,36.3303250336987,78.1959999999999,35.455,10.681988,59.771,3.5433400000000033,7.83763266,0.528699,0.156176,0.103227,0.611099,3.901795,3.672136,1.708856,-0.497934417344908,Africa
Myanmar,MM,2001.0,57.102422155394,9.987915396052998,140.776163930913,73.0,60.416,20.597999999999967,39.7428390610683,1.16978526115417,70.4085840193408,82.47399999999998,27.208,7.673732,60.416,0.6988700000000004,2.15,0.568841,0.194816,0.081153,0.501768,2.235922,3.241526,0.849706,10.191004629223,Asia
Myanmar,MM,2002.0,56.3020799775744,9.978572925681979,145.817533865002,79.0,60.725,20.400000000000038,40.1768875885917,-1.40995764732361,71.1207118156502,82.97499999999997,27.391,7.684138,60.725,0.6847900000000005,2.58,0.568675,0.195942,0.082901,0.502359,2.237573,3.247281,0.849407,10.9038080970688,Asia
Myanmar,MM,2003.0,55.6179300556757,9.968527563310976,223.063775892621,78.0,60.98,20.093999999999962,40.6510344092112,-1.15374350547791,71.8001851455152,79.89799999999985,27.575,7.6971,60.98,0.6831400000000001,2.38,0.568645,0.197218,0.085543,0.503071,2.239579,3.253788,0.849256,12.7666464699668,Asia
Myanmar,MM,2004.0,54.9189630050266,9.957709570192982,223.229846970577,82.0,61.25,19.704000000000015,40.9869354273807,-0.984741389751434,72.4471947598788,80.19899999999988,27.76,7.711326,61.25,0.6779799999999997,2.32,0.568369,0.19853,0.088354,0.503811,2.242549,3.26031,0.849403,12.5711109344626,Asia
Myanmar,MM,2005.0,54.1670532326565,9.951664200999979,251.170356995896,73.0,61.599,19.297999999999973,41.0062465475539,-0.899246156215668,73.0446782784376,79.63600000000005,27.946,7.723491,61.599,0.670120000000001,2.33,0.568402,0.199749,0.090669,0.504443,2.244641,3.265598,0.849989,12.6503342043617,Asia
Myanmar,MM,2006.0,53.3993449494842,9.951664200999979,301.58191391586,82.0,61.893,19.0,40.5461049761885,-0.850372433662415,73.589107380599,81.31300000000009,28.132,7.736632,61.893,0.6695299999999995,2.25,0.56744,0.200973,0.093437,0.50501,2.247225,3.270468,0.852079,12.2206449136949,Asia
Myanmar,MM,2007.0,52.6417140208325,9.951664200999979,416.600432244227,86.0,62.371,19.0,39.5962241482972,-1.06611335277557,74.1303204186559,80.48199999999999,28.319,7.751715,62.371,0.6717200000000011,2.02,0.566608,0.202338,0.096383,0.505628,2.248896,3.275862,0.856,11.1652987828751,Asia
Myanmar,MM,2008.0,51.8259293189113,9.951664200999979,653.866000185961,85.0,56.506,19.228000000000005,38.2071243111665,-1.09180378913879,74.5886118381779,85.5820000000001,28.507,7.767119,56.506,0.6835399999999996,2.11,0.565027,0.203752,0.099571,0.506271,2.250329,3.281723,0.860446,9.61309144417291,Asia
Myanmar,MM,2009.0,51.026536186977,9.951664200999979,752.944035899187,90.0,63.155,19.099999999999966,36.4293257120831,-1.2944188117981,75.0280667380989,85.81400000000006,28.695,7.781137,63.155,0.6963199999999997,2.16,0.564461,0.205114,0.102574,0.506868,2.250691,3.287142,0.864287,9.90417710212709,Asia
Myanmar,MM,2010.0,50.3184761450507,9.951664200999979,1003.03345506033,90.0,63.329,19.099999999999966,34.3133485983332,-1.28592801094055,75.6069375133944,84.59000000000015,28.885,7.793912,63.329,0.7064699999999999,1.96,0.564225,0.206333,0.105711,0.507365,2.252659,3.291158,0.866461,8.80170496150714,Asia
Myanmar,MM,2011.0,49.6161877525558,9.951664200999979,1204.49647224228,84.0,63.901,19.0,29.4854398392347,-1.11109840869904,76.2211605871818,83.80300000000008,29.075,7.806728,63.901,0.7223199999999994,1.93,0.565363,0.207443,0.108347,0.507792,2.255905,3.294603,0.867275,4.73577071481266,Asia
Myanmar,MM,2012.0,48.9296724057572,9.951664200999979,1193.54764908799,84.0,64.141,19.499000000000002,33.179223857355,-0.943674981594086,76.8861440710403,78.07000000000009,29.266,7.823024,64.141,0.7435399999999998,2.41,0.566976,0.208559,0.111296,0.508231,2.26182,3.298047,0.868095,6.42716418154016,Asia
Myanmar,MM,2013.0,48.2943379593612,9.951664200999979,1189.96476478036,75.0,64.815,19.499000000000002,35.1664986630794,-1.14037239551544,77.5530317878361,75.59900000000012,29.457,7.839132,64.815,0.75169,3.2,0.568487,0.209678,0.114334,0.508697,2.267493,3.301534,0.868909,7.50515462728801,Asia
Myanmar,MM,2014.0,47.7966286902142,9.951664200999979,1283.1064921138,88.0,65.056,19.596999999999966,31.2218892689358,-1.08758068084717,78.202419305445,72.01500000000001,29.65,7.856435,65.056,0.7492900000000001,4.39,0.57025,0.210781,0.117105,0.509153,2.274676,3.304862,0.869608,7.27167197506392,Asia
Myanmar,MM,2015.0,47.4345746268986,9.951664200999979,1157.78396112581,89.0,65.561,19.704000000000015,29.9150539220144,-1.16666913032532,78.832530470999,69.93000000000002,29.858,7.874524,65.561,0.7657499999999999,5.48,0.572084,0.211861,0.120132,0.509602,2.282712,3.307999,0.870134,6.13764278615434,Asia
Myanmar,MM,2016.0,47.107697066773,9.951664200999979,1219.80143924907,90.0,65.685,19.89600000000003,31.1703866445543,-0.808124959468842,79.4943916786666,68.8330000000001,30.082,7.89281,65.685,1.042020000000001,5.11,0.574688,0.21291,0.12292,0.510042,2.290754,3.311078,0.870418,5.02932053777914,Asia
Myanmar,MM,2017.0,46.7781963713729,9.951664200999979,1263.24605485191,89.0,65.843,19.985000000000003,28.1336717956987,-1.08409428596497,80.1046970509383,59.478999999999985,30.322,7.91226,65.843,1.3608599999999984,5.08,0.576855,0.213915,0.125738,0.510456,2.300982,3.313936,0.870378,5.33231433903833,Asia
Namibia,NA,2001.0,80.6181133580786,24.822357844863987,1916.2558622279,78.0,51.26,22.79799999999999,20.3820858449612,-0.180753871798515,2.25485794798917,30.36400000000005,32.898,10.381655,51.26,20.92536000000001,9.64409447,0.755825,0.171229,0.169691,0.62611,3.466144,3.476269,1.716387,-0.852856888547095,Africa
Namibia,NA,2002.0,79.6207137938512,25.347222222199935,1773.43155446127,77.0,51.254,23.20400000000001,20.2505892694706,0.14875116944313,2.29387579103354,33.80000000000004,33.766,10.368021,51.254,21.550860000000004,9.68074989,0.746753,0.17166,0.17074,0.626405,3.463626,3.477342,1.711495,3.00625104986267,Africa
Namibia,NA,2003.0,78.3709536682737,25.347222222199935,2571.98239738661,79.0,51.083,22.79799999999999,20.0930633490459,0.478074342012405,2.32654957548373,33.29900000000005,34.709,10.354102,51.083,22.079959999999996,9.91340542,0.737084,0.172176,0.172294,0.62671,3.461968,3.478302,1.705568,2.77586307086733,Africa
Namibia,NA,2004.0,76.926143552944,25.347222222199935,3407.85064848415,81.0,51.246,21.999000000000002,19.9611866202444,0.664763033390045,2.35567782919749,34.80000000000006,35.666,10.34339,51.246,22.09620999999999,10.12623405,0.729509,0.172669,0.174132,0.627021,3.46033,3.479373,1.700356,10.8813209696605,Africa
Namibia,NA,2005.0,75.1418720688695,25.347222222199935,3692.75260281301,86.0,51.787,21.90100000000004,19.9066376196234,0.625976085662842,2.38417204144348,34.59999999999994,36.632,10.337569,51.787,22.10530999999999,10.08441544,0.726076,0.173017,0.175382,0.627286,3.457831,3.480496,1.697481,1.30389363245564,Africa
Namibia,NA,2006.0,73.171380178754,25.347222222199935,4027.96170615871,86.0,52.655,23.59799999999996,19.9984652893034,0.782249569892883,2.41295047917502,35.80000000000006,37.61,10.331574,52.655,21.83569000000002,10.57086945,0.729309,0.173288,0.176549,0.627545,3.445784,3.48134,1.697759,5.79615006028797,Africa
Namibia,NA,2007.0,71.3805669085515,25.347222222199935,4394.51734135638,86.0,53.68,21.488000000000007,20.2560840083053,1.01876068115234,2.44323628369104,36.46300000000001,38.598,10.323506,53.68,22.11030999999998,10.71633053,0.736823,0.173612,0.178456,0.627863,3.424845,3.48183,1.700077,4.0678513272068,Africa
Namibia,NA,2008.0,69.8787670707764,25.347222222199935,4222.32618912577,83.0,54.653,21.28999999999998,20.6567204685379,1.20101487636566,2.47610441035358,32.5,39.597,10.31714,54.653,22.033359999999966,9.91801167,0.745619,0.173958,0.180801,0.628216,3.403207,3.482315,1.703024,1.28722530283444,Africa
Namibia,NA,2009.0,68.7101969288305,25.347222222199935,4322.62926597991,83.0,55.496,26.796000000000014,21.1776013619098,0.929570853710175,2.51177470879034,33.40000000000006,40.601,10.313103,55.496,22.206739999999986,9.04967022,0.753976,0.174295,0.182922,0.628577,3.384934,3.483131,1.705268,-1.12835556002014,Africa
Namibia,NA,2010.0,67.9153508729831,25.347222222199935,5445.42006302741,83.0,56.015,26.199999999999985,21.7959533803297,0.846940040588379,2.54985606529898,31.22399999999998,41.616,10.316806,56.015,22.11680999999996,9.72781372,0.759737,0.174589,0.184639,0.628917,3.37891,3.484592,1.705422,4.45558422162708,Africa
Namibia,NA,2011.0,67.48897591904,25.347222222199935,5873.05938103204,82.0,56.553,23.899000000000044,23.0948112524998,0.911657512187958,2.59002295667383,31.59599999999995,42.637,10.324905,56.553,19.45348000000001,9.83193302,0.763104,0.174871,0.187119,0.629254,3.380567,3.486641,1.703349,3.46154858308152,Africa
Namibia,NA,2012.0,67.2760977477032,25.347222222199935,6017.17836541483,84.0,57.64,28.09999999999995,22.5559756572042,0.978104293346405,2.63269321867143,31.903000000000052,43.693,10.334256,57.64,16.769569999999977,9.26659298,0.765714,0.175204,0.189125,0.629672,3.385248,3.489228,1.700065,3.35885947410905,Africa
Namibia,NA,2013.0,67.0865602228922,25.347222222199935,5463.03136620996,89.0,58.694,30.300000000000036,21.57098939708,0.958809971809387,2.67768344082887,30.705999999999968,44.756,10.346149,58.694,19.025570000000002,9.06448746,0.768439,0.175576,0.190803,0.630136,3.393388,3.492192,1.695615,3.84018958420569,Africa
Namibia,NA,2014.0,66.8914454593344,25.347222222199935,5544.10406844675,88.0,59.822,31.099999999999945,21.055359356351,0.608740627765656,2.7244361039245,30.201999999999966,45.826,10.359603,59.822,18.52082999999999,8.4089098,0.771059,0.175981,0.193621,0.630645,3.402632,3.495514,1.690151,4.27191936736793,Africa
Namibia,NA,2015.0,66.7678995551549,25.347222222199935,4965.67276506551,92.0,60.7,32.004,22.11922822913,0.725260257720947,2.77266090927863,29.292000000000026,46.9,10.377783,60.7,20.816689999999976,9.98109627,0.773144,0.17642,0.196153,0.631215,3.417682,3.499314,1.683855,2.45071097789892,Africa
Namibia,NA,2016.0,66.7737647116249,25.347222222199935,4614.89207493896,85.0,61.682,32.004,21.0604148441707,0.699528992176056,2.82203354832441,29.221999999999998,47.961,10.396887,61.682,23.25445000000001,9.3223238,0.774925,0.176883,0.198721,0.63183,3.434254,3.50356,1.676714,-1.71633797777358,Africa
Namibia,NA,2017.0,66.8915146642914,25.347222222199935,5453.57062341501,88.0,62.293,33.29300000000004,19.7391225085732,0.621905207633972,2.87205480450388,30.201999999999966,49.005,10.423614,62.293,21.751460000000005,8.72573948,0.775731,0.177365,0.200987,0.632491,3.45997,3.508308,1.668762,-2.75101363036156,Africa
Nepal,NP,2001.0,79.2019160964597,1.9978833368659965,240.705159164552,72.0,63.336,15.299999999999972,58.2838727140248,0.149006545543671,174.091880013952,87.80300000000007,13.947,10.252621,63.336,10.617120000000009,3.81,0.49409,0.245043,0.105714,0.576143,3.69314,3.768353,1.370138,3.13454193470828,Asia
Nepal,NP,2002.0,78.3739761717645,1.8965282651419972,238.861254119722,72.0,63.264,15.299999999999972,58.7692779115223,-1.71746289730072,176.715577258458,89.91900000000001,14.24,10.262397,63.264,10.65483999999998,3.94,0.492894,0.245092,0.106604,0.576543,3.694366,3.774731,1.372167,-1.36634119401036,Asia
Nepal,NP,2003.0,77.4921431649249,1.8071563166479974,246.48583783973,78.0,64.197,15.399000000000022,59.2354499589495,-1.89185237884521,179.162246250436,89.39999999999985,14.538,10.270895,64.197,10.676740000000004,3.86,0.490618,0.245143,0.107775,0.577001,3.693213,3.782216,1.374929,2.52554729261927,Asia
Nepal,NP,2004.0,76.5623127494199,1.6800519677999985,279.724200317908,80.0,64.818,15.900000000000023,59.5512460377322,-2.14913845062256,181.401918381584,90.30400000000004,14.841,10.281866,64.818,10.679809999999993,4.05,0.489178,0.245184,0.108816,0.577477,3.693459,3.789731,1.378021,3.3901433304318,Asia
Nepal,NP,2005.0,75.581788841288,1.5541586379000016,309.310418632817,75.0,65.457,16.0,59.585523329296,-2.09840488433838,183.363167073596,89.46599999999995,15.149,10.294573,65.457,10.652310000000014,3.95,0.487936,0.245201,0.109883,0.57793,3.696481,3.796168,1.380974,2.37236984013099,Asia
Nepal,NP,2006.0,74.5433345981415,1.5541586379000016,341.028140039374,89.0,65.868,15.900000000000023,58.323855130818,-1.89445018768311,184.994565748169,91.19999999999996,15.462,10.321417,65.868,10.659180000000001,3.54,0.487673,0.245148,0.110738,0.578389,3.703321,3.802101,1.394047,2.45308046133157,Asia
Nepal,NP,2007.0,73.4151529700635,1.5541586379000016,386.529586362442,82.0,66.329,16.0,55.5324687996932,-1.88537847995758,186.352668294384,91.30200000000002,15.781,10.367418,66.329,10.671080000000012,3.67,0.488712,0.245023,0.111947,0.578895,3.712909,3.8086,1.421332,2.65791663944303,Asia
Nepal,NP,2008.0,72.1165884609883,1.5541586379000016,466.693379122712,82.0,66.421,15.900000000000023,52.2512026076732,-1.83428740501404,187.523850715033,90.49600000000001,16.105,10.420156,66.421,10.650359999999996,3.82,0.489601,0.244881,0.113574,0.579426,3.723817,3.815431,1.453426,5.4419613689312,Asia
Nepal,NP,2009.0,70.676369187174,1.5541586379000016,475.63597612014,89.0,66.761,15.700000000000028,49.5198948265099,-1.62008118629456,188.538130449948,88.90899999999986,16.434,10.465657,66.761,10.642819999999999,3.9,0.490505,0.244777,0.115113,0.579959,3.731793,3.822372,1.481138,3.97072148091439,Asia
Nepal,NP,2010.0,69.1653677932455,1.5541586379000016,589.165434913038,82.0,66.814,15.799999999999972,48.378383727955,-1.58397114276886,189.477272410185,87.29600000000006,16.768,10.496795,66.814,10.630510000000006,4.36,0.491607,0.244765,0.11597,0.580467,3.739465,3.829059,1.495462,4.29689327182552,Asia
Nepal,NP,2011.0,67.773897062443,1.5541586379000016,791.225582105683,92.0,67.313,16.099999999999977,57.7405744835303,-1.41644358634949,190.208573421695,86.97599999999997,17.108,10.511208,67.313,10.652890000000012,4.45,0.492166,0.244832,0.117517,0.580965,3.739861,3.835695,1.500172,3.02417955146129,Asia
Nepal,NP,2012.0,66.6713115533883,1.5541586379000016,794.092564101405,90.0,67.47,15.700000000000028,71.4060546576235,-1.38123226165771,190.657091035926,84.66599999999997,17.458,10.519091,67.47,10.654249999999992,4.49,0.493338,0.24495,0.119324,0.581516,3.732376,3.842604,1.504983,4.42390716822683,Asia
Nepal,NP,2013.0,65.7485637806686,1.5541586379000016,809.384453314378,92.0,67.965,15.700000000000028,71.4182305954874,-1.12914609909058,191.011893965818,85.99199999999999,17.815,10.519784,67.965,10.666460000000011,4.63,0.494306,0.245118,0.120997,0.582111,3.717788,3.849684,1.50978,3.33285610067423,Asia
Nepal,NP,2014.0,64.785703506288,1.5541586379000016,827.744708369804,92.0,68.085,15.900000000000023,75.117974167847,-0.724599540233612,191.573812347401,84.0,18.182,10.515142,68.085,10.648320000000012,5.08,0.495772,0.245345,0.122746,0.582756,3.697063,3.856963,1.514497,5.70053323964268,Asia
Nepal,NP,2015.0,63.6274068235559,1.5541586379000016,882.30766159992,91.0,67.456,16.299999999999972,70.9361955250807,-0.997430026531219,192.60777816533,85.25399999999992,18.557,10.507621,67.456,10.65483999999998,5.47,0.497888,0.245631,0.124484,0.583442,3.672807,3.864376,1.518993,3.41788430259847,Asia
Nepal,NP,2016.0,62.2442621490219,1.5541586379000016,880.224893639824,87.0,68.776,17.0,72.4074854195922,-0.846989989280701,194.35776770143,79.40099999999988,18.942,10.492517,68.776,10.683919999999995,5.42,0.500198,0.24598,0.126455,0.584169,3.640557,3.871915,1.523243,-0.471182003735137,Asia
Nepal,NP,2017.0,60.7993231045902,1.5541586379000016,1027.96547660189,90.0,68.91,16.200000000000028,64.6442716077629,-0.58410120010376,196.605692361353,76.84200000000006,19.336,10.475021,68.91,10.659629999999998,4.72,0.501678,0.246394,0.128495,0.584927,3.606939,3.879455,1.527133,7.73126907720822,Asia
Nicaragua,NI,2001.0,75.8543103188448,14.789453182863017,1030.62046409577,87.0,67.215,16.0,25.3226107687654,0.679285824298859,43.1507728103706,56.703999999999915,55.335,9.604976,67.215,7.219770000000016,5.48459768,0.597279,0.194689,0.182413,0.787698,2.88223,2.871568,2.089099,1.58198187120749,Americas
Nicaragua,NI,2002.0,74.2544164108409,15.337741662427993,993.293498076813,85.0,67.18,15.799999999999972,25.1714026036055,-0.0931836739182472,43.7012298487618,54.69699999999996,55.484,9.605059,67.18,7.528610000000008,5.73315859,0.589657,0.195106,0.18359,0.788901,2.887219,2.876236,2.08435,-0.515149316447534,Americas
Nicaragua,NI,2003.0,72.6568667836512,15.837013771821985,999.846235489936,86.0,67.217,16.0,24.9663582365381,-0.368299216032028,44.2335216885491,51.478,55.633,9.602812,67.217,7.59747000000001,6.08317614,0.581457,0.195565,0.185464,0.790179,2.891271,2.881224,2.077652,1.28703167874203,Americas
Nicaragua,NI,2004.0,71.0727464333787,16.35172563412,1075.51245505331,79.0,67.423,15.900000000000023,24.714118755341,-0.341314166784287,44.7583762672428,51.23999999999997,55.782,9.602633,67.423,6.409580000000002,6.05740356,0.574714,0.196007,0.18653,0.791427,2.895879,2.886057,2.072019,4.07723803787239,Americas
Nicaragua,NI,2005.0,69.4957182333747,16.85072367404,1158.88336804158,86.0,67.936,16.099999999999977,24.4213252477922,-0.339232921600342,45.3272228685391,52.78200000000006,55.935,9.603254,67.936,5.37005,6.22468948,0.570727,0.196362,0.187569,0.792485,2.895757,2.890089,2.070265,2.97367735028845,Americas
Nicaragua,NI,2006.0,67.9141525496039,17.420228689629987,1223.13187642832,88.0,68.725,16.200000000000028,23.8278599348014,-0.267819613218308,45.9515622403191,53.298000000000094,56.132,9.609013,68.725,5.31123,6.35756445,0.56927,0.196676,0.188538,0.793422,2.895322,2.893594,2.072191,2.73808027466922,Americas
Nicaragua,NI,2007.0,66.3646019379454,17.978314598927994,1323.84916260998,93.0,69.559,14.400000000000013,22.862202398137,-0.120370902121067,46.5967508725278,52.59500000000003,56.328,9.609084,69.559,4.890279999999995,6.95643044,0.569239,0.197037,0.189027,0.794426,2.886838,2.897271,2.075246,3.62091513606408,Americas
Nicaragua,NI,2008.0,64.8797031103608,18.540395113443005,1493.90454426773,97.0,70.586,14.299999999999976,21.8138897668651,-0.222542554140091,47.2639521356158,53.80700000000006,56.525,9.610834,70.586,6.200180000000001,7.16700697,0.568379,0.1974,0.190207,0.795389,2.880336,2.900724,2.078399,1.97463589606157,Americas
Nicaragua,NI,2009.0,63.4869108820345,18.144453656998984,1438.08682340939,98.0,71.433,14.400000000000013,20.9724591700519,-0.305793792009354,47.9527920890809,54.566000000000024,56.721,9.60866,71.433,8.161059999999994,7.68584394,0.568293,0.197723,0.190718,0.796209,2.871507,2.903602,2.080608,-4.68050887519132,Americas
Nicaragua,NI,2010.0,62.1941859495674,17.740731841552975,1495.72918990272,98.0,72.009,14.5,20.6274477367636,-0.499709248542786,48.6599135781951,54.414999999999964,56.917,9.607219,72.009,7.830160000000003,7.71019173,0.568735,0.197962,0.191622,0.796795,2.865712,2.90553,2.080863,2.8923739181472,Americas
Nicaragua,NI,2011.0,60.9953637541644,17.33514680355197,1644.79935412236,98.0,72.416,14.299999999999976,23.0111273786789,-0.269735813140869,49.381361143427,53.298000000000094,57.113,9.607243,72.416,6.616679999999995,7.44982004,0.569934,0.198147,0.192938,0.797187,2.863188,2.906708,2.079141,4.76420845580793,Americas
Nicaragua,NI,2012.0,59.923726977478,17.068581950074016,1746.41858428988,98.0,72.615,15.199000000000028,20.415804406594,-0.348777562379837,50.113071297989,53.298000000000094,57.309,9.608114,72.615,5.207550000000009,7.48836899,0.572861,0.198356,0.194207,0.79759,2.860821,2.907941,2.076338,4.94101188410394,Americas
Nicaragua,NI,2013.0,59.0007451967548,16.81855853765602,1794.77996471527,98.0,72.704,13.700000000000024,22.190051857194,-0.249215871095657,50.8507478810038,54.297000000000025,57.505,9.608929,72.704,5.279799999999991,7.63869238,0.576709,0.198578,0.196096,0.797968,2.85807,2.909067,2.072441,3.40398329346489,Americas
Nicaragua,NI,2014.0,58.2043518787015,16.514032145169804,1913.52134831663,98.0,72.812,16.200000000000028,20.337626285854,-0.0407801233232021,51.5927871032076,53.0,57.7,9.60848,72.812,4.520099999999996,7.97716141,0.580186,0.198815,0.197953,0.798336,2.855534,2.910105,2.067551,3.27875250579895,Americas
Nicaragua,NI,2015.0,57.528985532619,16.220777300055985,2025.32477597575,98.0,72.983,16.099999999999977,20.8100394575554,-0.092195525765419,52.3400199434934,49.996,57.895,9.611727,72.983,4.699809999999993,7.96303272,0.586591,0.199062,0.200784,0.798685,2.853856,2.911002,2.061747,3.29662812587597,Americas
Nicaragua,NI,2016.0,56.944468667166,15.912779471340992,2079.45373495517,98.0,73.256,16.099999999999977,19.6627564192395,-0.0954835712909698,53.0931942828652,49.51400000000002,58.09,9.613798,73.256,3.9010199999999964,8.04877567,0.592163,0.199311,0.202998,0.798994,2.853619,2.911707,2.055006,3.07960917279462,Americas
Nicaragua,NI,2017.0,56.406781608169,15.590677775815998,2127.28572022576,98.0,73.554,16.299999999999972,19.1972180629137,-0.0538232065737247,53.8518530829317,48.91699999999999,58.299,9.618297,73.554,3.2998500000000046,8.32754421,0.599889,0.199563,0.205876,0.79928,2.854084,2.9123,2.047305,3.15734861204827,Americas
Nigeria,NG,2001.0,86.9198309047829,32.330619302806994,583.085838768235,27.0,47.619,29.597999999999946,66.48619526898,1.06444656848907,138.512113925579,84.501,35.669,9.208932,47.619,3.8271699999999993,3.18946862,0.444648,0.172584,0.11931,0.63671,4.0939,2.835318,0.906462,3.14642468264539,Africa
Nigeria,NG,2002.0,87.1106419255514,33.14716548487404,733.537888694616,25.0,47.928,29.800000000000036,63.7295341048324,-1.62632930278778,142.278540136368,84.501,36.508,9.19933,47.928,3.6171099999999985,2.49063969,0.445149,0.173112,0.121176,0.636868,4.082073,2.83571,0.905242,12.2761390693305,Africa
Nigeria,NG,2003.0,87.4156417170722,33.94536470875002,786.802214827723,29.0,48.441,28.59699999999995,60.2336147764619,-1.63558828830719,146.161820218057,82.88299999999988,37.356,9.185846,48.441,3.59355,5.05360985,0.444385,0.173806,0.123587,0.637096,4.066115,2.836855,0.904002,4.495155882668,Africa
Nigeria,NG,2004.0,87.7420608441619,34.696418748225994,992.74539908679,33.0,48.767,27.59999999999995,56.8972230572213,-1.75441575050354,150.155196152706,84.0,38.212,9.179719,48.767,3.553739999999998,4.63368416,0.444554,0.174543,0.126883,0.63736,4.054426,2.838775,0.903178,6.34504072956803,Africa
Nigeria,NG,2005.0,88.1012518034478,35.411081385148954,1250.40691277354,36.0,49.297,27.0,54.6191447204634,-1.6665004491806,154.254885426617,83.89899999999984,39.074,9.186956,49.297,3.6905999999999994,4.46591949,0.444291,0.175205,0.129972,0.637646,4.055039,2.841582,0.903221,3.6096606137971,Africa
Nigeria,NG,2006.0,88.5155542763465,36.40988747249503,1652.15400173092,40.0,49.73,26.40000000000005,53.1631058103829,-2.03407764434814,158.470046224623,85.81400000000006,39.943,9.225583,49.73,3.7174900000000024,4.25775146,0.445117,0.175916,0.133472,0.638032,4.075633,2.848603,0.90881,3.23834257171522,Africa
Nigeria,NG,2007.0,88.9224918914526,37.392931873837064,1876.41303262801,42.0,50.033,25.900000000000045,51.7869922895432,-2.01405644416809,162.822697278127,87.09800000000014,40.819,9.296022,50.033,3.7676599999999962,3.90997243,0.44616,0.176803,0.137163,0.638601,4.114757,2.861186,0.921352,3.74168735541554,Africa
Nigeria,NG,2008.0,89.3165523952958,38.25144647827004,2227.79034922679,53.0,50.225,25.092999999999957,50.6308298088503,-1.86071193218231,167.311731831308,85.68700000000001,41.702,9.376118,50.225,3.7704699999999973,3.69581532,0.44769,0.177741,0.141515,0.639285,4.157497,2.875947,0.936443,3.89994318321925,Africa
Nigeria,NG,2009.0,89.6743340333749,39.19410362054006,1883.88778309689,63.0,50.712,25.297000000000008,49.8346440192099,-1.99455380439758,171.937764748509,88.09000000000013,42.588,9.448053,50.712,3.7523699999999964,3.5801971,0.44904,0.178594,0.145499,0.639985,4.195954,2.889326,0.949655,5.13016187464837,Africa
Nigeria,NG,2010.0,89.9440583064463,40.08016032060004,2280.11128904338,54.0,50.945,25.092999999999957,49.5384605715282,-2.21112322807312,176.721733258671,85.99199999999999,43.48,9.490241,50.945,3.739560000000001,3.29653287,0.449761,0.179213,0.148502,0.640569,4.218087,2.89763,0.956479,5.08187485498044,Africa
Nigeria,NG,2011.0,90.1298974002043,40.08016032060004,2504.87910104512,48.0,51.357,22.48800000000001,55.0630390979346,-1.95645451545715,181.674566575535,84.08700000000013,44.366,9.502268,51.357,3.7701399999999965,3.32077932,0.450991,0.179668,0.151149,0.641068,4.218821,2.902002,0.958569,2.43700723662286,Africa
Nigeria,NG,2012.0,90.2518464227731,40.08016032060004,2728.02278831129,42.0,51.497,22.09899999999996,59.3321391307662,-2.04207372665405,186.738618970761,83.89899999999984,45.246,9.499579,51.497,3.7593399999999946,3.35984254,0.451958,0.180126,0.153727,0.641606,4.205603,2.90611,0.960449,1.4035087785572,Africa
Nigeria,NG,2013.0,90.2796936155613,40.08016032060004,2976.75683168398,43.0,51.707,21.999000000000002,48.1407324958574,-2.08847832679749,191.844398695609,81.39999999999985,46.118,9.478627,51.707,3.7131100000000057,3.4206934,0.452775,0.180575,0.156338,0.642169,4.17501,2.909709,0.962051,3.83236618064009,Africa
Nigeria,NG,2014.0,90.1523008719058,40.08016032060004,3200.95279935925,43.0,51.791,21.90100000000004,48.1823551711454,-2.1302764415741,196.953145140925,79.89799999999985,46.982,9.444858,51.791,3.9030500000000012,3.34840417,0.455038,0.181008,0.158677,0.642759,4.131388,2.912634,0.963354,3.55216229892477,Africa
Nigeria,NG,2015.0,89.8968348395439,40.08016032060004,2679.5542234874,42.0,51.841,21.38600000000003,77.1229282609024,-1.92170512676239,202.022228444064,81.31300000000009,47.838,9.39323,51.841,4.139349999999999,3.58194995,0.457276,0.181421,0.160807,0.643384,4.071251,2.914794,0.964297,0.0769616167241907,Africa
Nigeria,NG,2016.0,89.5183421521184,40.08016032060004,2144.78034442697,53.0,52.043,21.38600000000003,65.4340626973271,-1.87388896942139,207.151016173128,81.09000000000013,48.683,9.329064,52.043,4.497859999999998,3.64773679,0.459159,0.181795,0.162295,0.644004,4.00117,2.915862,0.964779,-4.05270636180217,Africa
Nigeria,NG,2017.0,88.968554030094,40.08016032060004,1941.87947889475,55.0,52.305,21.099999999999962,63.2053051290842,-1.99671685695648,212.453096830155,81.60000000000015,49.519,9.250231,52.305,4.825680000000003,3.74762511,0.461802,0.182126,0.163373,0.644635,3.917691,2.915837,0.964767,-1.70987309225109,Africa
Paraguay,PY,2001.0,74.4307239380107,18.83824316505801,1630.1908460827,89.0,69.9,11.885999999999992,13.4456009940226,0.584973394870758,13.1173949156808,69.8020000000001,55.966,13.012771,69.9,6.205070000000003,5.60815811,0.508997,0.198481,0.210964,1.067711,2.843599,5.976007,2.207012,-2.50324144139002,Americas
Paraguay,PY,2002.0,73.1568326302588,17.928673129078977,1361.24928059287,87.0,70.025,8.897999999999985,13.2274142700835,-1.21135127544403,13.3060961490058,67.67199999999988,56.6,13.035193,70.025,9.395220000000013,4.75770569,0.512458,0.198472,0.211005,1.067657,2.854846,5.975026,2.215729,-1.4392570908976,Americas
Paraguay,PY,2003.0,71.694767936008,17.30267832775698,1436.76490433294,86.0,70.297,11.700000000000022,12.966481503164,-0.749351561069489,13.4740850742512,66.98499999999999,56.977,13.061052,70.297,6.8149099999999985,4.90703917,0.515857,0.198479,0.210821,1.067666,2.867884,5.97441,2.225935,3.02012063281991,Americas
Paraguay,PY,2004.0,70.0299669252541,16.855979198416005,1776.93225816866,92.0,70.481,12.1,12.7286583189791,-0.566143751144409,13.6328316133904,66.84600000000006,57.305,13.084811,70.481,6.51467,4.93224335,0.518791,0.198502,0.210697,1.067733,2.879062,5.974291,2.235735,2.84572914855484,Americas
Paraguay,PY,2005.0,68.3961607156858,16.535313264531318,1960.51476554933,96.0,70.527,14.5,12.5798003432443,-0.652078151702881,13.7852454064938,68.8330000000001,57.633,13.105002,70.527,4.825109999999993,4.82934713,0.521008,0.19855,0.211286,1.067914,2.887829,5.974931,2.243484,1.00427226796494,Americas
Paraguay,PY,2006.0,66.8319208805386,16.26720709225298,2426.41709770871,98.0,70.781,16.797999999999973,12.4981511047327,-0.776525020599365,13.9307198590486,66.493,57.96,13.12541,70.781,5.277759999999993,5.01927567,0.522281,0.198666,0.211852,1.068397,2.894314,5.97719,2.25271,3.71264697494098,Americas
Paraguay,PY,2007.0,65.3659891571258,16.073607051505004,3194.26298162817,95.0,71.106,17.20000000000003,12.4250915061089,-0.74012291431427,14.0703372766172,68.38399999999994,58.286,13.15668,71.106,4.715810000000008,5.02042723,0.524274,0.198872,0.21382,1.069275,2.902453,5.981728,2.266258,4.37554313351369,Americas
Paraguay,PY,2008.0,63.9824408313416,15.91289252598798,4360.4291089526,89.0,71.384,22.59999999999997,12.3711832339251,-0.727450251579285,14.208779260005,65.77800000000008,58.612,13.192221,71.384,4.413920000000005,5.03776026,0.527694,0.19914,0.216221,1.070391,2.909553,5.987616,2.281606,5.45865492127598,Americas
Paraguay,PY,2009.0,62.6570036872246,15.88678747764001,3920.18607071017,86.0,71.635,23.59799999999996,12.3469879747333,-0.883586049079895,14.3533199093884,65.38999999999996,58.937,13.225456,71.635,5.4581399999999975,5.52496862,0.52973,0.199419,0.218252,1.071469,2.917321,5.993405,2.29586,-1.26552656139802,Americas
Paraguay,PY,2010.0,61.3631894375406,15.867722212681006,4725.72634101583,91.0,71.887,24.900000000000045,12.3630674150856,-0.834862232208252,14.5195393908885,63.55600000000006,59.261,13.25278,71.887,4.567800000000003,5.46593952,0.532229,0.199668,0.221084,1.072284,2.923385,5.997879,2.306251,9.82341463295111,Americas
Paraguay,PY,2011.0,60.1101549638091,15.847191676714006,5776.2818479967,92.0,72.131,24.288000000000007,13.0739532959182,-0.692596554756165,14.70913415555,62.498999999999995,59.584,13.273444,72.131,4.669330000000004,5.82225847,0.532834,0.199914,0.223115,1.072857,2.929236,6.000894,2.314594,2.94216224153907,Americas
Paraguay,PY,2012.0,58.9361917927604,15.002072109399991,5617.10491786787,91.0,72.454,22.856000000000027,12.3612452179307,-0.871902167797089,14.9089403473446,63.40399999999991,59.907,13.296857,72.454,4.086210000000005,6.53144598,0.533757,0.200228,0.225718,1.073443,2.935353,6.003971,2.324387,-2.0387310967984,Americas
Paraguay,PY,2013.0,57.9173891161636,15.002072109399991,6410.81470278733,91.0,72.757,23.20400000000001,11.7070023253943,-0.735861599445343,15.1161641077272,62.498999999999995,60.197,13.31897,72.757,4.384759999999995,6.0642848,0.533491,0.200591,0.227796,1.07398,2.941107,6.006738,2.335267,6.80851344989249,Americas
Paraguay,PY,2014.0,57.100677490628,15.002072109399991,6629.41699277341,93.0,72.878,21.76899999999999,11.4592064094704,-0.0886275097727776,15.3302819028442,62.498999999999995,60.474,13.341016,72.878,5.034079999999998,6.62719059,0.53252,0.201005,0.230337,1.074511,2.946082,6.009525,2.347036,3.83049792540911,Americas
Paraguay,PY,2015.0,56.4483555443006,15.002072109399991,5861.40189546648,92.0,73.191,21.999000000000002,10.4338184152061,0.0352126285433769,15.5498363956708,60.452000000000005,60.75,13.362643,73.191,4.556459999999999,6.69165802,0.531954,0.201451,0.232781,1.074953,2.950421,6.011838,2.359245,1.50345764723987,Americas
Paraguay,PY,2016.0,55.9345487536289,15.002072109399991,5759.04219789251,92.0,73.534,22.59999999999997,10.4105012225018,0.13447080552578,15.7730052856783,62.498999999999995,61.026,13.383763,73.534,5.254889999999997,6.67556572,0.530195,0.201928,0.235552,1.075336,2.955169,6.013757,2.371826,2.79275975879854,Americas
Paraguay,PY,2017.0,55.5393078340096,15.002072109399991,6136.0583014952,91.0,73.644,22.20700000000001,10.2879780314547,-0.0028560443315655,15.9964862824062,60.110000000000035,61.3,13.4024,73.644,6.138009999999997,6.60902548,0.527618,0.202426,0.238288,1.075629,2.95884,6.015214,2.384385,3.34581598704227,Americas
Portugal,PT,2001.0,48.6314650798448,9.263165622361996,11734.7649743954,97.0,76.8146341463415,21.488000000000007,13.849569678602,-0.973281741142273,113.253792349727,20.765999999999995,55.044,13.669098,76.8146341463415,3.8282500000000024,8.63,0.714561,0.248486,0.469683,0.926252,4.680431,5.35148,1.278205,1.2272634226527,Europe
Portugal,PT,2002.0,48.95699250614,9.753573292014991,12936.6928204482,98.0,77.0658536585366,21.202000000000027,13.6900462729622,1.4370481967926,113.87574863388,18.263999999999985,55.666,13.712013,77.0658536585366,4.497030000000006,8.79,0.713759,0.248622,0.47356,0.924605,4.71645,5.350923,1.284094,0.220542488198603,Europe
Portugal,PT,2003.0,49.2910374313109,10.282459576512014,15797.7821340276,99.0,77.219512195122,19.38800000000003,13.4896924274961,1.2896888256073,114.304054644809,22.09799999999996,56.287,13.759567,77.219512195122,6.133859999999993,9.12,0.712051,0.248759,0.47712,0.922649,4.759833,5.35053,1.288625,-1.30174208592079,Europe
Portugal,PT,2004.0,49.6619784620388,10.836221246265989,18064.1580932987,95.0,77.6707317073171,19.099999999999966,13.2564973921723,0.969877243041992,114.577715846995,19.904000000000032,56.907,13.798467,77.6707317073171,6.316400000000001,9.53,0.70967,0.248862,0.480292,0.921038,4.796305,5.350485,1.291815,1.54562010216144,Europe
Portugal,PT,2005.0,49.9714716189728,11.440725190922995,18780.12751241,93.0,78.0707317073171,17.70000000000003,12.9984504169596,1.01664757728577,114.828140373893,18.085999999999974,57.522,13.813821,78.0707317073171,7.58024,9.65,0.706347,0.248916,0.484077,0.920503,4.808875,5.351409,1.293694,0.595038718090478,Europe
Portugal,PT,2006.0,50.132428815677,10.045389930004987,19839.4540499032,97.0,78.419512195122,16.099999999999977,12.5977447886636,0.952390611171722,115.035399584563,22.230999999999977,58.137,13.81189,78.419512195122,7.644989999999999,9.35,0.699766,0.248918,0.487375,0.920982,4.80553,5.354362,1.294957,1.44193641296673,Europe
Portugal,PT,2007.0,50.2179257345572,10.678409541114004,22811.0564844365,97.0,78.3219512195122,13.099999999999993,12.0295102444563,0.821809351444244,115.261440909588,23.134999999999973,58.749,13.811116,78.3219512195122,7.965730000000005,9.25,0.690426,0.248874,0.491157,0.921734,4.803936,5.358942,1.296047,2.30555211277161,Europe
Portugal,PT,2008.0,50.3748412495288,11.139424355340987,24949.0413566739,97.0,78.5243902439025,12.1,11.4411407098565,0.987546324729919,115.427757734776,23.201000000000008,59.359,13.803131,78.5243902439025,7.551100000000002,9.58,0.680296,0.248821,0.495106,0.9226,4.795229,5.364204,1.296875,0.174700554936223,Europe
Portugal,PT,2009.0,50.6727076912285,11.24964658531901,23151.2154130712,96.0,78.7268292682927,12.001999999999999,10.9800301103829,0.787381768226624,115.386472322306,24.88800000000003,59.964,13.795578,78.7268292682927,9.431790000000008,10.13,0.672078,0.248755,0.49907,0.923296,4.786921,5.368501,1.296957,-3.21438996722308,Europe
Portugal,PT,2010.0,50.9809888255408,11.730353907169997,22520.6423124045,98.0,79.0268292682927,11.183000000000014,10.7935723715541,0.717686951160431,115.439458456163,27.800000000000026,60.567,13.785571,79.0268292682927,10.768639999999984,10.03,0.669327,0.248722,0.501449,0.923709,4.774924,5.371129,1.296311,1.69092841483231,Europe
Portugal,PT,2011.0,51.3270912726153,12.200789860964003,23217.2954965207,97.0,80.4707317073171,10.80199999999998,11.5157580200238,0.741739273071289,115.269789278305,27.19599999999998,61.167,13.768251,80.4707317073171,12.69050000000001,9.73,0.671262,0.248717,0.503632,0.923906,4.7539,5.372365,1.294469,-1.55146831672478,Europe
Portugal,PT,2012.0,51.7652662390522,12.17642935951602,20563.7136012629,98.0,80.3731707317073,7.999,10.1151524382993,0.775272607803345,114.803406485424,25.498,61.763,13.736102,80.3731707317073,15.551549999999972,9.65,0.673695,0.248741,0.505364,0.924146,4.718802,5.373829,1.291525,-3.66753141566937,Europe
Portugal,PT,2013.0,52.3219742538408,12.493435976677016,21653.1959752225,98.0,80.7219512195122,7.898999999999986,9.76832048738232,0.74876344203949,114.156128691384,30.201999999999966,62.352,13.695456,80.7219512195122,16.184000000000022,9.4,0.67753,0.248794,0.506904,0.924423,4.675021,5.375392,1.287392,-0.377398248791067,Europe
Portugal,PT,2014.0,52.8961605810402,12.857789434152012,22103.7009703321,98.0,81.1219512195122,8.5,9.50576236832378,0.8062744140625,113.541770372117,30.5,62.936,13.648358,81.1219512195122,13.900089999999995,9.34,0.683347,0.248883,0.508989,0.924747,4.622827,5.377254,1.282311,1.33711996744654,Europe
Portugal,PT,2015.0,53.3458401507924,13.247038008568017,19250.1065376852,98.0,81.1243902439025,8.300999999999986,9.64253451834766,0.904212951660156,113.072519583956,27.19599999999998,63.514,13.591774,81.1243902439025,12.45751999999999,9.32,0.690379,0.249004,0.510327,0.925073,4.561403,5.37913,1.276458,2.2144828853083,Europe
Portugal,PT,2016.0,53.8740511453466,13.931061318207009,19991.9724878805,98.0,81.1243902439025,7.396999999999987,8.83773210008347,0.958625793457031,112.716384151187,28.999000000000002,64.086,13.531687,81.1243902439025,11.067499999999994,9.39,0.699273,0.24916,0.512185,0.925408,4.494714,5.380981,1.269966,2.34182321593775,Europe
Portugal,PT,2017.0,54.4854905603865,14.843745248798013,21490.429863104,98.0,81.4243902439025,7.999,9.2551980440464,1.10616815090179,112.441815784188,24.418000000000035,64.652,13.465306,81.4243902439025,8.877140000000011,9.31,0.709413,0.249372,0.513079,0.925815,4.421461,5.383261,1.262905,3.75909438887767,Europe
Puerto Rico,PR,2001.0,54.1105852271076,19.016110039474974,18123.1987019918,94.0,76.456,14.556000000000006,7.3926074634179,-0.16634014248848,430.52694475761,0.5,94.333,12.2891,76.456,11.401199999999996,4.97810316,1.307047,0.21119,0.395423,0.940449,2.772486,4.709758,1.952747,6.08604915442912,Americas
Puerto Rico,PR,2002.0,53.9191466802349,19.726023523590012,18731.4593897378,98.0,76.728,14.556000000000006,7.14598117536716,0.30235281586647,431.082412626832,0.5,94.278,12.255234,76.728,11.944130000000019,4.97810316,1.302836,0.211606,0.400447,0.940806,2.769536,4.711284,1.918719,0.78642426955598,Americas
Puerto Rico,PR,2003.0,53.6613341697614,20.402224457094007,19557.1202492358,91.0,76.874,14.556000000000006,6.86523421786013,0.313361704349518,431.352311161218,0.5,94.224,12.218481,76.874,11.782989999999984,4.97810316,1.294977,0.212069,0.405448,0.941189,2.768037,4.712828,1.883933,-0.0091839432607798,Americas
Puerto Rico,PR,2004.0,53.3271284683506,21.068652496521032,20988.9923326534,90.0,77.143,14.556000000000006,6.62436148261394,0.557232975959778,431.440586245772,0.5,94.168,12.179325,77.143,10.30949999999999,4.97810316,1.284069,0.212467,0.408882,0.941534,2.765808,4.714137,1.852428,8.72642635726453,Americas
Puerto Rico,PR,2005.0,52.9239286331709,21.69801665652501,21959.322696986,75.0,77.237,14.556000000000006,6.49735786134575,0.445573747158051,430.818714768884,0.6160000000000009,94.112,12.143443,77.237,11.345730000000009,4.97810316,1.271908,0.212679,0.411,0.941738,2.763139,4.714803,1.828176,-1.84546036881626,Americas
Puerto Rico,PR,2006.0,52.539020534085,21.88906297587601,22935.9411586313,93.0,77.415,14.556000000000006,6.46518797724728,0.377330452203751,428.998196166855,0.5,94.056,12.095433,77.415,11.006889999999997,4.97810316,1.250206,0.212709,0.411977,0.941808,2.757174,4.711843,1.809716,-0.991029990749254,Americas
Puerto Rico,PR,2007.0,52.2472904936876,22.07178943180696,23664.8823485096,67.0,77.621,14.556000000000006,6.45018584518164,0.409872740507126,426.493235625705,0.5,93.999,12.026768,77.621,10.916629999999987,4.97810316,1.21474,0.212668,0.412885,0.94184,2.747134,4.704561,1.79294,-0.582297438193407,Americas
Puerto Rico,PR,2008.0,52.0691399437716,22.290193588156008,24898.3345857045,87.0,77.841,14.556000000000006,6.43840044437308,0.264064759016037,423.998421645998,0.5,93.942,11.950831,77.841,11.49026000000001,4.97810316,1.17177,0.21259,0.413065,0.94183,2.738188,4.695654,1.777734,-1.2665834534511,Americas
Puerto Rico,PR,2009.0,52.0591794828849,22.419236376895995,25768.7258883384,96.0,77.877,14.556000000000006,6.41588075404583,0.153662070631981,421.69222096956,0.5,93.884,11.877624,77.877,15.024259999999991,4.97810316,1.129682,0.212515,0.413018,0.941822,2.728431,4.688132,1.764024,-1.41621087876716,Americas
Puerto Rico,PR,2010.0,52.1248695000985,22.600241729467015,26435.74878578,98.0,78.01,14.556000000000006,6.36867575342414,0.356976479291916,419.56313416009,0.39999999999999925,93.825,11.82369,78.01,16.098849999999974,4.97810316,1.093685,0.212477,0.413657,0.941821,2.725618,4.684722,1.75171,0.09210207177928,Americas
Puerto Rico,PR,2011.0,52.235025959225,22.889307647195025,27278.8830499205,88.0,78.316,14.556000000000006,5.65656068601891,0.600148975849152,414.738669673055,0.6980000000000013,93.773,11.781517,78.316,15.69781000000001,4.97810316,1.063787,0.212459,0.413561,0.94181,2.725602,4.684156,1.740142,0.800573059973047,Americas
Puerto Rico,PR,2012.0,52.4344072907025,23.18947833278402,27944.7338937424,92.0,78.461,14.556000000000006,6.35560089371101,0.584973394870758,409.750620067644,0.5,93.726,11.742033,78.461,14.489499999999998,4.97810316,1.036089,0.212442,0.413822,0.94186,2.724971,4.683885,1.728964,1.24696939039622,Americas
Puerto Rico,PR,2013.0,52.6173765155222,23.525858593386012,28513.1657351067,95.0,78.777,14.556000000000006,6.11288011121033,0.249155893921852,405.081961668546,1.4000000000000026,93.686,11.701021,78.777,14.298539999999985,4.97810316,1.006709,0.212419,0.413728,0.941913,2.724364,4.683593,1.718295,0.842159017658361,Americas
Puerto Rico,PR,2014.0,52.7922867185703,23.914736972414993,28981.4573305866,92.0,78.929,14.556000000000006,6.32383453359716,0.819992661476135,398.520180383315,1.5959999999999972,93.651,11.662701,78.929,13.901110000000006,4.97810316,0.978507,0.212389,0.413598,0.941959,2.724716,4.683233,1.708299,0.436573539062167,Americas
Puerto Rico,PR,2015.0,53.0241509114749,24.308979351129043,29763.4883013861,53.0,79.695,14.556000000000006,6.74532317404656,0.847117483615875,391.570687711387,1.8970000000000034,93.624,11.628875,79.695,11.99951,4.97810316,0.953737,0.212372,0.413388,0.942083,2.724765,4.683272,1.699258,0.706860914000828,Americas
Puerto Rico,PR,2016.0,53.341864649159,24.308979351129043,30627.1634017011,80.0,80.27,14.556000000000006,6.94033673792726,0.67782860994339,384.066741826381,1.8970000000000034,93.602,11.595903,80.27,11.800609999999985,4.97810316,0.929357,0.212354,0.413068,0.942212,2.724418,4.683273,1.691221,0.665428416050347,Americas
Puerto Rico,PR,2017.0,53.7452117687039,24.308979351129043,31108.7527508912,84.0,79.258,14.556000000000006,7.12296710513583,0.481969594955444,374.891319052988,2.2840000000000025,93.587,11.567643,79.258,10.801899999999984,4.97810316,0.906125,0.212347,0.412628,0.942408,2.726108,4.683654,1.684373,-0.508345051404973,Americas
Qatar,QA,2001.0,32.1101828011607,28.04090778409401,25836.2707926738,93.0,75.263,27.800000000000026,90.0738424478758,-0.272885650396347,58.4695090439277,0.09999999999999983,96.506,12.307325,75.263,0.8700300000000004,2.3197093,2.011146,0.211285,0.306831,0.826718,3.716088,4.520539,0.714718,-1.13639035619863,Asia
Qatar,QA,2002.0,31.3739829460991,31.531330314655992,27151.032498866,96.0,75.412,31.701999999999952,92.3707032121313,0.831208944320679,61.4285960378984,0.09999999999999983,96.692,12.171364,75.412,0.8700300000000004,2.46044064,1.884796,0.211902,0.311036,0.827151,3.705942,4.518565,0.711972,2.01906263896392,Asia
Qatar,QA,2003.0,30.732795282948,34.48573234941704,31440.2207124561,92.0,75.565,32.59899999999995,94.7440660994636,1.18648135662079,64.4724375538329,0.0,96.868,12.005048,75.565,0.8700300000000004,3.50257182,1.738364,0.212586,0.316182,0.827383,3.690285,4.510815,0.709433,-1.17681781010212,Asia
Qatar,QA,2004.0,30.689175522711,36.99390589612105,40792.2764702117,96.0,75.961,29.5,96.6020961417903,1.12390494346619,67.0062876830319,0.0,97.09,11.856142,75.961,0.8700300000000004,3.18311739,1.617769,0.213212,0.319571,0.827348,3.672239,4.49813,0.707873,14.7106389603298,Asia
Qatar,QA,2005.0,28.7346610645107,39.174261725867034,52468.4456475056,97.0,76.064,31.800000000000047,97.3529583710287,1.0276792049408,73.1016365202412,0.0,97.396,11.778348,76.064,0.8700300000000004,2.56300044,1.576526,0.213659,0.320742,0.826796,3.653271,4.478903,0.708451,-1.47018532552036,Asia
Qatar,QA,2006.0,23.6320586383251,44.272449717851984,59978.86120736,96.0,76.57,35.596999999999944,95.8058004809302,0.926921546459198,87.4298018949182,0.09999999999999983,97.671,11.763163,76.57,0.8700300000000004,2.288064,1.608198,0.214003,0.321023,0.825935,3.626432,4.455796,0.711776,5.49322129021243,Asia
Qatar,QA,2007.0,19.9581083923438,48.57894268662104,64706.9899026035,94.0,77.016,23.799999999999997,92.1164239737723,0.952527701854706,106.106201550388,0.09999999999999983,97.917,11.768004,77.016,0.5133800000000004,2.07008052,1.672419,0.214384,0.319637,0.824804,3.591513,4.427889,0.717358,-2.78171821117928,Asia
Qatar,QA,2008.0,18.3695832124458,52.50057908627607,79811.5977371757,97.0,77.427,22.79799999999999,87.7129745942613,1.11487662792206,124.39939707149,0.09999999999999983,98.139,11.779844,77.427,0.30649999999999955,1.63775349,1.753505,0.214775,0.318032,0.823391,3.551997,4.394091,0.724053,0.360880522367538,Asia
Qatar,QA,2009.0,17.4053316282078,55.38027812125595,60733.9817002272,99.0,77.878,18.09599999999997,84.0235980871034,1.22328507900238,138.697157622739,0.09999999999999983,98.336,11.795357,77.878,0.30649999999999955,2.38356304,1.832219,0.215105,0.315596,0.822013,3.5173,4.362986,0.730138,0.415386597297541,Asia
Qatar,QA,2010.0,17.1992087789424,56.922925927002936,73021.3097525035,97.0,78.425,15.900000000000023,82.4764401970049,1.15385591983795,147.588630490956,0.09999999999999983,98.501,11.812814,78.425,0.4632000000000005,1.87017763,1.887668,0.21529,0.313912,0.821045,3.498145,4.3431,0.733654,12.387494904147,Asia
Qatar,QA,2011.0,17.7311610370068,58.24930522147194,92992.9971307452,93.0,78.891,13.299999999999976,87.9624107804434,1.17473101615906,155.398018949182,0.09999999999999983,98.602,11.831881,78.891,0.5605200000000002,1.599962,1.919078,0.215355,0.313587,0.820671,3.49216,4.336499,0.734531,7.67760832016431,Asia
Qatar,QA,2012.0,18.3508055000062,58.982871220007084,98041.3622380894,92.0,79.227,12.700000000000022,95.6228667032868,1.22359883785248,164.139534883721,0.0,98.697,11.85283,79.227,0.47838999999999976,1.74822152,1.941896,0.215382,0.314643,0.820656,3.48764,4.3381,0.734513,-0.847554024383243,Asia
Qatar,QA,2013.0,18.6557946028691,61.13569779208705,97630.8255152088,97.0,79.536,14.200000000000024,88.6466197970471,1.21254646778107,175.323083548665,0.0,98.785,11.871808,79.536,0.2871999999999999,2.07620168,1.963383,0.215392,0.315988,0.820531,3.484366,4.337588,0.73456,-1.17719204664343,Asia
Qatar,QA,2014.0,18.2047223919954,54.68369223322605,93126.1494633822,89.0,79.768,13.40000000000001,75.1764824465315,0.977457761764526,192.729765013055,0.0,98.868,11.886338,79.768,0.1876999999999998,2.42293572,1.985606,0.215387,0.316684,0.820266,3.478949,4.334799,0.734647,-3.17836570227246,Asia
Qatar,QA,2015.0,17.4856839238091,57.63796068964289,66984.9102002396,99.0,80.064,11.09500000000001,97.7000280042596,0.983597457408905,210.145604873803,0.0,98.945,11.90067,80.064,0.1656,3.63581347,2.001989,0.215344,0.316654,0.820022,3.478406,4.334049,0.734206,-3.92809919619101,Asia
Qatar,QA,2016.0,17.2825373698225,52.30171502144201,58467.2355711087,98.0,80.433,8.998,83.6854921169063,0.884123742580414,225.863011314186,0.09999999999999983,99.015,11.916977,80.433,0.15120000000000014,3.54971433,2.016525,0.21526,0.317081,0.819934,3.48023,4.334822,0.733125,-4.1078624678908,Asia
Qatar,QA,2017.0,17.4688724962519,67.88052524598906,59407.6980498883,97.0,80.717,8.700000000000015,83.268990615565,0.647981882095337,236.01000870322,0.09999999999999983,99.078,11.928309,80.717,0.14700000000000016,3.21237087,2.024984,0.21514,0.318165,0.8199,3.482327,4.336059,0.731734,-5.73260962173684,Asia
Rwanda,RW,2001.0,91.1320052227016,24.108098173542995,239.13112852343,77.0,49.021,36.443000000000026,31.2222805217086,0.647981882095337,333.357965139846,86.89199999999991,15.829,11.529196,49.021,11.823679999999984,3.31599975,0.551091,0.155802,0.091919,0.616788,4.188414,3.66121,2.263972,6.98138160554976,Africa
Rwanda,RW,2002.0,88.8741350445988,24.205691253378976,234.822310918022,88.0,51.032,37.21899999999995,30.8879447825411,-1.6515132188797,339.371949736522,87.09800000000014,16.777,11.517501,51.032,11.554660000000004,3.13122177,0.550033,0.156151,0.093007,0.61722,4.166047,3.660866,2.274177,11.1862038595628,Africa
Rwanda,RW,2003.0,87.03394009539,24.286250812820025,249.56108099887,96.0,53.368,36.89900000000006,30.4979302158135,-1.11252212524414,347.304094041346,87.29600000000006,16.904,11.510774,53.368,11.754999999999988,6.93491793,0.549025,0.156609,0.093804,0.617767,4.143508,3.660065,2.289996,-0.131812109558581,Africa
Rwanda,RW,2004.0,85.5413161329099,24.324887112250003,270.306565251175,89.0,55.491,36.73999999999998,30.1750166971027,-1.18624520301819,356.378313741386,87.58800000000014,16.908,11.498903,55.491,11.782989999999984,7.50929976,0.548498,0.157091,0.095078,0.61835,4.114294,3.659465,2.306127,4.71181205566151,Africa
Rwanda,RW,2005.0,84.6035776648932,24.393378008509977,325.030205639805,95.0,57.316,36.98000000000001,30.0419841019859,-1.00021243095398,365.881597081475,89.19899999999996,16.912,11.482217,57.316,11.895369999999998,7.72549963,0.548101,0.1575,0.096222,0.618837,4.085294,3.659647,2.316616,6.53694566834675,Africa
Rwanda,RW,2006.0,84.0974513907797,26.557965430331013,358.118696439836,99.0,58.714,35.47200000000002,30.0919739416177,-0.684061944484711,375.762707742197,90.58200000000014,16.917,11.448758,58.714,11.670709999999993,7.60959911,0.553518,0.157943,0.097308,0.619319,4.037709,3.66025,2.322711,6.35481700874139,Africa
Rwanda,RW,2007.0,83.8461487971157,28.341328928159975,427.432188821022,97.0,59.965,34.708999999999946,30.2183078634908,-0.360214412212372,386.022213214431,90.30400000000004,16.921,11.405729,59.965,11.667909999999985,7.86212587,0.565763,0.158538,0.098759,0.619946,3.972632,3.661571,2.32852,4.77266069933427,Africa
Rwanda,RW,2008.0,83.6424486445804,29.857129676181962,529.529272024533,97.0,61.134,33.59999999999994,30.3940359476901,-0.327669590711594,396.513822456425,90.58200000000014,16.925,11.363926,61.134,11.59591000000001,7.5670433,0.57936,0.159198,0.100459,0.620641,3.906977,3.663462,2.333829,8.21997789894695,Africa
Rwanda,RW,2009.0,83.298956278299,31.155368856360973,564.976632424991,97.0,61.958,34.086999999999954,30.5922082743006,-0.506896436214447,407.123510336441,90.49600000000001,16.93,11.33553,61.958,11.695739999999986,7.80694866,0.591113,0.159827,0.10173,0.621302,3.857369,3.665557,2.338632,3.47942261367089,Africa
Rwanda,RW,2010.0,82.7720203809072,32.33316300538902,594.115673355408,97.0,62.54,34.0,30.785874923407,-0.272093862295151,417.87721929469,90.49600000000001,16.934,11.328859,62.54,11.700560000000005,8.08696938,0.596599,0.160326,0.103552,0.621824,3.836344,3.667729,2.342485,4.57249024307988,Africa
Rwanda,RW,2011.0,82.1625136898313,33.32389057120204,650.936675868246,97.0,63.261,34.0,31.1412402470636,-0.17711777985096,428.736603161735,89.68799999999997,16.938,11.33843,63.261,11.800929999999994,7.93879843,0.597789,0.160746,0.104721,0.622261,3.837336,3.670075,2.345502,5.22392901744348,Africa
Rwanda,RW,2012.0,81.463353064912,34.18526930750997,706.137130523623,98.0,64.009,34.16299999999995,31.5360758844851,-0.230615198612213,439.413619781111,88.831,16.943,11.349072,64.009,11.715030000000008,8.10667801,0.597997,0.161204,0.106537,0.622768,3.839435,3.673649,2.347482,6.00169965410731,Africa
Rwanda,RW,2013.0,80.6870513280835,34.97619562501696,704.415555508211,98.0,64.426,32.400000000000055,30.6283384511231,-0.110951617360115,449.993919740576,88.499,16.947,11.359451,64.426,11.80196,6.77649164,0.596626,0.161689,0.108072,0.623329,3.842979,3.678245,2.348511,2.257665757795,Africa
Rwanda,RW,2014.0,79.9015169965232,35.74205907889902,724.721973748255,98.0,64.94,29.900000000000055,31.8689793191915,-0.313469648361206,460.820875557357,87.95899999999995,16.967,11.367274,64.94,11.856489999999985,6.98844194,0.592906,0.162187,0.110042,0.623905,3.846173,3.683434,2.348627,3.67276990524657,Africa
Rwanda,RW,2015.0,79.0533744825843,36.321215514262,733.813379277367,98.0,65.298,30.199999999999964,31.2574810856465,0.0025183784309774,471.948074584516,86.29800000000003,17.004,11.378907,65.298,11.849669999999998,6.65446424,0.5883,0.162693,0.11216,0.624513,3.854341,3.689279,2.347621,6.29032810378693,Africa
Rwanda,RW,2016.0,78.0441274413375,36.90705645311006,728.802757896536,98.0,65.737,30.300000000000036,31.6862299869281,-0.0665186643600464,483.619740575598,85.46599999999994,17.056,11.385072,65.737,11.803989999999997,6.96060848,0.58074,0.163197,0.114004,0.625119,3.860959,3.695472,2.345581,3.4132461314237,Africa
Rwanda,RW,2017.0,76.9619186481005,37.43259595289902,756.547641107379,98.0,65.941,30.400000000000055,30.3553527446531,0.078270360827446,495.757559789218,84.501,17.125,11.390088,65.941,11.869839999999995,6.38999748,0.570294,0.163688,0.115817,0.62571,3.86945,3.702435,2.342694,1.37389802841599,Africa
Samoa,WS,2001.0,83.7112585404495,18.70733382320201,1435.3451812614,90.0,71.019,13.700000000000024,13.2211101638012,-0.451781332492828,65.5583038869258,52.417999999999985,22.068,9.06529,71.019,4.959019999999999,3.81804991,0.834,0.231151,0.113136,0.45944,3.120325,3.238275,1.068963,6.50915144931166,Oceania
Samoa,WS,2002.0,83.9073324070516,18.70733382320201,1509.8865895728,92.0,71.276,13.599999999999989,13.2517072431501,1.09719908237457,65.9469964664311,49.58800000000002,21.941,9.0636,71.276,4.977930000000004,4.49205494,0.837195,0.231639,0.11476,0.459586,3.111808,3.239651,1.068961,5.02924497761647,Oceania
Samoa,WS,2003.0,83.5955100201775,18.70733382320201,1778.84223441507,90.0,71.496,13.5,13.2568830553227,1.27192747592926,66.2332155477032,52.417999999999985,21.698,9.061329,71.496,5.039250000000006,4.17237139,0.839279,0.232159,0.116089,0.459712,3.104136,3.240955,1.068999,4.75796487688389,Oceania
Samoa,WS,2004.0,83.1846339657927,18.70733382320201,2168.02818637954,63.0,71.696,15.099999999999982,13.2387733990715,1.15839719772339,66.456890459364,48.76400000000002,21.457,9.060628,71.696,5.164510000000004,4.52578545,0.842421,0.232636,0.117845,0.459823,3.096325,3.242277,1.069301,2.74029796411301,Oceania
Samoa,WS,2005.0,82.5781847395778,18.70733382320201,2527.76283841797,59.0,71.754,12.799999999999976,13.1995140731491,1.13270270824432,66.652296819788,48.91699999999999,21.218,9.059024,71.754,5.214990000000001,4.63365459,0.843854,0.232993,0.118785,0.459921,3.089747,3.243653,1.070071,6.32656654495737,Oceania
Samoa,WS,2006.0,81.5313976783643,18.70733382320201,2639.80566895345,50.0,72.021,12.700000000000022,13.1242357637716,1.09850907325745,66.9183745583039,45.997,20.981,9.064526,72.021,5.321169999999995,4.88451385,0.846216,0.233331,0.119871,0.46001,3.085208,3.245621,1.074269,1.72603411776015,Oceania
Samoa,WS,2007.0,80.4144802894542,18.70733382320201,3011.10080866752,65.0,72.1,12.600999999999997,13.0054412390128,1.00498068332672,67.3067137809187,43.19999999999992,20.75,9.076857,72.1,5.420249999999993,4.7446332,0.85035,0.233763,0.121495,0.460114,3.079824,3.248421,1.08289,-0.0937909399525552,Oceania
Samoa,WS,2008.0,79.5330724729935,18.70733382320201,3344.05455878019,39.0,72.155,13.099999999999993,12.8563244204113,1.09782683849335,67.76925795053,44.995,20.524,9.09017,72.155,5.535160000000006,4.53258085,0.85479,0.234201,0.122465,0.460212,3.074132,3.251332,1.093038,2.84930525053653,Oceania
Samoa,WS,2009.0,78.6813674707711,18.70733382320201,3250.95309678248,64.0,70.066,29.800000000000036,12.6900792295059,0.957884192466736,68.2600706713781,43.19999999999992,20.3,9.103514,70.066,5.646149999999999,5.12732029,0.858759,0.234565,0.123154,0.460304,3.071052,3.253852,1.101828,-1.25681617914778,Oceania
Samoa,WS,2010.0,77.9321439017257,18.70733382320201,3494.39522455198,78.0,72.249,12.896000000000004,12.5198995878353,0.765691876411438,68.7886925795053,41.946000000000005,20.078,9.108407,72.249,5.617440000000003,5.15268326,0.861347,0.234772,0.123989,0.460375,3.06629,3.255222,1.106412,5.30918106235407,Oceania
Samoa,WS,2011.0,77.3497479993497,18.70733382320201,3789.62699537622,82.0,72.26,12.799999999999976,12.2498654594603,0.988590955734253,69.3819787985866,40.62699999999994,19.857,9.108978,72.26,5.680529999999997,5.38357162,0.862063,0.23487,0.12444,0.460431,3.063641,3.25564,1.107893,2.96106310648423,Oceania
Samoa,WS,2012.0,76.8276465285649,18.70733382320201,3902.31199231566,82.0,72.167,12.700000000000022,12.4658242930882,0.999240159988403,70.008480565371,40.21199999999994,19.624,9.107587,72.167,8.751799999999989,4.9883461,0.861902,0.234949,0.125001,0.460465,3.06026,3.25586,1.10915,-4.59362570232909,Oceania
Samoa,WS,2013.0,76.3457077589324,18.70733382320201,3989.89859047662,84.0,72.391,18.373000000000005,12.5589378577712,0.989007890224457,70.6498233215548,42.560999999999964,19.385,9.103481,72.391,8.767390000000004,6.2147789,0.859868,0.235005,0.12508,0.460481,3.056951,3.255986,1.11011,-0.80145757900614,Oceania
Samoa,WS,2014.0,75.98478769059,18.70733382320201,3948.72802229336,78.0,72.463,11.399999999999995,12.5788519302582,1.1219048500061,71.2922261484099,41.432000000000045,19.149,9.097448,72.463,8.720400000000017,6.25431204,0.857779,0.23503,0.125588,0.460475,3.05188,3.256029,1.110667,-0.247106675819552,Oceania
Samoa,WS,2015.0,75.7482884547315,18.70733382320201,4048.46711296568,80.0,72.515,11.399999999999995,12.4224418408037,1.16604828834534,71.9332155477032,37.09299999999994,18.914,9.089257,72.515,8.897009999999993,6.21226454,0.853908,0.235022,0.125778,0.460459,3.047204,3.256122,1.110764,2.92496204784439,Oceania
Samoa,WS,2016.0,75.6065887499146,18.70733382320201,4105.8109051951,74.0,72.54,11.312999999999983,12.5098893074638,1.17588353157043,72.6303886925795,36.79900000000006,18.681,9.080672,72.54,9.059800000000005,5.63365221,0.849997,0.234975,0.125866,0.460425,3.042929,3.25613,1.11035,6.94733463410893,Oceania
Samoa,WS,2017.0,75.5514783593889,18.70733382320201,4261.64034322214,67.0,72.59,13.0,12.0891380416294,1.16163265705109,74.6870503597122,35.80000000000006,18.452,9.070529,72.59,9.40001999999999,5.16120243,0.844905,0.234876,0.126132,0.460366,3.038938,3.255973,1.109339,0.387482105507914,Oceania
Senegal,SN,2001.0,89.4418571580253,5.201015326605005,654.840727365959,52.0,57.564,24.598999999999954,67.9795373068239,0.345240026712418,51.6180699111827,45.79700000000008,40.464,8.470439,57.564,2.679850000000003,3.68148756,0.465335,0.170495,0.115615,0.644539,3.27778,2.89486,0.901815,1.85748537835701,Africa
Senegal,SN,2002.0,88.7616463226062,4.376159285551993,688.187479533694,60.0,58.231,24.699999999999996,64.7531897425132,-0.273943573236465,52.879810938555,43.80000000000008,40.607,8.470693,58.231,2.8078099999999955,3.95294404,0.46536,0.17072,0.116089,0.644825,3.277186,2.894898,0.901615,-2.31899690946396,Africa
Senegal,SN,2003.0,88.1908293414902,4.860180575877007,840.358254037001,73.0,59.122,25.206999999999994,60.9096861151279,-0.250177979469299,54.1967693346491,43.729999999999976,40.898,8.472108,59.122,2.772390000000001,4.29703569,0.464369,0.170996,0.117169,0.645174,3.278087,2.894941,0.901372,3.02806294089615,Africa
Senegal,SN,2004.0,87.7268131629805,5.3567545916890085,941.873792468596,87.0,60.027,24.900000000000045,57.6841589229918,0.0295107942074537,55.5689554874565,39.91600000000005,41.306,8.473526,60.027,2.769630000000001,4.56856203,0.464596,0.171244,0.117801,0.645489,3.278213,2.894894,0.901289,2.05929577338581,Africa
Senegal,SN,2005.0,87.3115586037765,5.835221106285998,1003.18719302616,84.0,60.915,24.800000000000004,56.3117406644287,-0.204009935259819,56.9992053186516,40.28500000000006,41.714,8.474737,60.915,2.6844700000000024,3.67466521,0.464236,0.171396,0.11854,0.645705,3.278445,2.894843,0.901572,1.69283885897526,Africa
Senegal,SN,2006.0,87.0248138492227,6.310374145458992,1038.57909197327,89.0,61.75,25.297000000000008,56.3287590057483,-0.264316946268082,58.501984106373,43.318000000000005,42.124,8.475631,61.75,2.755009999999999,3.76337624,0.464177,0.171478,0.118783,0.645813,3.277609,2.894163,0.903608,-0.297866563165542,Africa
Senegal,SN,2007.0,86.8468003822291,6.7560809173670044,1210.16749782982,94.0,62.543,25.5,56.4318266525352,-0.244918704032898,60.0626863345972,39.995000000000005,42.535,8.478203,62.543,2.796129999999999,3.41496587,0.464461,0.171567,0.119306,0.645883,3.276632,2.892702,0.907652,0.155202178419074,Africa
Senegal,SN,2008.0,86.703541082412,7.202086510589005,1419.5309032462,88.0,63.242,25.400000000000045,56.5965036620253,-0.148591339588165,61.667942658287,39.84700000000007,42.947,8.481631,63.242,2.8123099999999948,3.50687575,0.463835,0.171665,0.119744,0.645951,3.277006,2.891063,0.912367,1.0037086838431,Africa
Senegal,SN,2009.0,86.678732253125,7.568779284784007,1323.9712258938,86.0,63.923,25.5,56.7983500914545,-0.205200999975204,63.3409286864385,51.29700000000009,43.359,8.483167,63.923,2.807359999999996,3.841573,0.463784,0.171769,0.120001,0.646031,3.275408,2.889773,0.916401,0.038174664910585,Africa
Senegal,SN,2010.0,86.7471743398447,8.065014664256985,1286.60496647046,89.0,64.615,25.800000000000015,57.0129259980585,-0.417924970388412,65.081395107256,49.51400000000002,43.773,8.486891,64.615,2.7975800000000004,4.02764368,0.464177,0.171877,0.120375,0.646144,3.276556,2.889392,0.91837,0.625915167183067,Africa
Senegal,SN,2011.0,86.8192680987191,8.519380354905993,1383.53911649626,92.0,65.262,25.699999999999985,59.1412397618774,-0.280602246522903,66.877265880642,47.994,44.188,8.494522,65.262,2.853550000000004,4.21416712,0.465211,0.172013,0.120983,0.646312,3.281263,2.889813,0.918927,-1.38705683397437,Africa
Senegal,SN,2012.0,86.8579923470858,8.94454623353899,1334.72591526235,91.0,65.457,24.699999999999996,71.9845097478197,-0.108322031795979,68.7260842466109,49.58800000000002,44.603,8.50491,65.457,3.8862799999999997,4.26688004,0.466206,0.17219,0.121573,0.646511,3.288467,2.890466,0.919497,1.20518376811296,Africa
Senegal,SN,2013.0,86.8175774611348,9.33549560908301,1391.5321896037,92.0,66.072,24.598999999999954,50.7740625879857,-0.0607228353619576,70.6153118994442,42.70099999999995,45.019,8.518607,66.072,4.989939999999993,4.38573599,0.467184,0.17241,0.122222,0.646762,3.298502,2.891473,0.920054,-0.327534793003196,Africa
Senegal,SN,2014.0,86.5754884210226,9.757089061525003,1417.094987474,89.0,66.452,24.097999999999956,54.8894665378893,-0.198223099112511,72.5617202513894,42.498000000000005,45.436,8.540385,66.452,5.841719999999997,4.38962269,0.46998,0.172664,0.123063,0.647043,3.314314,2.892787,0.920534,3.37470117405547,Africa
Senegal,SN,2015.0,86.1566847310014,10.136171654325988,1238.12639978389,89.0,66.879,24.097999999999956,70.740985096638,-0.120225243270397,74.5659429699268,39.097999999999935,45.862,8.561428,66.879,6.757729999999992,4.37789631,0.47235,0.172951,0.123728,0.647369,3.329605,2.894516,0.920909,3.50805418581042,Africa
Senegal,SN,2016.0,85.6388630381695,10.555087669364006,1290.74997126951,93.0,67.497,24.097999999999956,62.2452907130405,-0.22595489025116,76.6184802368462,36.70999999999995,46.296,8.587318,67.497,4.45944,4.25606871,0.474385,0.173269,0.124287,0.647737,3.34987,2.89667,0.9211,3.50688918804765,Africa
Senegal,SN,2017.0,84.9980496706653,10.948858747475008,1385.1992136057,93.0,67.75,23.799999999999997,68.9961611199396,-0.0557231269776821,78.7295122837999,36.79900000000006,46.74,8.616654,67.75,4.0783199999999935,4.16359377,0.478695,0.173616,0.12529,0.648156,3.370497,2.899331,0.921069,4.52749063133484,Africa
Serbia,RS,2001.0,45.6393592936734,18.70733382320201,1727.2822281985,93.0,72.2341463414634,13.800999999999977,31.5879271581157,0.316652774810791,137.79349405685642,19.560999999999975,52.992,9.484438,72.2341463414634,12.792379999999978,6.49679995,0.456262,0.194992,0.153578,0.693297,2.716068,3.38636,1.883881,7.06270732214276,Europe
Serbia,RS,2002.0,46.1147786698164,18.70733382320201,2283.84668494941,95.0,72.2853658536585,9.388999999999987,32.1130882957481,-0.512546002864838,137.79349405685642,17.993000000000002,53.215,9.494884,72.2853658536585,13.800029999999976,7.59296274,0.457699,0.195206,0.155397,0.693387,2.700769,3.389389,1.903037,6.47847678049133,Europe
Serbia,RS,2003.0,46.4891689805101,18.70733382320201,3005.42635224484,89.0,72.4365853658537,7.999,32.683463379322,-0.582542061805725,137.79349405685642,15.66900000000001,53.437,9.510329,72.4365853658537,15.221600000000016,7.66696072,0.460305,0.195477,0.157715,0.693482,2.684733,3.392958,1.925659,4.61006584286503,Europe
Serbia,RS,2004.0,46.8038525021141,18.70733382320201,3502.80292389567,88.0,72.6829268292683,9.103000000000014,33.1413424207388,-0.507584154605865,137.79349405685642,14.611999999999984,53.661,9.524585,72.6829268292683,18.507320000000004,7.84200048,0.461658,0.195763,0.160631,0.693629,2.669606,3.396348,1.94695,9.28288774951476,Europe
Serbia,RS,2005.0,46.9952263097423,18.70733382320201,3720.47915467431,98.0,72.8341463414634,9.971999999999994,33.3290154318997,-0.762413561344147,137.79349405685642,16.08599999999999,53.883,9.532871,72.8341463414634,20.84494999999997,8.28380585,0.462847,0.196026,0.163412,0.693881,2.65594,3.398838,1.961927,5.84786986827727,Europe
Serbia,RS,2006.0,47.0725950238074,18.70733382320201,4382.61727851692,92.0,73.3853658536585,11.499,33.1184661635543,-0.53756844997406,84.742385090327,15.308999999999978,54.105,9.539345,73.3853658536585,20.84494999999997,8.49390411,0.463488,0.196353,0.165797,0.694267,2.644229,3.400738,1.974473,5.52189240110543,Europe
Serbia,RS,2007.0,47.1275797627647,18.70733382320201,5848.47640545105,94.0,73.6317073170732,12.600999999999997,32.6163871390382,-0.591357946395874,84.3994854790761,13.998999999999997,54.328,9.546492,73.6317073170732,18.058479999999978,9.3764925,0.461531,0.196811,0.168795,0.694795,2.631312,3.402799,1.990449,6.87196980103251,Europe
Serbia,RS,2008.0,47.1462890226178,17.236900030308007,7101.04014116862,95.0,73.8853658536585,11.700000000000022,32.0171315291319,-0.542712986469269,84.0409558655385,15.483000000000004,54.55,9.552984,73.8853658536585,13.672880000000003,9.48246479,0.458344,0.19731,0.171589,0.695355,2.619175,3.404653,2.006558,6.10631700958608,Europe
Serbia,RS,2009.0,47.1306357935406,16.591216037904022,6169.11419477823,95.0,73.9853658536585,10.69900000000002,31.5150525046159,-0.477358549833298,83.7046306883147,20.704000000000022,54.772,9.558159,73.9853658536585,16.11712,9.34623528,0.455231,0.197763,0.174636,0.695859,2.609186,3.406051,2.019433,-2.34092820223162,Europe
Serbia,RS,2010.0,47.1521178567327,16.504796480300584,5735.42285659849,91.0,74.3365853658537,8.998,31.3045032362704,-0.421741664409637,83.3688085982163,20.526,54.993,9.560381,74.3365853658537,19.190099999999966,9.5273037,0.454886,0.198084,0.177051,0.696228,2.60152,3.406741,2.025871,1.13680433834465,Europe
Serbia,RS,2011.0,47.270044860358,17.01971799471502,6809.15980400146,94.0,74.5365853658537,9.694000000000017,33.95588567108,-0.282882064580917,82.7132289046421,17.398000000000028,55.215,9.558992,74.5365853658537,22.959830000000007,9.11380386,0.45417,0.198333,0.17836,0.696539,2.596686,3.406993,2.027911,2.84500960707238,Europe
Serbia,RS,2012.0,47.5634055687321,17.618421800294012,6015.94522756969,91.0,74.8365853658537,8.897999999999985,30.384649168974,-0.217299461364746,82.3127944203064,19.47100000000001,55.356,9.557113,74.8365853658537,23.91203,9.32820415,0.452949,0.198617,0.180229,0.6969,2.591891,3.407053,2.029474,-0.198378899470342,Europe
Serbia,RS,2013.0,48.3165841941843,15.845508004897974,6755.07367461629,95.0,75.1853658536585,8.395999999999985,28.4561350651549,-0.0756380930542946,81.9132403384404,19.995,55.469,9.554241,75.1853658536585,22.142239999999994,9.31232452,0.452227,0.198925,0.18211,0.697301,2.586581,3.406865,2.030232,3.39452352049253,Europe
Serbia,RS,2014.0,49.4691549345669,15.926725631499998,6600.05621129155,93.0,75.3365853658537,7.490999999999999,28.0367329195926,0.184110775589943,81.529567802424,23.201000000000008,55.583,9.548487,75.3365853658537,19.222179999999977,9.24598789,0.450108,0.199253,0.183528,0.697745,2.581376,3.40659,2.029887,-1.12639732710853,Europe
Serbia,RS,2015.0,50.5498858683406,14.053158171870018,5588.9794435877,95.0,75.2878048780488,6.693000000000003,27.8632692496949,0.234833031892776,81.1271781385776,21.206000000000014,55.696,9.542037,75.2878048780488,17.677040000000016,8.81319809,0.447539,0.199589,0.185056,0.698199,2.577638,3.406153,2.027863,2.31101588882194,Europe
Serbia,RS,2016.0,51.1957156450245,14.056453472274024,5765.20335248009,92.0,75.6878048780488,7.396999999999987,25.5339499000416,0.133281603455544,80.7034301394923,20.887000000000025,55.81,9.533613,75.6878048780488,15.255570000000008,8.45890999,0.444604,0.199932,0.186224,0.698684,2.574493,3.405636,2.02404,3.88118476026682,Europe
Serbia,RS,2017.0,51.6739124235566,12.263999801598997,6292.5465490011,95.0,75.5390243902439,8.600000000000016,26.2823086047504,0.083367332816124,80.275074319689,19.995,55.942,9.52133,75.5390243902439,13.481880000000007,8.22039318,0.441905,0.200264,0.187147,0.699141,2.570068,3.404672,2.018133,2.64598586238259,Europe
Seychelles,SC,2001.0,52.7415683840265,77.72247885715413,8153.2986369879,96.0,73.2536585365854,12.1,10.4372246646421,-1.06611335277557,176.526086956522,1.2959999999999983,50.646,8.904856,73.2536585365854,4.770379999999999,5.01642942,0.774545,0.240299,0.179553,0.565046,2.955657,3.336308,0.853448,-2.35661333545873,Africa
Seychelles,SC,2002.0,51.7270750271838,72.18547814275811,8864.16919495467,99.0,71.0878048780488,19.0,10.3754079918718,0.903408944606781,182.00652173913,1.099999999999998,50.876,8.90611,71.0878048780488,4.770379999999999,4.35287333,0.778803,0.240808,0.179953,0.565694,2.951102,3.337125,0.852625,-1.83480695440478,Africa
Seychelles,SC,2003.0,50.68625309451,65.05550761899504,9070.28460757013,99.0,71.0292682926829,17.499000000000002,10.2850679474579,0.645857214927673,179.958695652174,1.099999999999998,51.123,8.904421,71.0292682926829,4.770379999999999,5.08738041,0.782148,0.24132,0.180137,0.566331,2.945765,3.337412,0.851308,-4.81617833042706,Africa
Seychelles,SC,2004.0,49.5548261918146,65.49578888262793,10827.671636033,99.0,72.6609756097561,9.200000000000015,10.1775387870608,0.655790030956268,179.29347826087,0.9970000000000002,51.388,8.90243,72.6609756097561,4.770379999999999,4.90274191,0.78517,0.241757,0.180531,0.566795,2.941494,3.336468,0.850215,-2.49000825290008,Africa
Seychelles,SC,2005.0,48.5975609756098,65.69343065690008,11802.1118276833,99.0,72.1317073170732,10.186000000000018,10.0641547663409,0.931847214698792,180.126086956522,0.8960000000000008,51.67,8.898562,72.1317073170732,4.770379999999999,4.66865683,0.788257,0.242059,0.181119,0.566989,2.936018,3.333961,0.850159,8.5018972132326,Africa
Seychelles,SC,2006.0,47.6697503927387,65.69343065690008,12782.9938926475,99.0,72.2170731707317,12.299999999999978,9.88101029192026,0.912748575210571,183.913043478261,0.8960000000000008,51.969,8.88969,72.2170731707317,4.770379999999999,4.39767885,0.788481,0.242272,0.18083,0.566911,2.929147,3.330413,0.851636,7.15334515370103,Africa
Seychelles,SC,2007.0,46.8313993645531,65.69343065690008,12669.3026687222,99.0,73.1439024390244,17.79799999999997,9.60702172018116,0.787657201290131,184.854347826087,0.9970000000000002,52.285,8.87797,73.1439024390244,4.770379999999999,3.85076666,0.78581,0.242506,0.1816,0.566732,2.920204,3.326957,0.854161,8.32165420663699,Africa
Seychelles,SC,2008.0,46.134713632697,65.69343065690008,11265.4376270005,99.0,73.1634146341463,6.576000000000006,9.31775623142405,0.7489093542099,189.034782608696,0.8960000000000008,52.619,8.866294,73.1634146341463,4.770379999999999,3.61745405,0.78461,0.242758,0.181926,0.56649,2.910089,3.323377,0.857044,-4.87712623002744,Africa
Seychelles,SC,2009.0,45.3367961908567,65.69343065690008,9747.09180546291,99.0,73.0829268292683,9.891999999999983,9.08878100594942,0.598137140274048,189.778260869565,0.8019999999999986,52.969,8.854301,73.0829268292683,4.770379999999999,3.54135323,0.781811,0.243027,0.182531,0.566254,2.901364,3.319791,0.859523,-2.86142425794473,Africa
Seychelles,SC,2010.0,44.4834301717339,65.69343065690008,10934.79494629,99.0,73.1975609756098,14.200000000000024,8.99566322405777,0.856766223907471,195.152173913043,0.6980000000000013,53.336,8.847225,73.1975609756098,4.770379999999999,4.50142097,0.780717,0.243319,0.183356,0.566103,2.896495,3.316372,0.860863,1.62737013590673,Africa
Seychelles,SC,2011.0,43.6898149669701,65.69343065690008,12110.0937461973,99.0,72.7243902439024,12.001999999999999,10.4836323605632,0.937754094600677,190.089130434783,0.8019999999999986,53.72,8.843757,72.7243902439024,4.770379999999999,4.46079111,0.780704,0.243683,0.184324,0.566026,2.894561,3.313253,0.861206,12.4265876590009,Africa
Seychelles,SC,2012.0,43.2745976116303,65.69343065690008,12337.1554669388,98.0,74.2756097560976,10.80199999999998,9.81980568508283,0.744266331195831,191.963043478261,0.8019999999999986,54.12,8.841194,74.2756097560976,4.770379999999999,5.39592934,0.781728,0.244154,0.186152,0.565972,2.89145,3.310593,0.861145,2.10412826503328,Africa
Seychelles,SC,2013.0,43.1898500429813,65.69343065690008,14821.2921476077,98.0,73.119512195122,8.600000000000016,9.6559410030708,0.825588941574097,195.541304347826,1.497,54.537,8.840081,73.119512195122,4.770379999999999,4.24818325,0.782814,0.244724,0.187811,0.565939,2.889817,3.308234,0.860742,-0.599133304568028,Africa
Seychelles,SC,2014.0,43.1645093553139,65.69343065690008,15188.1902175113,99.0,73.2292682926829,12.700000000000022,9.06745868961229,0.361632436513901,198.60652173913,1.4000000000000026,54.969,8.8376,73.2292682926829,4.770379999999999,4.59131193,0.78376,0.24537,0.189702,0.565909,2.886782,3.306118,0.859959,2.45761243916046,Africa
Seychelles,SC,2015.0,43.2213653854999,65.69343065690008,15333.1051727105,97.0,74.2951219512195,13.700000000000024,9.00174536475684,0.674569547176361,203.084782608696,1.4000000000000026,55.4,8.839027,74.2951219512195,4.770379999999999,4.37339973,0.785783,0.24609,0.192355,0.565917,2.885492,3.304572,0.858818,6.51232550996488,Africa
Seychelles,SC,2016.0,43.4369602763385,65.69343065690008,16566.9946042294,96.0,74.309756097561,15.700000000000028,9.9122300080876,0.715953171253204,205.819565217391,1.200000000000002,55.831,8.84122,74.309756097561,4.770379999999999,4.96118879,0.787831,0.246864,0.194795,0.565934,2.885115,3.303375,0.857306,10.6277900412689,Africa
Seychelles,SC,2017.0,43.7465316835396,65.69343065690008,17480.3651911372,97.0,74.3,11.399999999999995,9.84794743856559,0.779472529888153,208.354347826087,1.200000000000002,56.261,8.84618,74.3,4.770379999999999,4.76658726,0.790406,0.247689,0.197452,0.565984,2.886514,3.30267,0.855465,5.65298679577909,Africa
Somalia,SO,2001.0,99.3199727435354,0.3808949331189998,248.364050357273,33.0,50.74,27.0,27.8901493801609,-0.0756380930542946,14.459060477572,93.30300000000001,33.617,10.173906,50.74,18.88165000000003,4.97810316,0.486672,0.152432,0.076425,0.615231,3.77988,3.524825,1.538441,2.98587948763243,Africa
Somalia,SO,2002.0,99.619388935129,0.3995022005219998,232.989069888272,40.0,50.731,26.099999999999955,26.413641085149,-2.36895203590393,15.0015988140402,92.6010000000001,33.99,10.169472,50.731,18.893120000000028,4.97810316,0.484865,0.152502,0.076499,0.615436,3.781052,3.523531,1.535587,3.7377791062917,Africa
Somalia,SO,2003.0,99.985551777613,0.45482110369999923,290.699186830303,40.0,50.614,27.20099999999998,24.6513569911026,-2.57482099533081,15.5550116364332,92.809,34.756,10.163922,50.614,18.91521,4.97810316,0.48315,0.152598,0.076445,0.61563,3.782377,3.521336,1.532386,3.80102104207482,Africa
Somalia,SO,2004.0,100.537191737134,0.45482110369999923,381.482432373381,30.0,50.538,27.699999999999974,23.1748486960907,-2.87853956222534,16.1273854688048,92.99700000000001,35.531,10.158675,50.538,18.847269999999998,4.97810316,0.481291,0.152696,0.076376,0.615825,3.783005,3.519634,1.529848,3.30888343412057,Africa
Somalia,SO,2005.0,101.513688090463,0.45482110369999923,447.417197695496,35.0,50.661,27.300000000000022,22.5556677981825,-2.70559000968933,16.6851978193643,93.30300000000001,36.311,10.159336,50.661,18.874800000000036,4.97810316,0.480943,0.152781,0.07659,0.616056,3.784001,3.51988,1.529085,3.52944839395548,Africa
Somalia,SO,2006.0,102.866185667887,0.45482110369999923,466.087702031569,26.0,50.597,27.40000000000005,22.5963627733032,-2.74635028839111,17.1915914814933,93.46999999999994,37.1,10.16358,50.597,18.89856000000003,4.97810316,0.482112,0.152888,0.076516,0.61638,3.78283,3.521535,1.531319,3.34971969611063,Africa
Somalia,SO,2007.0,103.835010524421,0.45482110369999923,488.457347617805,40.0,50.515,27.20099999999998,22.7310859240048,-3.22849702835083,17.7225938087799,92.99700000000001,34.404,10.168022,50.515,18.841020000000007,4.97810316,0.483339,0.153051,0.076728,0.61683,3.778749,3.523522,1.535803,3.49758796474831,Africa
Somalia,SO,2008.0,103.872971356279,0.45482110369999923,516.704889868189,31.0,51.12,27.59999999999995,22.9787945882967,-3.28051733970642,18.2434883795071,93.39499999999984,36.011,10.172874,51.12,18.88045000000004,4.97810316,0.484947,0.153233,0.076963,0.617333,3.773623,3.525751,1.541024,3.64797683059916,Africa
Somalia,SO,2009.0,103.456794620293,0.45482110369999923,251.371291706029,42.0,51.853,27.491000000000007,23.3584461041883,-3.31295108795166,18.6980536869959,93.59800000000016,37.645,10.1778,51.853,18.922699999999992,4.97810316,0.486709,0.153402,0.077297,0.617825,3.768744,3.52839,1.545433,4.10052308639774,Africa
Somalia,SO,2010.0,102.997417686761,0.45482110369999923,223.487606875311,45.0,50.563,27.699999999999974,23.8889978096887,-3.13097143173218,19.1708626900883,93.59800000000016,39.31,10.182751,50.563,18.972799999999978,4.97810316,0.48777,0.153511,0.077515,0.618196,3.76713,3.531512,1.547117,4.06296016274838,Africa
Somalia,SO,2011.0,102.523126685816,0.45482110369999923,237.868451296558,41.0,51.304,27.699999999999974,27.743332063383,-3.08384656906128,19.4740284375299,93.68,41.0,10.189774,51.304,19.01884999999998,4.97810316,0.489011,0.153579,0.077832,0.618491,3.768783,3.535175,1.546903,5.03336672918653,Africa
Somalia,SO,2012.0,102.11125998284,0.45482110369999923,324.887176498939,42.0,53.161,27.09399999999995,29.2235174003913,-2.860755443573,19.8302770427519,93.96599999999997,41.558,10.195817,53.161,19.073449999999976,4.97810316,0.489463,0.15365,0.078257,0.618804,3.769761,3.53934,1.546542,4.77760038569035,Africa
Somalia,SO,2013.0,101.761120224798,0.45482110369999923,454.077264239248,42.0,53.843,27.0,27.5479415389526,-2.75868654251099,20.487271654924,94.39999999999992,42.117,10.204303,53.843,18.99382999999996,4.97810316,0.491197,0.153719,0.078566,0.619136,3.771767,3.543948,1.54597,-5.82856927844114,Africa
Somalia,SO,2014.0,101.454018542403,0.45482110369999923,491.189804120491,42.0,54.277,27.20099999999998,25.4404864168862,-2.51582813262939,21.2153457455287,94.59600000000017,42.679,10.213674,54.277,18.84763999999999,4.97810316,0.493166,0.153782,0.07869,0.61947,3.774406,3.549125,1.545035,3.83627122735946,Africa
Somalia,SO,2015.0,101.237375609261,0.45482110369999923,507.482915467098,42.0,54.857,27.20099999999998,24.732373356369,-2.37008881568909,21.9401058437211,94.494,43.245,10.223272,54.857,18.448619999999984,4.97810316,0.494599,0.153839,0.078854,0.619808,3.777474,3.555038,1.54366,6.31486428515046,Africa
Somalia,SO,2016.0,101.070016809706,0.45482110369999923,517.097581505502,42.0,55.044,27.40000000000005,25.3011395270495,-2.34715795516968,22.7832546944241,94.80799999999995,43.816,10.234483,55.044,18.399900000000006,4.97810316,0.496591,0.153885,0.079322,0.620139,3.781353,3.561614,1.541579,2.48029678520032,Africa
Somalia,SO,2017.0,100.836355269126,0.45482110369999923,555.185123613069,42.0,55.654,27.40000000000005,26.6404683683977,-2.2499098777771,23.6940431026238,94.88799999999988,44.391,10.244161,55.654,18.54212,4.97810316,0.497894,0.153912,0.079896,0.620442,3.784748,3.568698,1.538571,5.2978755396651,Africa
Sri Lanka,LK,2001.0,50.7824715533716,4.289193692340997,832.427319625871,98.0,70.787,15.299999999999972,26.722809505096,-0.0026861692313104,301.710652208579,62.97199999999991,18.365,9.60771,70.787,7.897529999999992,4.06,0.666367,0.225708,0.122498,0.560198,3.620192,3.303534,1.109213,-2.29423496561346,Asia
Sri Lanka,LK,2002.0,50.3231277066109,4.790176190772995,865.302139114132,98.0,71.117,15.099999999999982,26.7206615825844,-0.777628898620605,304.747360867485,62.11600000000002,18.349,9.587107,71.117,8.757639999999995,4.04,0.667462,0.226651,0.124201,0.561565,3.591254,3.313774,1.1022,2.9287013949036,Asia
Sri Lanka,LK,2003.0,50.0055446281956,5.256955677719998,978.168645643624,99.0,71.373,14.996999999999998,26.6463535848639,-0.833158433437347,307.81661616967,61.29400000000007,18.334,9.571249,71.373,8.219860000000008,3.65,0.668915,0.227674,0.125491,0.563049,3.568743,3.324408,1.092969,4.88393320951495,Asia
Sri Lanka,LK,2004.0,49.7502744656688,5.733589251403004,1060.1369431645,97.0,67.091,14.700000000000028,26.4928604151958,-1.01044058799744,310.802599266465,61.60700000000007,18.319,9.554638,67.091,8.386629999999998,4.04,0.670294,0.228609,0.127251,0.564362,3.547071,3.333993,1.083058,4.43201579158202,Asia
Sri Lanka,LK,2005.0,49.5482243098778,6.218136876299999,1240.51831220036,99.0,72.118,14.900000000000018,26.2531569768416,-1.15223681926727,313.72773082443,60.110000000000035,18.303,9.537328,72.118,7.669509999999995,3.88,0.669837,0.229266,0.128657,0.56514,3.530024,3.340156,1.074248,5.25117226916035,Asia
Sri Lanka,LK,2006.0,49.4071371813989,6.218136876299999,1423.19062070134,98.0,71.969,14.400000000000013,25.8583485895535,-1.42155075073242,316.86662414288,62.22299999999995,18.288,9.516749,71.969,6.50162,3.85,0.668992,0.22976,0.130167,0.565502,3.513484,3.343778,1.065066,6.60172554063845,Asia
Sri Lanka,LK,2007.0,49.3614889659253,6.218136876299999,1611.17558723051,98.0,72.049,14.400000000000013,25.2426185148487,-1.75128364562988,320.182666241429,60.198999999999906,18.272,9.496232,72.049,5.970610000000005,3.82,0.667923,0.230315,0.132116,0.565825,3.499119,3.347457,1.053477,5.69076133547553,Asia
Sri Lanka,LK,2008.0,49.4053069204024,6.218136876299999,2007.02665500962,98.0,71.729,14.200000000000024,24.4035585686367,-1.79859554767609,323.48338383033,61.60700000000007,18.257,9.474342,71.729,5.219940000000011,3.85,0.666132,0.230904,0.134149,0.566129,3.485303,3.351073,1.040652,4.86900844492848,Asia
Sri Lanka,LK,2009.0,49.5070986480806,6.218136876299999,2053.76645085487,97.0,69.187,14.299999999999976,23.3387605668271,-1.34090304374695,326.62218147026,63.47199999999997,18.242,9.456297,69.187,5.848830000000008,4.06,0.664592,0.231506,0.13639,0.566423,3.475191,3.354323,1.027872,2.54391627141457,Asia
Sri Lanka,LK,2010.0,49.6128397777034,6.218136876299999,2836.97410911231,99.0,73.215,14.200000000000024,22.0458163253294,-0.94294685125351,329.589491309201,61.93099999999992,18.226,9.440629,73.215,4.784159999999997,3.74,0.663689,0.232103,0.138608,0.566733,3.466103,3.356974,1.016419,7.04349448764438,Asia
Sri Lanka,LK,2011.0,49.7160849952849,6.218136876299999,3248.0402104632,99.0,73.38,14.099999999999987,19.3067208821847,-0.724771440029144,332.638223568809,56.40899999999997,18.211,9.432098,73.38,4.116579999999996,3.58,0.663985,0.232732,0.141359,0.567048,3.461686,3.359212,1.006076,7.67349357017027,Asia
Sri Lanka,LK,2012.0,50.0241056221706,6.218136876299999,3351.89247576451,99.0,73.906,12.896000000000004,20.9131853685461,-0.717079222202301,335.148253867007,52.93199999999999,18.196,9.422332,73.906,3.881839999999998,3.31,0.6636,0.233449,0.143861,0.567368,3.456717,3.361395,0.995942,7.8186009319533,Asia
Sri Lanka,LK,2013.0,50.5214711756103,6.218136876299999,3643.83244664348,99.0,74.239,12.600999999999997,21.9721781997635,-0.612895429134369,336.975857120077,56.90499999999995,18.198,9.414558,74.239,4.183939999999996,3.69,0.664112,0.234254,0.146334,0.56771,3.45255,3.363413,0.986185,3.48741714644815,Asia
Sri Lanka,LK,2014.0,51.0248191886631,6.218136876299999,3885.62361617465,99.0,74.651,12.1,19.7831265390581,-0.330464035272598,338.693302503588,54.20499999999996,18.218,9.407531,74.651,4.155159999999996,3.47,0.663702,0.235121,0.14954,0.568039,3.449242,3.365168,0.976719,5.83855763062995,Asia
Sri Lanka,LK,2015.0,51.4556975323522,6.218136876299999,3990.35311739446,99.0,74.927,13.900000000000013,17.9117046245301,0.0831826627254486,344.735220461118,51.29700000000009,18.256,9.401692,74.927,4.519660000000001,3.68,0.664022,0.236051,0.152628,0.568386,3.446117,3.366906,0.967582,3.73104658496399,Asia
Sri Lanka,LK,2016.0,51.7612326935968,6.218136876299999,4107.82977539914,99.0,75.331,14.700000000000028,19.521371968942,-0.0113400500267744,346.169906128318,45.09399999999998,18.311,9.397549,75.331,4.2428099999999995,3.62,0.664479,0.237027,0.155748,0.568732,3.444301,3.368449,0.958813,4.61823485070565,Asia
Sri Lanka,LK,2017.0,52.0065433989629,6.218136876299999,4388.20190593728,99.0,75.403,16.299999999999972,18.3492016336564,-0.0754485204815865,347.48377037791,45.79700000000008,18.384,9.395187,75.403,4.046929999999996,3.33,0.665203,0.238045,0.159144,0.569095,3.44333,3.369917,0.950453,6.05814482142807,Asia
Suriname,SR,2001.0,59.1391880993506,5.035481215504994,1711.71446057638,68.0,65.482,12.799999999999976,31.5360033702711,0.360091060400009,3.12432051282051,24.089999999999964,66.517,12.102302,65.482,12.152189999999989,3.82474971,0.689376,0.183106,0.257208,0.861426,3.870721,4.509188,1.731277,2.40501894069133,Americas
Suriname,SR,2002.0,57.9912663755458,5.570881218420009,2206.27290975194,73.0,65.531,17.79799999999997,30.008871262422,0.492683351039886,3.17734615384615,27.800000000000026,66.591,12.129975,65.531,11.235889999999976,5.32991552,0.690233,0.183207,0.258993,0.86158,3.889723,4.51012,1.736119,1.08440670849748,Americas
Suriname,SR,2003.0,57.0743966052125,6.188622721759001,2529.25942161,75.0,65.596,20.30099999999997,28.1427434567844,0.483302503824234,3.22935897435897,24.600999999999953,66.664,12.159628,65.596,10.347650000000005,4.88878393,0.691978,0.183336,0.261431,0.861779,3.90827,4.511292,1.741542,4.58790646517815,Americas
Suriname,SR,2004.0,56.6421637807258,6.759140673638009,2906.72527754218,85.0,66.416,29.403000000000052,26.4855161347438,0.30226343870163,3.27289743589744,22.570999999999962,66.737,12.189672,66.416,9.48742,5.4608078,0.692351,0.18349,0.264648,0.862067,3.927429,4.513036,1.746651,7.05665428792723,Americas
Suriname,SR,2005.0,56.5743698001498,7.367929565364997,3474.12033122968,83.0,67.002,26.40000000000005,25.5850854776858,0.233044505119324,3.30910256410256,18.90000000000003,66.682,12.217259,67.002,9.264520000000008,5.2439642,0.693088,0.183651,0.267531,0.862445,3.944593,4.515601,1.75035,3.35665822258677,Americas
Suriname,SR,2006.0,56.5230036700329,8.004546192599982,5031.15846462469,84.0,67.571,24.699999999999996,25.3403888798647,-0.0139150014147162,3.34630128205128,22.09799999999996,66.615,12.246003,67.571,9.092400000000005,5.85598755,0.692636,0.18391,0.270606,0.862952,3.962471,4.519161,1.754267,4.61750357600963,Americas
Suriname,SR,2007.0,56.4701698230639,8.004546192599982,5562.33406798787,84.0,68.204,25.400000000000045,25.2240727430802,-0.0173227712512016,3.38426923076923,24.600999999999953,66.547,12.277019,68.204,9.007859999999999,5.22148609,0.689158,0.184317,0.274969,0.863625,3.981307,4.523746,1.759897,3.9322472074726,Americas
Suriname,SR,2008.0,56.3654573781438,8.004546192599982,6616.8151257419,85.0,68.816,24.396000000000043,25.1445967600364,0.0996380820870399,3.42267948717949,26.220999999999982,66.479,12.312175,68.816,8.82662999999999,4.74699593,0.686334,0.184766,0.279361,0.864316,4.003285,4.528493,1.76562,2.97468067937979,Americas
Suriname,SR,2009.0,56.1819038997174,8.004546192599982,7176.85765780579,87.0,69.505,26.59999999999995,25.0104206234369,0.147267401218414,3.46145512820513,26.53099999999999,66.412,12.340783,69.505,8.720400000000017,4.97810316,0.683757,0.185172,0.283805,0.864967,4.019964,4.533075,1.770043,1.85972700714025,Americas
Suriname,SR,2010.0,55.9172788711644,8.004546192599982,7999.50739437676,94.0,69.894,19.499000000000002,24.7300040259854,0.0824754610657692,3.50051282051282,22.09799999999996,66.344,12.35619,69.894,7.153389999999993,4.6978569,0.681531,0.185436,0.287534,0.86546,4.027658,4.536963,1.771608,3.99538233865444,Americas
Suriname,SR,2011.0,55.5656358472704,8.004546192599982,8009.25230244723,80.0,69.914,22.20700000000001,23.1342333121969,0.119975283741951,3.53939743589744,21.206000000000014,66.276,12.365927,69.914,7.540399999999994,4.40932178,0.682244,0.185616,0.290762,0.865887,4.029737,4.54052,1.771161,4.68648273858432,Americas
Suriname,SR,2012.0,55.0957343337502,8.004546192599982,8922.95618613502,76.0,69.764,15.700000000000028,26.3564495295979,0.0793254524469376,3.57763461538462,15.80899999999998,66.208,12.373017,69.764,8.095900000000011,4.28435707,0.684119,0.18582,0.293688,0.866393,4.028037,4.544447,1.770513,1.59281191597201,Americas
Suriname,SR,2013.0,54.4937525511672,8.004546192599982,9124.54109297075,76.0,69.682,14.400000000000013,25.0473551418283,0.132779225707054,3.61504487179487,17.590999999999976,66.14,12.379091,69.682,6.600150000000006,4.48738098,0.68571,0.186042,0.297263,0.866956,4.024939,4.548572,1.769609,1.86823594018924,Americas
Suriname,SR,2014.0,53.8379695014758,8.004546192599982,9199.17789329145,71.0,69.782,16.299999999999972,25.5794924051723,0.249270841479301,3.65180769230769,12.807999999999979,66.089,12.379534,69.782,6.934230000000009,4.52127838,0.689086,0.18628,0.300467,0.8676,4.014569,4.553196,1.768336,-0.753771107060828,Americas
Suriname,SR,2015.0,53.2425998317054,8.004546192599982,8907.83725830091,73.0,70.8,11.399999999999995,27.4211368815622,0.249509304761887,3.68894230769231,11.596000000000004,66.056,12.38039,70.8,7.219770000000016,5.80808163,0.691755,0.186524,0.303178,0.868296,4.00594,4.558144,1.766553,-4.38533208291062,Americas
Suriname,SR,2016.0,52.7510547636436,8.004546192599982,5705.39948731743,77.0,71.592,14.299999999999976,27.0335291242088,0.152817890048027,3.72726282051282,11.111000000000006,66.04,12.376393,71.592,7.91717,5.99283743,0.69657,0.186762,0.305583,0.868995,3.991231,4.563082,1.76417,-5.88927708937858,Americas
Suriname,SR,2017.0,52.3487879440035,8.004546192599982,6112.88301430134,67.0,72.417,16.0,26.7797937382992,0.119800709187984,3.76640384615385,15.483000000000004,66.041,12.369278,72.417,7.883350000000003,5.32285929,0.701883,0.186999,0.307738,0.869735,3.973583,4.56807,1.76127,0.510548543486934,Americas
Togo,TG,2001.0,83.6776692818493,51.28171333341208,406.865957151676,50.0,54.86,30.400000000000055,61.8375994241789,-0.441768199205399,94.6024269167126,81.99700000000001,33.356,8.839146,54.86,4.101409999999998,2.88543367,0.445215,0.163284,0.105071,0.626584,3.632606,2.901775,0.964611,-1.86870628899301,Africa
Togo,TG,2002.0,83.2526053846698,52.62809699163503,456.34416195294,59.0,55.311,30.79300000000004,57.4025754585,0.0573869608342648,97.1049457620886,78.70199999999988,33.809,8.844705,55.311,4.085759999999998,2.90227056,0.448632,0.163284,0.10463,0.626702,3.635953,2.901819,0.963685,1.15087751207683,Africa
Togo,TG,2003.0,82.8625043556754,56.802124694761936,551.186773612819,72.0,55.639,30.89700000000005,52.1090846350623,-0.185996636748314,99.6690751976466,74.7930000000001,34.265,8.851023,55.639,3.9623499999999985,2.93837667,0.451044,0.163294,0.104345,0.62684,3.641304,2.901707,0.962489,3.97464245757394,Africa
Togo,TG,2004.0,82.4327279033121,60.09234155433988,573.483645875891,71.0,55.569,30.994,47.6738489606156,-0.314870864152908,102.320610406325,76.1130000000001,34.724,8.856008,55.569,3.9992200000000047,3.0855279,0.45431,0.16331,0.103881,0.626962,3.644595,2.901449,0.961501,-3.54470314762663,Africa
Togo,TG,2005.0,82.0386649171191,63.09417040360011,564.099744507547,82.0,55.962,30.89700000000005,45.8135904419093,-1.44021821022034,105.011895569038,77.1849999999999,35.185,8.858607,55.962,4.151560000000003,3.3024261,0.455704,0.163323,0.103811,0.627048,3.64637,2.901296,0.961055,-7.10954805047128,Africa
Togo,TG,2006.0,81.4990953223717,63.09417040360011,565.334021390162,84.0,56.222,31.200999999999958,45.8783643857125,-0.527322232723236,108.002206287921,79.6919999999999,35.649,8.863246,56.222,4.229369999999998,3.44603634,0.457143,0.163342,0.103857,0.627208,3.648626,2.90128,0.96179,-0.191993083482004,Africa
Togo,TG,2007.0,80.9954855408013,63.09417040360011,621.734921738499,82.0,56.511,31.099999999999945,46.061091906575,-0.341404855251312,111.188398602684,79.89799999999985,36.116,8.868179,56.511,3.824020000000001,3.8666532,0.457972,0.163374,0.103442,0.627485,3.651043,2.901109,0.963754,-4.00702620014511,Africa
Togo,TG,2008.0,80.657313007134,63.09417040360011,735.855830207409,81.0,56.695,31.299000000000042,46.3427937229179,-0.168963000178337,114.404890604891,76.43199999999996,36.587,8.874066,56.695,3.2855799999999995,3.84063601,0.459085,0.163418,0.103543,0.62781,3.653143,2.900963,0.966104,1.11068446738341,Africa
Togo,TG,2009.0,80.4359197710904,63.09417040360011,737.954113281057,78.0,57.011,31.299000000000042,46.7044905531623,-0.165575549006462,117.643390329105,63.40399999999991,37.058,8.877713,57.011,2.853550000000004,4.07616663,0.460778,0.163469,0.103037,0.628095,3.653437,2.900811,0.968086,2.55087994478511,Africa
Togo,TG,2010.0,80.4146168712802,63.09417040360011,722.22980143562,83.0,57.304,31.099999999999945,47.1272031157292,-0.179348394274712,120.828369185512,65.77800000000008,37.533,8.881642,57.304,2.3910699999999987,4.45493317,0.462096,0.163519,0.102882,0.628253,3.655271,2.900814,0.968807,3.0640818528268,Africa
Togo,TG,2011.0,80.4138894168704,63.09417040360011,803.482843203911,85.0,57.925,31.099999999999945,48.2695276844169,-0.162598490715027,124.079279279279,69.09800000000003,38.032,8.88338,57.925,1.9848199999999991,4.55412722,0.463777,0.16358,0.103011,0.628335,3.654932,2.901165,0.96858,3.05065490554935,Africa
Togo,TG,2012.0,80.364612410529,63.09417040360011,781.554774938264,84.0,58.073,30.599999999999945,53.6407922683827,-0.386457771062851,127.351259422688,72.69899999999988,38.546,8.886522,58.073,2.029249999999998,4.80787134,0.466879,0.163673,0.103405,0.628451,3.653918,2.901866,0.96833,3.57150681458398,Africa
Togo,TG,2013.0,80.2276435300852,63.09417040360011,847.387971492068,84.0,58.684,30.69999999999996,43.0219165772312,-0.353710830211639,130.653226696084,76.1929999999999,39.061,8.8929,58.684,2.0807199999999995,4.94373512,0.470096,0.163798,0.104169,0.628604,3.655243,2.902978,0.968012,3.14979485955959,Africa
Togo,TG,2014.0,79.9710500862645,63.09417040360011,877.192960614182,84.0,58.853,30.300000000000036,43.0636342660236,-0.16712686419487,134.002261445119,81.39999999999985,39.579,8.90025,58.853,2.1395999999999997,5.07998943,0.474005,0.163953,0.104926,0.628787,3.656653,2.904392,0.967534,2.99321468020433,Africa
Togo,TG,2015.0,79.6230171892471,63.09417040360011,770.143807374741,82.0,59.396,29.900000000000055,67.316079169015,-0.232123047113419,137.400790586505,80.99699999999999,40.1,8.90587,59.396,2.20396,4.95647097,0.478484,0.164137,0.105883,0.629,3.655251,2.90618,0.966935,2.85934049651289,Africa
Togo,TG,2016.0,79.2246977579818,63.09417040360011,792.44099138624,82.0,59.55,29.597999999999946,60.2898429310496,-0.17511710524559,140.859606545321,80.71199999999992,40.628,8.913895,59.55,2.96224,6.59755707,0.483072,0.164342,0.107146,0.629215,3.655581,2.908321,0.966218,1.65589269188359,Africa
Togo,TG,2017.0,78.7700805749932,63.09417040360011,813.394787167149,83.0,60.154,29.200999999999976,58.2450494555721,-0.874444484710693,144.379389593675,78.39399999999989,41.162,8.924093,60.154,3.743870000000003,6.49392271,0.488984,0.164575,0.108107,0.629457,3.656725,2.910945,0.9653,1.4725493020598,Africa
Tonga,TO,2001.0,77.1693416874088,18.70733382320201,1754.84187972624,94.0,69.127,13.198000000000025,12.9054119767903,-0.32859343290329,143.347222222222,2.6959999999999957,23.041,8.812965,69.127,4.477710000000003,3.42501593,0.732197,0.232991,0.118233,0.460816,2.91857,3.273352,1.076806,3.13875615615709,Oceania
Tonga,TO,2002.0,77.1459776784191,18.70733382320201,1760.66703430023,90.0,69.335,13.099999999999993,12.8214218478176,1.11985623836517,144.172222222222,2.4780000000000006,23.069,8.819171,69.335,4.836629999999992,3.58957744,0.734746,0.233388,0.118994,0.461022,2.917798,3.273814,1.079409,4.24803863601755,Oceania
Tonga,TO,2003.0,77.4516468948639,18.70733382320201,1937.04234475148,98.0,69.495,13.099999999999993,12.7078429737717,0.629589557647705,145.013888888889,2.0,23.098,8.828052,69.495,5.1769000000000025,3.43583083,0.736833,0.233797,0.120358,0.461228,2.919356,3.274395,1.082085,1.71424532543323,Oceania
Tonga,TO,2004.0,77.9366423852279,18.70733382320201,2195.98639734304,99.0,69.67,13.0,12.5968854380018,0.817679941654205,145.883333333333,2.084999999999997,23.127,8.836443,69.67,3.9476600000000017,4.50741625,0.738779,0.234154,0.120744,0.461419,2.921299,3.275085,1.084963,-2.99231930582464,Oceania
Tonga,TO,2005.0,78.3751836403857,18.70733382320201,2478.42704686749,99.0,69.768,13.900000000000013,12.5207593238571,0.677347898483276,146.7125,2.084999999999997,23.155,8.841782,69.768,2.5724199999999997,4.38560247,0.740411,0.234386,0.121453,0.461569,2.920051,3.275761,1.088151,-0.484588376150015,Oceania
Tonga,TO,2006.0,78.6731053977655,18.70733382320201,2751.96028250318,99.0,69.894,14.700000000000028,12.4804500046147,0.46780064702034,147.486111111111,1.8970000000000034,23.184,8.849581,69.894,1.091560000000001,5.47225046,0.742017,0.234546,0.121684,0.461692,2.91885,3.277202,1.09359,-0.672387183949013,Oceania
Tonga,TO,2007.0,78.4603798845285,18.70733382320201,2799.36818151897,99.0,70.048,13.599999999999989,12.4498683029438,0.280977129936218,148.108333333333,2.2249999999999988,23.227,8.862406,70.048,1.1734200000000008,4.73330021,0.743832,0.234712,0.121542,0.461798,2.91904,3.27967,1.101812,-0.150156520550155,Oceania
Tonga,TO,2008.0,77.7476728723404,18.70733382320201,3221.08051916885,99.0,70.164,17.39600000000003,12.4206124762814,0.281706720590591,148.516666666667,2.0,23.281,8.875146,70.164,1.2598400000000003,6.05759716,0.745899,0.234876,0.121934,0.461899,2.91703,3.282587,1.110921,4.46216840381808,Oceania
Tonga,TO,2009.0,77.0080951594251,18.70733382320201,2915.49390389952,99.0,70.012,10.617000000000017,12.3842807820647,0.215018734335899,148.811111111111,1.7900000000000018,23.335,8.887895,70.012,1.4048899999999986,3.92779636,0.748608,0.235019,0.122268,0.461995,2.915566,3.285562,1.118877,-5.38668639920526,Oceania
Tonga,TO,2010.0,76.4165667252624,18.70733382320201,3416.11069898939,99.0,70.323,5.801000000000001,12.3324714777308,0.689703106880188,149.143055555556,0.9970000000000002,23.389,8.897518,70.323,1.517999999999999,4.81632328,0.750351,0.235116,0.122418,0.462064,2.916269,3.287498,1.123802,0.579134053959507,Oceania
Tonga,TO,2011.0,76.1717662852185,18.70733382320201,3852.14446192581,99.0,70.381,8.700000000000015,12.1304389189741,0.937798142433167,149.459722222222,1.099999999999998,23.443,8.903532,70.381,1.6074799999999974,3.82126665,0.752465,0.235198,0.122582,0.46213,2.915981,3.288554,1.126622,6.59195572220257,Oceania
Tonga,TO,2012.0,75.9875583203733,18.70733382320201,4378.57152827537,95.0,70.442,7.806999999999989,12.3765932473645,0.894514441490173,149.308333333333,1.099999999999998,23.435,8.91087,70.442,1.644459999999999,4.79517698,0.754537,0.235296,0.122967,0.462208,2.916819,3.289773,1.12927,0.925330752757276,Oceania
Tonga,TO,2013.0,75.6363576723742,18.70733382320201,4208.18789083239,99.0,70.505,7.898999999999986,12.1802014822162,0.935446381568909,148.734722222222,1.5959999999999972,23.382,8.916734,70.505,1.760030000000001,3.9839797,0.755917,0.235406,0.123485,0.462297,2.916803,3.291173,1.131653,0.69917288297583,Oceania
Tonga,TO,2014.0,75.2551733206226,18.70733382320201,4125.42545363426,98.0,70.54,5.891999999999991,12.0913822122592,0.847196459770203,148.091666666667,1.7039999999999986,23.328,8.922843,70.54,1.9199200000000027,5.00648069,0.757612,0.235521,0.123964,0.462387,2.917031,3.292675,1.133653,2.46169427346916,Oceania
Tonga,TO,2015.0,74.6777936892005,18.70733382320201,4117.93104694205,96.0,70.607,6.865999999999989,11.7395693014278,0.868294656276703,147.391666666667,1.8970000000000034,23.275,8.929871,70.607,2.029249999999998,4.47327423,0.759888,0.235639,0.124463,0.462478,2.91798,3.294251,1.135172,1.65237893342727,Oceania
Tonga,TO,2016.0,73.9403014546173,18.70733382320201,3978.43768561484,96.0,70.661,17.79799999999997,12.0170183126119,0.897029459476471,146.815277777778,2.0,23.222,8.935858,70.661,2.0505000000000018,4.81820822,0.761871,0.235762,0.125487,0.462574,2.918119,3.295908,1.136137,6.98939252059962,Oceania
Tonga,TO,2017.0,73.1777036684135,18.70733382320201,4367.25660339844,99.0,70.713,17.29999999999997,12.0803698566865,0.771566808223724,146.409722222222,2.0,23.169,8.940065,70.713,2.1329600000000024,4.85577822,0.762905,0.235881,0.125706,0.462664,2.91897,3.297507,1.136432,3.60863612360343,Oceania
Uganda,UG,2001.0,111.476544243944,50.13546972108392,235.852974853568,55.0,49.006,33.59999999999994,32.9681223741883,-0.321507543325424,123.934362644512,95.52200000000008,15.201,11.623421,49.006,3.5175799999999993,5.05207348,0.539136,0.154215,0.099784,0.604232,5.457277,3.468761,1.300016,2.02930556506277,Africa
Uganda,UG,2002.0,111.195723221064,54.07938137569009,241.868930237494,57.0,49.648,33.29300000000004,32.364309878136,-1.41743767261505,127.846904559331,95.58600000000015,15.626,11.615126,49.648,3.4992499999999995,4.77135611,0.53823,0.154569,0.100537,0.604369,5.451291,3.46677,1.29936,5.40510273037765,Africa
Uganda,UG,2003.0,110.723086062713,53.425553801733976,250.690588410025,59.0,50.368,32.715999999999966,31.6434916524877,-1.56096339225769,131.898984034833,95.58600000000015,16.061,11.602202,50.368,3.5996100000000038,4.29918194,0.537089,0.154984,0.101437,0.604533,5.441429,3.464162,1.298568,3.2022849844132,Africa
Uganda,UG,2004.0,110.429490796471,52.81108254788202,292.472665588666,62.0,51.547,32.400000000000055,31.0392880072388,-1.3047730922699,135.859486512187,95.308,16.507,11.585994,51.547,2.705449999999997,4.7002449,0.53514,0.1554,0.102665,0.604713,5.427879,3.462308,1.297889,3.69364648180827,Africa
Uganda,UG,2005.0,110.096769076597,52.422020173894055,330.602854382722,64.0,52.976,32.46800000000002,30.7853192523847,-1.41722476482391,139.865812521896,94.494,16.96,11.572757,52.976,1.900080000000002,5.80518579,0.534539,0.155754,0.104211,0.604899,5.413234,3.462659,1.297461,3.2867677650199,Africa
Uganda,UG,2006.0,109.597619902503,52.089219529952054,346.768462326785,64.0,54.369,31.800000000000047,30.8486426919378,-1.14034521579742,144.002937790901,94.16700000000003,17.425,11.549044,54.369,2.2690300000000025,6.46332979,0.533665,0.156137,0.105355,0.605145,5.388014,3.464904,1.295824,7.60195955892391,Africa
Uganda,UG,2007.0,108.906549273997,51.663333705700005,401.709187643744,73.0,55.236,31.800000000000047,31.0457522951455,-0.916478335857391,148.289895400631,94.10400000000014,17.899,11.503764,55.236,2.6765500000000024,6.1131134,0.533773,0.156629,0.106296,0.605487,5.34141,3.467935,1.292234,5.27829822722869,Africa
Uganda,UG,2008.0,108.032022484743,51.491365777100036,473.302833431521,71.0,55.823,31.701999999999952,31.3844233698563,-0.875740170478821,152.694369651169,94.10400000000014,18.384,11.447286,55.823,3.053,5.45476198,0.532887,0.157161,0.107981,0.605914,5.283417,3.471669,1.288257,5.57304428081009,Africa
Uganda,UG,2009.0,107.08553482786,51.491365777100036,799.929632091229,79.0,56.488,31.88500000000005,31.8724312239187,-0.991805791854858,157.211951353786,94.31099999999998,18.878,11.39587,56.488,3.5996100000000038,5.78845549,0.532822,0.157657,0.109304,0.606382,5.228532,3.475837,1.285336,3.73251033971526,Africa
Uganda,UG,2010.0,106.097391172022,51.491365777100036,824.73767112214,80.0,57.055,32.29700000000005,32.517551165181,-1.00055825710297,161.289287851586,93.59800000000016,19.383,11.359668,57.055,3.617550000000003,6.80890226,0.533858,0.158033,0.11098,0.606817,5.18502,3.480064,1.284896,2.60254456147564,Africa
Uganda,UG,2011.0,105.116361447728,51.491365777100036,837.095884208132,82.0,57.965,28.398000000000046,35.0271400705232,-0.976101815700531,166.046967883503,93.30300000000001,19.898,11.33086,57.965,3.527770000000002,6.6959095,0.534543,0.158334,0.112084,0.607245,5.14784,3.484571,1.286243,6.25729837900512,Africa
Uganda,UG,2012.0,104.136551428056,51.491365777100036,796.711139410077,83.0,58.817,29.5,35.8905665839316,-0.868966519832611,170.922077598245,93.39499999999984,20.424,11.302603,58.817,3.550559999999997,6.10853958,0.534956,0.158648,0.113393,0.607709,5.110316,3.489902,1.287679,0.875761039192426,Africa
Uganda,UG,2013.0,103.110190781032,51.491365777100036,819.757867338416,84.0,59.763,29.900000000000055,34.8200496489628,-0.838690638542175,175.910482744863,93.08700000000017,20.958,11.27491,59.763,1.9108899999999989,5.78252411,0.536157,0.158968,0.114439,0.6082,5.071931,3.496055,1.28916,0.649426228181824,Africa
Uganda,UG,2014.0,101.833712284356,51.491365777100036,897.50972863557,85.0,60.408,30.199999999999964,34.111616669843,-0.9411261677742,181.211544983044,92.47499999999992,21.504,11.249829,60.408,2.403709999999998,5.33653069,0.536938,0.159291,0.115764,0.608725,5.035458,3.502962,1.290691,2.03158558617645,Africa
Uganda,UG,2015.0,100.222086962459,51.491365777100036,864.180059289672,89.0,61.086,30.300000000000036,36.4158643204587,-0.804575800895691,186.900837821664,91.693,22.06,11.224241,61.086,2.7891900000000045,5.0745697,0.539442,0.159609,0.117042,0.609275,4.996004,3.510482,1.292387,1.98592377035136,Africa
Uganda,UG,2016.0,98.1325684211194,51.491365777100036,753.684405508036,93.0,61.648,30.400000000000055,35.1867637433366,-0.71827632188797,193.239073409136,91.36799999999987,22.624,11.198545,61.648,3.1666899999999947,4.96169233,0.541182,0.159918,0.118044,0.609847,4.957013,3.518378,1.294163,1.34418674739261,Africa
Uganda,UG,2017.0,95.811916730413,51.491365777100036,766.177604015442,94.0,62.115,29.900000000000055,32.2396992843572,-0.569948792457581,200.11512567325,91.30200000000002,23.196,11.173409,62.115,3.6421499999999942,3.99788952,0.542832,0.160208,0.119309,0.61042,4.918028,3.526626,1.295986,-0.412239332308602,Africa
Uruguay,UY,2001.0,59.9580447638819,11.20218579230002,6331.15660187559,94.0,75.285,15.59999999999998,12.7668375831259,-0.0557231269776821,18.8603531025026,41.59599999999995,92.303,12.893721,75.285,15.053239999999981,9.79864407,0.898266,0.196513,0.347004,0.773288,3.42275,6.241597,1.014303,-4.09799663412986,Americas
Uruguay,UY,2002.0,60.0495671346663,11.20218579230002,4115.15454913195,95.0,75.54,12.299999999999978,12.4965101043769,0.838327348232269,18.8917895097703,43.19999999999992,92.569,12.919748,75.54,16.64732999999999,9.68134308,0.902859,0.196388,0.345919,0.774055,3.436706,6.248151,1.01567,-7.88554344855896,Americas
Uruguay,UY,2003.0,60.0547150643879,11.20218579230002,3638.94359070859,91.0,75.785,12.195000000000023,12.1726329405196,0.711256563663483,18.9132784824591,43.80000000000008,92.828,12.947502,75.785,16.655120000000025,9.61753464,0.908309,0.196228,0.345006,0.774932,3.450324,6.255763,1.01694,0.690750521011083,Americas
Uruguay,UY,2004.0,59.8750738151938,11.20218579230002,4130.1001146777,94.0,76.007,13.900000000000013,11.8339749911707,0.590961158275604,18.9338418466461,39.287000000000056,93.078,12.974073,76.007,12.974980000000008,8.30145359,0.913754,0.196097,0.344004,0.775705,3.463541,6.262632,1.01834,4.89011911625813,Americas
Uruguay,UY,2005.0,59.7028303181045,11.20218579230002,5233.45717058668,96.0,76.194,12.799999999999976,11.5193051559469,0.777662575244904,18.9559193235059,41.29500000000003,93.319,12.997371,76.194,12.009050000000007,7.75686073,0.918663,0.196061,0.344193,0.776172,3.475189,6.266881,1.020212,7.33497604892166,Americas
Uruguay,UY,2006.0,59.5119503740193,11.20218579230002,5942.12674899064,95.0,76.362,14.5,11.1823625429671,0.898599565029144,18.9822991658096,37.59899999999994,93.553,13.030644,76.362,10.842810000000012,7.74287462,0.925667,0.196168,0.345436,0.776441,3.484572,6.269675,1.032685,3.95391078742402,Americas
Uruguay,UY,2007.0,59.194455683441,11.20218579230002,7149.37463386796,94.0,76.498,14.400000000000013,10.7966309010516,0.835530936717987,19.0186892926523,43.19999999999992,93.779,13.085593,76.498,9.401370000000007,7.49349833,0.934328,0.196403,0.348731,0.776908,3.494911,6.274476,1.059836,6.33765562484871,Americas
Uruguay,UY,2008.0,58.8123229138104,11.20218579230002,9328.06570819932,94.0,76.623,15.900000000000023,10.4304960908687,0.845082819461823,19.0613986972917,44.084999999999965,93.998,13.147317,76.623,8.028739999999994,8.12533188,0.942012,0.196688,0.35348,0.777436,3.505361,6.279516,1.092824,6.93600335053371,Americas
Uruguay,UY,2009.0,58.3628671442589,11.20218579230002,9780.73961786409,95.0,76.738,16.495,10.1523439730869,0.789260983467102,19.1072791680951,44.63799999999996,94.209,13.204253,76.738,7.734520000000006,7.9498806,0.947733,0.196968,0.35912,0.778005,3.514906,6.284727,1.122794,3.99318432319997,Americas
Uruguay,UY,2010.0,57.8585510254337,11.20218579230002,12512.5941268441,95.0,76.858,17.096999999999973,10.0305604083746,0.824986040592194,19.1558164781168,53.298000000000094,94.414,13.242686,76.858,7.15691,7.91117048,0.950791,0.19716,0.363758,0.778442,3.522626,6.288983,1.140926,7.53025567048368,Americas
Uruguay,UY,2011.0,57.3670427904817,11.20218579230002,14975.5628186737,95.0,76.983,17.499000000000002,10.0509517421341,0.957096934318542,19.2071591818078,49.70099999999992,94.612,13.268447,76.983,6.3092000000000015,7.94897985,0.950217,0.197312,0.368551,0.778796,3.531081,6.292558,1.149932,4.88102387235121,Americas
Uruguay,UY,2012.0,56.9292882459899,11.20218579230002,16087.2520777973,95.0,77.111,15.59999999999998,9.71687395840984,0.709167778491974,19.2614158381899,47.907,94.739,13.297278,77.111,6.448230000000008,8.06757545,0.948192,0.197511,0.374344,0.779206,3.542724,6.296651,1.15865,3.24652646444873,Americas
Uruguay,UY,2013.0,56.5548832012727,11.20218579230002,18140.8922133059,94.0,77.24,17.29999999999997,10.8314475554018,0.804738223552704,19.318820706205,51.90199999999997,94.843,13.327089,77.24,6.444799999999998,8.11897373,0.946046,0.197753,0.379651,0.779671,3.555894,6.300966,1.167108,4.32661364111881,Americas
Uruguay,UY,2014.0,56.217663474909,11.20218579230002,18131.5788465661,95.0,77.366,16.299999999999972,10.4423977068601,0.99187958240509,19.3787110044566,56.703999999999915,94.945,13.356856,77.366,6.549480000000006,8.07319641,0.942263,0.198024,0.385984,0.780175,3.57016,6.305186,1.175064,2.9197296574484,Americas
Uruguay,UY,2015.0,55.9582872911718,11.20218579230002,16950.7531694816,95.0,77.483,15.299999999999972,10.4692129562066,0.994889318943024,19.4424522911667,59.42599999999997,95.045,13.383428,77.483,7.489580000000017,8.29225731,0.935037,0.198323,0.392488,0.780699,3.585183,6.30936,1.182338,0.0416798769461195,Americas
Uruguay,UY,2016.0,55.7593148310461,11.20218579230002,16837.9403803049,95.0,77.571,13.40000000000001,10.2628739093634,1.04852175712585,19.5050051422695,60.26400000000005,95.144,13.408576,77.571,7.840720000000004,8.67535782,0.927602,0.198641,0.398546,0.78126,3.600303,6.313555,1.188669,1.36367741460649,Americas
Uruguay,UY,2017.0,55.4737949664311,11.20218579230002,18995.3970195554,93.0,77.625,14.099999999999987,10.0613622046924,1.04009079933167,19.5531939206948,60.80200000000005,95.24,13.433964,77.625,7.890549999999994,8.82179642,0.918533,0.198965,0.405502,0.781817,3.617574,6.317738,1.193835,1.48963768853973,Americas
Vanuatu,VU,2001.0,86.6824577194562,18.70733382320201,1309.04758427698,70.0,69.037,14.299999999999976,14.9425065432613,-1.14034521579742,16.1635767022149,51.29700000000009,21.953,8.936589,69.037,8.469810000000015,3.38728333,0.679243,0.213123,0.101563,0.425381,3.149467,3.185733,1.182079,-5.82938609105874,Oceania
Vanuatu,VU,2002.0,84.9877361253478,18.70733382320201,1299.17890191232,70.0,69.196,14.400000000000013,14.665320193617,1.16340851783752,16.5812141099262,53.298000000000094,22.235,8.932842,69.196,8.650729999999992,3.90437746,0.678374,0.213043,0.101277,0.425422,3.145807,3.187288,1.181631,-7.58612511283516,Oceania
Vanuatu,VU,2003.0,83.2779173004138,18.70733382320201,1517.29444943875,69.0,69.276,14.607999999999986,14.335593351469,0.764638483524323,17.0022969647252,52.70899999999992,22.521,8.929244,69.276,8.712780000000011,3.50691938,0.67821,0.212945,0.101069,0.425469,3.141478,3.188961,1.181112,1.7055058695657,Oceania
Vanuatu,VU,2004.0,81.6084878640984,18.70733382320201,1718.26302892176,69.0,69.313,14.200000000000024,14.0597183922026,0.624410927295685,17.4259228876128,55.39899999999995,22.809,8.926979,69.313,8.466590000000004,3.53991532,0.677334,0.212882,0.100827,0.425533,3.138797,3.190845,1.180761,1.4594489148585,Oceania
Vanuatu,VU,2005.0,79.9995037508167,18.70733382320201,1814.81782563854,68.0,69.39,13.900000000000013,13.9440876912036,1.38492727279663,17.8533223954061,54.903,23.099,8.92856,69.39,8.130419999999987,3.30528617,0.677656,0.212899,0.100988,0.425614,3.137746,3.192936,1.180721,2.78437022111177,Oceania
Vanuatu,VU,2006.0,78.4583239937238,18.70733382320201,1970.8984112702,68.0,69.462,13.5,13.9585415833197,1.34965407848358,18.2873666940115,55.3010000000001,23.392,8.935615,69.462,8.005609999999988,3.32189322,0.677227,0.213118,0.101068,0.425747,3.139416,3.196182,1.182857,5.88642047809384,Oceania
Vanuatu,VU,2007.0,77.0459391354914,18.70733382320201,2261.45929411079,70.0,69.544,13.700000000000024,13.996197949145,1.23301076889038,18.7321575061526,51.571000000000005,23.687,8.947243,69.544,6.853529999999987,3.1078558,0.675745,0.213544,0.102022,0.425939,3.141492,3.200598,1.187903,0.43312766411762,Oceania
Vanuatu,VU,2008.0,75.8217973576228,18.70733382320201,2525.0839035439,73.0,69.602,13.40000000000001,14.0483654826847,1.18549370765686,19.1921246923708,52.06800000000001,23.985,8.961255,69.602,5.6590600000000055,3.13810205,0.673565,0.214044,0.102559,0.426164,3.145485,3.205362,1.194076,3.07011043921,Oceania
Vanuatu,VU,2009.0,74.8132913238812,18.70733382320201,2472.46356380837,75.0,69.653,13.5,14.106352877944,1.22989845275879,19.6627563576702,38.73899999999999,24.286,8.975094,69.653,4.565230000000001,3.25197887,0.672757,0.214484,0.10347,0.426386,3.148695,3.209514,1.199788,0.57108685848371,Oceania
Vanuatu,VU,2010.0,74.4017336933352,18.70733382320201,2732.55156662187,77.0,69.617,13.5,14.161468828928,1.27522957324982,20.1356029532404,38.09599999999994,24.462,8.983586,69.617,4.685959999999998,3.52656102,0.673466,0.214731,0.104303,0.426569,3.149008,3.212105,1.203404,-1.11900599670747,Oceania
Vanuatu,VU,2011.0,74.6042995511458,18.70733382320201,3064.75120066071,79.0,69.551,13.599999999999989,14.2665581071884,1.10943698883057,20.6147662018048,35.80000000000006,24.561,8.988077,69.551,4.818600000000002,3.59819388,0.674456,0.214829,0.104646,0.426717,3.148395,3.213566,1.205468,0.742453227180761,Oceania
Vanuatu,VU,2012.0,74.986228892803,18.70733382320201,2906.34246130818,82.0,69.497,13.198000000000025,14.0726802867412,1.20170080661774,21.108531583265,39.00999999999999,24.661,8.993629,69.497,4.949430000000004,3.9356277,0.677569,0.214907,0.104608,0.426853,3.147529,3.214644,1.207519,-1.35275355914011,Oceania
Vanuatu,VU,2013.0,75.47408512225,18.70733382320201,2877.44452801285,84.0,69.534,13.198000000000025,14.2629547192965,1.1603866815567,21.6188679245283,40.872000000000064,24.761,8.997251,69.534,5.055170000000005,4.39234495,0.679985,0.214961,0.104925,0.426989,3.145321,3.215603,1.209467,-1.90815462942294,Oceania
Vanuatu,VU,2014.0,76.0293983383548,18.70733382320201,2861.20315425441,86.0,69.465,14.799999999999972,13.9111416387808,0.636045277118683,22.1433141919606,31.499000000000002,24.861,8.999734,69.465,5.150339999999997,3.64668846,0.683547,0.21498,0.105502,0.427115,3.14096,3.21645,1.21118,0.694155032875415,Oceania
Vanuatu,VU,2015.0,76.5576000664235,18.70733382320201,2643.8868859095,80.0,69.513,15.495999999999999,13.4680414200127,0.458486795425415,22.6774405250205,35.59699999999995,24.961,9.000383,69.513,5.254889999999997,4.32168293,0.687397,0.214951,0.105741,0.427226,3.135285,3.217235,1.212548,-1.99743087331125,Oceania
Vanuatu,VU,2016.0,76.8946822729941,18.70733382320201,2757.20330593386,81.0,69.65,15.399000000000022,13.8697381004542,0.489710420370102,23.2336341263331,33.09899999999994,25.062,9.003374,69.65,5.259649999999999,2.93130064,0.693318,0.214872,0.10613,0.42733,3.130135,3.2181,1.213489,2.18259585262859,Oceania
Vanuatu,VU,2017.0,77.0511803818703,18.70733382320201,3032.19702965604,85.0,69.71,15.299999999999972,13.6713327898574,0.67628401517868,23.8095980311731,35.70199999999994,25.163,9.002973,69.71,5.2857600000000025,2.76285458,0.698906,0.214734,0.106462,0.427419,3.122695,3.218816,1.213941,3.74544632653678,Oceania
"Venezuela, RB",VE,2001.0,62.2009590900966,41.22382101866604,4940.11390287807,70.0,71.201,29.99000000000001,22.9677982597517,0.337447881698608,28.2072478884417,13.998999999999997,87.85,8.842795,71.201,13.033069999999986,4.97810316,0.606053,0.202591,0.265211,0.772781,2.806135,2.847773,1.342251,1.51389760779388,Americas
"Venezuela, RB",VE,2002.0,61.2311382239931,35.99429013948095,3667.20019363107,65.0,72.662,29.900000000000055,22.6563107894885,-1.31789720058441,28.7182461311717,12.807999999999979,87.876,8.826925,72.662,16.170090000000016,4.97810316,0.60507,0.202354,0.264135,0.772324,2.803067,2.845685,1.33429,-10.4774248049001,Americas
"Venezuela, RB",VE,2003.0,60.2844968908312,32.22609713965504,3243.36880476351,68.0,71.94,27.40000000000005,22.2855786174018,-1.28644466400146,29.2296683861459,13.368000000000011,87.902,8.810987,71.94,16.77488999999998,4.97810316,0.605506,0.202128,0.263512,0.771921,2.798702,2.843727,1.325491,-9.36927636417151,Americas
"Venezuela, RB",VE,2004.0,59.3787450871961,29.303330778050036,4287.63157898613,86.0,72.514,28.198999999999973,21.9066339952536,-1.3915855884552,29.7340592936908,14.611999999999984,87.928,8.798967,72.514,15.064819999999987,4.97810316,0.605727,0.201974,0.263144,0.771648,2.795908,2.842259,1.318307,16.2800630043543,Americas
"Venezuela, RB",VE,2005.0,58.5495792597009,26.97885542421,5456.32242533255,87.0,72.782,27.20099999999998,21.5705091748058,-1.24433243274689,30.2350036845984,14.19700000000002,87.954,8.793697,72.782,10.662600000000007,4.97810316,0.606732,0.201954,0.262879,0.771561,2.793873,2.84141,1.315288,8.49012702071195,Americas
"Venezuela, RB",VE,2006.0,57.8053408057062,24.616900235151,6769.86841430715,71.0,72.742,30.79300000000004,21.2333827979616,-1.25286757946014,30.7262411427924,15.602999999999984,87.98,8.801796,72.742,8.607840000000003,4.97810316,0.606925,0.202257,0.264239,0.772015,2.79352,2.842557,1.320283,8.11556212465032,Americas
"Venezuela, RB",VE,2007.0,57.1464833051927,22.641792957799975,8369.23526829668,62.0,73.058,36.79900000000006,20.8599188179155,-1.2296701669693,31.2058239328836,16.593999999999976,88.006,8.826103,73.058,7.276669999999995,4.97810316,0.608181,0.202907,0.268341,0.773124,2.794814,2.846183,1.332553,7.08221307595991,Americas
"Venezuela, RB",VE,2008.0,56.5622527252833,22.641792957799975,11310.7781703527,50.0,72.436,37.69799999999995,20.5138774533666,-1.31243884563446,31.6692171645598,16.387000000000018,88.031,8.856265,72.436,6.230840000000003,4.97810316,0.609364,0.203701,0.272949,0.774557,2.797125,2.851054,1.347515,3.73739782559073,Americas
"Venezuela, RB",VE,2009.0,56.0422106585587,22.641792957799975,11641.7991472317,84.0,72.579,36.79900000000006,20.2590189230141,-1.27778947353363,32.1159707499575,16.19500000000002,88.057,8.885044,72.579,6.099799999999995,4.97810316,0.610901,0.204431,0.277657,0.775964,2.799687,2.855829,1.360575,-4.54882021047604,Americas
"Venezuela, RB",VE,2010.0,55.5825849499768,22.641792957799975,13692.9149666211,78.0,72.89,31.200999999999958,20.159103445557,-1.25623667240143,32.5548687716116,13.791999999999975,88.083,8.900459,72.89,7.1098099999999995,4.97810316,0.611652,0.20487,0.279424,0.776924,2.801683,2.858886,1.36702,-2.81689903503258,Americas
"Venezuela, RB",VE,2011.0,55.1627239910945,22.641792957799975,10877.1123638816,78.0,72.913,30.09699999999995,21.6871225595847,-1.09404599666595,32.9869723938552,14.792999999999976,88.108,8.909312,72.913,6.90168,4.97810316,0.614155,0.205073,0.280148,0.777476,2.803582,2.860414,1.368464,2.81179540130756,Americas
"Venezuela, RB",VE,2012.0,54.7642138004936,22.641792957799975,12937.9275972349,81.0,73.036,34.407000000000046,19.3045309881121,-1.02713263034821,33.4112873419874,13.791999999999975,88.123,8.919378,73.036,6.601270000000003,4.97810316,0.617297,0.205259,0.28096,0.778014,2.806173,2.861944,1.369731,4.28453388065289,Americas
"Venezuela, RB",VE,2013.0,54.3739753743727,22.641792957799975,12433.9807853398,82.0,73.196,35.41400000000006,19.9572583150196,-1.07763242721558,33.8280380930786,15.394000000000016,88.133,8.92863,73.196,7.540399999999994,4.97810316,0.621057,0.205421,0.281978,0.778534,2.807489,2.863431,1.37072,0.0945791076821791,Americas
"Venezuela, RB",VE,2014.0,53.9938475411203,22.641792957799975,15975.7293753361,78.0,72.853,34.489000000000004,19.2869938244399,-0.852002203464508,34.2307783005499,12.109000000000002,88.144,8.939997,72.853,6.818900000000011,4.97810316,0.62721,0.205533,0.28196,0.778961,2.810428,2.8646,1.371305,-5.02511141422512,Americas
"Venezuela, RB",VE,2015.0,53.6428903290535,22.641792957799975,7684.036788088331,87.0,73.006,34.90400000000006,19.2951554205004,-0.971670269966125,34.6122283317272,15.394000000000016,88.154,8.949281,73.006,6.138009999999997,4.97810316,0.633015,0.205603,0.282251,0.779347,2.811889,2.865676,1.3715,2.4317598360556225,Americas
"Venezuela, RB",VE,2016.0,53.4848513821641,22.641792957799975,7684.036788088331,84.0,72.058,35.596999999999944,18.8450274280702,-1.0229766368866,34.8522918201916,14.611999999999984,88.165,8.957206,72.058,5.31911,4.97810316,0.638995,0.205604,0.282376,0.77962,2.813069,2.866391,1.371151,2.4317598360556225,Americas
"Venezuela, RB",VE,2017.0,53.9379099534158,22.641792957799975,7684.036788088331,66.0,71.943,37.773000000000025,19.0801947101269,-1.25151371955872,34.6504540558925,14.29199999999998,88.183,8.965389,71.943,5.042640000000005,4.97810316,0.64577,0.205537,0.28269,0.779803,2.814584,2.866789,1.370216,2.4317598360556225,Americas
Zambia,ZM,2001.0,101.529549829405,18.21526717140598,401.732315892622,85.0,46.019,27.20099999999998,24.4325149072743,-0.255784124135971,13.710117165956,89.79800000000004,35.002,10.107593,46.019,13.417540000000006,4.82995701,0.51911,0.158028,0.114772,0.600812,3.513619,3.554227,1.647025,2.2083150209362,Africa
Zambia,ZM,2002.0,100.462875440074,18.44783715009999,399.099077873756,84.0,46.979,26.86600000000005,24.4508143185225,-0.274405479431152,14.1356407807477,89.59800000000016,35.475,10.101617,46.979,14.111620000000002,5.88845205,0.515144,0.158287,0.115395,0.601028,3.516777,3.553251,1.641735,1.36008141079502,Africa
Zambia,ZM,2003.0,99.5381411867374,18.44783715009999,452.2865820075,83.0,48.284,26.199999999999985,24.458855544603,0.218379899859428,14.5791213225898,89.34199999999996,35.951,10.094685,48.284,14.63146000000001,5.99553585,0.509988,0.158643,0.116228,0.601312,3.520455,3.552313,1.635746,3.69182765332936,Africa
Zambia,ZM,2004.0,98.689149884051,18.44783715009999,556.050051613635,83.0,49.487,25.900000000000045,24.4725512698311,0.190814405679703,15.0500275763731,89.39999999999985,36.43,10.091099,49.487,15.333329999999991,5.48490572,0.50497,0.159042,0.117239,0.601634,3.525425,3.55208,1.630709,3.6834162537273,Africa
Zambia,ZM,2005.0,97.8855864622505,18.44783715009999,720.446504729389,82.0,50.659,25.400000000000045,24.5078141785218,0.108463242650032,15.5569351215378,88.90899999999986,36.911,10.088712,50.659,15.902300000000002,6.33088684,0.501123,0.159418,0.118395,0.601931,3.526671,3.553015,1.628159,3.74143169004948,Africa
Zambia,ZM,2006.0,97.0593439753407,18.44783715009999,1065.59641685012,81.0,51.795,24.900000000000045,24.5785406011321,0.363792210817337,16.1040194245282,89.68799999999997,37.395,10.086224,51.795,13.228609999999989,5.5774231,0.499946,0.159909,0.120024,0.602243,3.521494,3.554633,1.627975,4.23799981855704,Africa
Zambia,ZM,2007.0,96.1974276805067,18.44783715009999,1133.43615831521,80.0,52.739,24.097999999999956,24.6949009149885,0.363629281520844,16.6831313307954,90.65800000000003,37.881,10.082227,52.739,10.566629999999998,4.57961416,0.497684,0.160608,0.122434,0.60261,3.514192,3.556244,1.628455,4.59126067988387,Africa
Zambia,ZM,2008.0,95.2844896495004,18.44783715009999,1393.51949098012,87.0,53.945,23.899000000000044,24.8672188747105,0.472572863101959,17.289667603815,89.79800000000004,38.371,10.078458,53.945,7.926729999999996,4.46690989,0.496888,0.161394,0.12447,0.603007,3.505341,3.558051,1.629307,3.99309571014803,Africa
Zambia,ZM,2009.0,94.3778635446538,18.44783715009999,1150.94174590972,94.0,55.3,23.799999999999997,25.1058182349176,0.569586157798767,17.9153432249559,89.19899999999996,38.861,10.077436,55.3,10.580160000000008,5.15718842,0.495905,0.162138,0.126889,0.603377,3.498901,3.560029,1.630197,5.40593589520428,Africa
Zambia,ZM,2010.0,93.5334111091871,18.44783715009999,1469.36145002684,83.0,56.799,23.59799999999996,25.4210227502292,0.515351355075836,18.5529614334333,89.19899999999996,39.355,10.081192,56.799,13.199730000000018,3.97471905,0.495711,0.162712,0.129023,0.603678,3.497006,3.562279,1.630783,6.50755325743155,Africa
Zambia,ZM,2011.0,92.8276531381873,18.44783715009999,1644.45683054452,81.0,57.771,20.70200000000003,26.565488543498,0.509773790836334,19.1902150957102,87.89999999999984,39.851,10.09208,57.771,10.555490000000011,3.95913363,0.497116,0.163169,0.13065,0.603947,3.500889,3.565105,1.631204,2.06359095213816,Africa
Zambia,ZM,2012.0,92.131607926717,18.44783715009999,1729.64747097057,78.0,58.867,20.400000000000038,26.8710302496189,0.660962522029877,19.8343507445621,85.39699999999986,40.354,10.112154,58.867,7.84606000000001,4.04541731,0.498005,0.163635,0.132962,0.60424,3.512903,3.568768,1.631641,4.10307416334138,Africa
Zambia,ZM,2013.0,91.3178119737888,18.44783715009999,1840.32055335789,79.0,59.878,20.400000000000038,25.6500160427317,0.435933291912079,20.4939210912173,85.33900000000001,40.865,10.138544,59.878,8.040129999999998,4.57390451,0.4998,0.164106,0.134708,0.604566,3.529947,3.573263,1.632154,1.6763959804818,Africa
Zambia,ZM,2014.0,90.3559805258118,18.44783715009999,1724.57621968232,86.0,60.699,20.597999999999967,26.0707378042456,0.156212016940117,21.1703049543308,84.59000000000015,41.382,10.172735,60.699,8.130059999999986,3.82924223,0.502691,0.164574,0.136878,0.604914,3.552409,3.578642,1.632627,1.34836928363444,Africa
Zambia,ZM,2015.0,89.2993112016585,18.44783715009999,1307.90964916032,90.0,61.208,20.899000000000036,25.6767422937407,0.144709780812263,21.8569391571046,84.0,41.907,10.209915,61.208,8.31406,4.42974281,0.505984,0.165027,0.139219,0.605266,3.576608,3.584914,1.632897,-0.312861216401132,Africa
Zambia,ZM,2016.0,88.1984278113832,18.44783715009999,1249.92314348406,95.0,61.794,21.202000000000027,26.1659103128843,0.132928282022476,22.5558065080241,84.0,42.438,10.25665,61.794,8.416890000000002,4.46923161,0.510889,0.165463,0.140713,0.605631,3.608843,3.592016,1.633095,0.540360376038933,Africa
Zambia,ZM,2017.0,87.0510229868315,18.44783715009999,1495.75213841021,94.0,62.12,20.597999999999967,23.7582824070397,0.142042592167854,23.2691507822274,83.49,42.976,10.305346,62.12,8.520260000000013,4.78156233,0.515972,0.165866,0.142768,0.605972,3.641811,3.599714,1.633243,0.352150840303551,Africa
Zimbabwe,ZW,2001.0,81.2524842181766,14.011254152011002,569.003208636604,75.0,41.957,29.70099999999997,20.306374682186,0.780917644500732,30.7896549050019,72.3320000000001,34.17,9.311407,41.957,5.313390000000003,4.97810316,0.741341,0.162513,0.140559,0.608099,3.072727,3.098659,1.487509,0.789790878088965,Africa
Zimbabwe,ZW,2002.0,80.8432753571403,14.011169558355993,529.186882814375,71.0,44.565,32.400000000000055,20.3291456921534,-1.51587021350861,30.980080134419,74.6969999999999,34.585,9.30361,44.565,5.007160000000002,4.97810316,0.733791,0.161932,0.138497,0.607692,3.080942,3.095492,1.485264,-9.45402465064808,Africa
Zimbabwe,ZW,2003.0,80.7874516510938,13.605477798612007,474.30220105818,68.0,43.393,33.70299999999995,20.3466312302663,-1.08758056163788,31.2157890655293,78.01100000000001,34.479,9.292935,43.393,4.736429999999994,4.97810316,0.724705,0.161206,0.135857,0.607226,3.089274,3.091844,1.482823,-17.6218409507347,Africa
Zimbabwe,ZW,2004.0,81.2676037443358,13.24516516846501,477.399491040164,65.0,44.502,34.799000000000056,20.3719713744954,-1.20470404624939,31.4356494765413,81.79800000000009,34.294,9.284055,44.502,4.387769999999993,4.97810316,0.718317,0.160441,0.132543,0.60683,3.096351,3.088682,1.480891,-6.46631853942672,Africa
Zimbabwe,ZW,2005.0,82.0476267062191,12.832859174586002,470.783761438779,68.0,44.768,35.30200000000004,20.4183062028115,-1.26764357089996,31.6007573995089,80.30900000000008,34.11,9.282486,44.768,4.626879999999994,4.97810316,0.716474,0.159742,0.12997,0.60663,3.102648,3.086927,1.480095,-6.20372528883229,Africa
Zimbabwe,ZW,2006.0,82.5791889038918,12.381296203647999,441.498796884795,70.0,45.364,36.498999999999995,20.4938743609955,-0.931996047496796,31.8740855628797,78.70199999999988,33.926,9.286913,45.364,4.762149999999996,4.97810316,0.720239,0.158873,0.126681,0.606588,3.10497,3.085964,1.483598,-4.28933673209353,Africa
Zimbabwe,ZW,2007.0,83.0316120130295,11.874959417129991,425.036841692684,73.0,45.61,36.57199999999996,20.6142726487272,-1.1103447675705,32.1844849424842,78.01100000000001,33.743,9.298938,45.61,4.998620000000008,4.97810316,0.729464,0.157715,0.123463,0.60659,3.104822,3.084816,1.492068,-4.58253069338502,Africa
Zimbabwe,ZW,2008.0,83.7604731430857,12.72601826801699,351.839100544391,75.0,46.723,37.48900000000001,20.8036783748251,-1.21233808994293,32.4424117875145,81.60000000000015,33.56,9.31265,46.723,5.372310000000002,4.97810316,0.739987,0.156553,0.119728,0.606656,3.103491,3.083928,1.502307,-18.3235027502688,Africa
Zimbabwe,ZW,2009.0,84.606836174569,13.518663778104983,762.297960300667,73.0,48.063,37.879000000000055,21.0862688481077,-1.16718089580536,32.7770712162337,82.54400000000005,33.378,9.327504,48.063,5.463939999999999,4.97810316,0.750769,0.15566,0.117229,0.606758,3.10252,3.083515,1.511053,10.8758213625899,Africa
Zimbabwe,ZW,2010.0,85.5645678660316,14.298796357624017,937.840339987372,89.0,50.652,37.57799999999995,21.4862213773936,-1.10401391983032,33.1905674033863,81.19799999999988,33.196,9.339408,50.652,5.4556600000000035,10.47583866,0.756577,0.155312,0.116347,0.606897,3.105459,3.083865,1.514951,19.9389815094808,Africa
Zimbabwe,ZW,2011.0,86.4004946721287,15.157906450163983,1082.61577325282,93.0,53.347,37.43600000000004,23.6162829422719,-0.945328533649445,33.6714101072767,77.1849999999999,33.015,9.348713,53.347,5.368100000000002,8.08288383,0.760148,0.155354,0.116226,0.607124,3.109526,3.085099,1.515236,12.983379744813,Africa
Zimbabwe,ZW,2012.0,86.7171219621573,16.001387101285985,1290.19395746702,95.0,55.626,37.28400000000003,23.5395278505031,-0.778662025928497,34.2906320279178,76.987,32.834,9.364363,55.626,5.055170000000005,6.91794872,0.763839,0.155465,0.116789,0.607495,3.118072,3.08721,1.515493,13.6547503940841,Africa
Zimbabwe,ZW,2013.0,86.445433226279,16.85211277729402,1408.36781031236,95.0,57.458,37.69799999999995,22.5984006943159,-0.665949761867523,35.0405118262893,79.329,32.654,9.381192,57.458,4.945790000000006,7.10940313,0.76628,0.15567,0.117248,0.607993,3.128192,3.090168,1.515641,0.988283015619089,Africa
Zimbabwe,ZW,2014.0,85.8755038521963,17.71735089029098,1407.03429109916,91.0,58.846,37.879000000000055,23.4292525344579,-0.713570177555084,35.8168618327517,80.79900000000012,32.504,9.401314,58.846,4.77271,8.13227272,0.768914,0.155993,0.118073,0.60861,3.14029,3.093964,1.51547,-0.715190165913654,Africa
Zimbabwe,ZW,2015.0,85.0833650306079,18.588155860938013,1410.32917348908,87.0,59.591,38.35999999999999,23.1038790684558,-0.619207262992859,36.5902468657102,80.79900000000012,32.385,9.426248,59.591,5.383269999999998,7.44982719,0.771802,0.156465,0.11947,0.609363,3.15571,3.098687,1.514751,-0.132759721781923,Africa
Zimbabwe,ZW,2016.0,84.1122158466628,17.623502528169976,1421.78779140568,90.0,60.306,39.76600000000003,22.5706982027694,-0.620809733867645,37.3599689802249,81.69399999999989,32.296,9.452773,60.306,5.888969999999993,7.46644735,0.772275,0.157111,0.121456,0.610234,3.174134,3.104294,1.513269,-1.1778926023423,Africa
Zimbabwe,ZW,2017.0,83.1012858088352,14.613170476485013,1192.10701198862,89.0,60.709,39.83199999999999,17.9977538099115,-0.710430860519409,38.1313196329327,81.99700000000001,32.237,9.480954,60.709,6.352139999999994,6.36358309,0.772648,0.157963,0.124443,0.611242,3.192789,3.110926,1.510943,1.97484556825425,Africa
