CountryName,CountryCode,Year,Total_Prevalence,EdV,TD,GS,Drug.use.disorders,Schizophrenia,Eating.disorders,Bipolar.disorder,Depression,Anxiety.disorders,Alcohol.use.disorders,PIB,gini
Aruba,ABW,2001,0.0,73.647,,,,,,,,,,2.35547658838486,
Aruba,ABW,2002,0.0,73.726,,,,,,,,,,-2.12134075854094,
Aruba,ABW,2003,0.0,73.752,,,,,,,,,,0.107045475684856,
Aruba,ABW,2004,0.0,73.576,,,,,,,,,,6.33136504069105,
Aruba,ABW,2005,0.0,73.811,,,,,,,,,,-1.37737685980383,
Aruba,ABW,2006,0.0,74.026,,,,,,,,,,-0.0604437235728597,
Aruba,ABW,2007,0.0,74.21,,,,,,,,,,1.83164041098551,
Aruba,ABW,2008,0.0,74.147,,,,,,,,,,0.579383197518354,
Aruba,ABW,2009,0.0,74.56,,,,,,,,,,-12.7602703628016,
Aruba,ABW,2010,0.0,75.404,,,,,,,,,,-3.82786413627674,
Aruba,ABW,2011,0.0,75.465,,,,,,,,,,2.402778495985,
Aruba,ABW,2012,0.0,75.531,,,,,,,,,,-1.83935814289944,
Aruba,ABW,2013,0.0,75.636,,,,,,,,,,5.63697075893145,
Aruba,ABW,2014,0.0,75.601,,,,,,,,,,-2.26486910646535,
Aruba,ABW,2015,0.0,75.683,,,,,,,,,,-1.25558861016762,
Aruba,ABW,2016,0.0,75.617,,,,,,,,,,1.12118295791952,
Aruba,ABW,2017,0.0,75.903,,,,,,,,,,6.47490862325166,
Aruba,ABW,2018,0.0,76.072,,,,,,,,,,1.87640143749557,
Aruba,ABW,2019,0.0,76.248,,,,,,,,,,-2.74340147976172,
Aruba,ABW,2020,0.0,75.723,,,,,,,,,,-24.0845698973944,
Aruba,ABW,2021,0.0,74.626,,,,,,,,,,27.6968645871847,
Aruba,ABW,2022,0.0,74.992,,,,,,,,,,10.5537860480283,
Aruba,ABW,2023,0.0,,,,,,,,,,,,
Afganistán,AFG,2001,0.0,55.798,7.958,,,,,,,,,-10.1019664254902,
Afganistán,AFG,2002,0.0,56.454,7.939,9.44339085,,,,,,,,20.5679634606166,
Afganistán,AFG,2003,0.0,57.344,7.922,8.94125843,,,,,,,,0.927029119446615,
Afganistán,AFG,2004,0.0,57.944,7.914,9.80847359,,,,,,,,-2.49725462645728,
Afganistán,AFG,2005,0.0,58.361,7.914,9.94828892,,,,,,,,7.32187384466143,
Afganistán,AFG,2006,0.0,58.684,7.918,10.62276554,,,,,,,,1.0849881970577,
Afganistán,AFG,2007,0.0,59.111,7.908,9.90467453,,,,,,,,11.8033826639966,
Afganistán,AFG,2008,0.0,59.852,7.92,10.25649548,,,,,,,,1.86475446412054,
Afganistán,AFG,2009,0.0,60.364,7.914,9.81848717,,,,,,,,17.1435343247272,
Afganistán,AFG,2010,0.0,60.851,7.914,8.56967163,,,,,,,,11.099219918376,
Afganistán,AFG,2011,0.0,61.419,7.916,8.56190777,,,,,,,,-3.21136430314944,
Afganistán,AFG,2012,0.0,61.923,7.909,7.89716864,,,,,,,,8.24714425590732,
Afganistán,AFG,2013,0.0,62.417,7.919,8.80596447,,,,,,,,2.00252214576113,
Afganistán,AFG,2014,0.0,62.545,7.915,9.52887821,,,,,,,,-0.964803330930579,
Afganistán,AFG,2015,0.0,62.659,9.011,10.10534763,,,,,,,,-1.66641641465459,
Afganistán,AFG,2016,0.0,63.136,10.1,11.81859016,,,,,,,,-0.345802495526272,
Afganistán,AFG,2017,0.0,63.016,11.184,12.62081718,,,,,,,,-0.253593781046973,
Afganistán,AFG,2018,0.0,63.081,11.206,14.20841885,,,,,,,,-1.68857659163658,
Afganistán,AFG,2019,0.0,63.565,11.224,14.83131981,,,,,,,,0.932833385632875,
Afganistán,AFG,2020,0.0,62.575,11.71,15.53361416,,,,,,,,-5.36466592959428,
Afganistán,AFG,2021,0.0,61.982,11.934,21.82794952,,,,,,,,-22.9669419945958,
Afganistán,AFG,2022,0.0,62.879,14.1,,,,,,,,,-8.58665190075376,
Afganistán,AFG,2023,0.0,,14.386,,,,,,,,,,
Angola,AGO,2001,10.286976,46.59,16.539,4.48351622,0.511646,0.164861,0.131597,0.61822,4.199636,3.243619,1.417397,0.838227322043267,
Angola,AGO,2002,10.274263999999999,47.386,16.342,3.32946134,0.508747,0.165061,0.132211,0.618586,4.196434,3.247947,1.405278,9.93730724887301,
Angola,AGO,2003,10.26315,49.617,16.37,3.54797316,0.505447,0.165326,0.13366,0.618957,4.194303,3.252181,1.393276,-0.466060748026067,
Angola,AGO,2004,10.254002,50.592,16.267,3.96719909,0.50353,0.16563,0.135232,0.619334,4.1902,3.256272,1.383804,7.12707656082286,
Angola,AGO,2005,10.249756000000001,51.57,16.268,2.85219526,0.501035,0.165951,0.137047,0.619708,4.18674,3.259866,1.379409,11.0095655732264,
Angola,AGO,2006,10.25285,52.369,16.121,2.68553543,0.500739,0.166511,0.139244,0.62017,4.183231,3.263339,1.379616,7.61421920316513,
Angola,AGO,2007,10.255906000000001,53.642,16.08,2.97439122,0.501078,0.167419,0.143384,0.620769,4.174493,3.267077,1.381686,9.93510870721505,
Angola,AGO,2008,10.262281,54.633,16.17,3.32290339,0.502118,0.168468,0.147989,0.621418,4.166877,3.270857,1.384554,7.16304601212539,42.7
Angola,AGO,2009,10.265547999999999,55.752,16.392,3.84260798,0.50214,0.169454,0.15257,0.622038,4.157654,3.274588,1.387104,-2.79728998355418,
Angola,AGO,2010,10.273659,56.726,16.598,2.69509959,0.503415,0.170158,0.156364,0.622503,4.155198,3.277828,1.388193,0.571220941127223,
Angola,AGO,2011,10.280561,57.596,16.77,2.64560771,0.503816,0.170636,0.159317,0.622816,4.15542,3.280661,1.387895,-0.345062435335691,
Angola,AGO,2012,10.287893,58.623,16.557,2.39574957,0.50566,0.171097,0.161691,0.623105,4.155512,3.283533,1.387295,4.53805378017384,
Angola,AGO,2013,10.29823,59.307,16.487,2.73282695,0.507611,0.171531,0.164602,0.623366,4.158336,3.286419,1.386365,1.10633103462652,
Angola,AGO,2014,10.303745,60.04,16.401,2.43412876,0.510054,0.171928,0.167412,0.623583,4.156468,3.289271,1.385029,1.03072911796671,
Angola,AGO,2015,10.312293,60.655,16.491,2.60579467,0.513006,0.172277,0.169554,0.623748,4.158484,3.291955,1.383269,-2.64297533030704,
Angola,AGO,2016,10.318229000000002,61.092,16.58,2.71314979,0.516244,0.17257,0.172163,0.623859,4.157841,3.294534,1.381018,-6.01189077751143,
Angola,AGO,2017,10.325531,61.68,16.617,2.79383755,0.519556,0.172794,0.173643,0.623904,4.160484,3.296906,1.378244,-3.63069503801748,
Angola,AGO,2018,0.0,62.144,16.599,2.58879566,,,,,,,,-4.67666958432599,51.3
Angola,AGO,2019,0.0,62.448,16.497,2.47517991,,,,,,,,-4.01711416103254,
Angola,AGO,2020,0.0,62.261,16.676,3.22070646,,,,,,,,-8.67243212911843,
Angola,AGO,2021,0.0,61.643,15.799,2.96010613,,,,,,,,-1.95459800636894,
Angola,AGO,2022,0.0,61.929,14.693,,,,,,,,,-0.096754729759283,
Angola,AGO,2023,0.0,,14.62,,,,,,,,,-2.15507737793473,
Albania,ALB,2001,8.747091000000001,75.639,18.57,5.92584515,0.492592,0.194812,0.134932,0.698912,2.201979,3.364824,1.65904,9.31439713939355,
Albania,ALB,2002,8.775866,75.89,17.891,5.66464472,0.493751,0.195214,0.137541,0.699501,2.208921,3.37078,1.670158,4.85047533419143,31.7
Albania,ALB,2003,8.808502,76.142,16.985,5.91140795,0.494039,0.195677,0.140335,0.700114,2.216283,3.376952,1.685102,5.9242115424577,
Albania,ALB,2004,8.841429,76.376,16.306,5.89364862,0.495812,0.196139,0.143047,0.700683,2.222116,3.382199,1.701433,5.9565695961824,
Albania,ALB,2005,8.866323,76.621,15.966,5.72954512,0.497503,0.196538,0.145738,0.701136,2.223407,3.385416,1.716585,6.06788243935723,30.6
Albania,ALB,2006,8.891888999999999,76.816,15.626,5.63177013,0.497997,0.197004,0.148561,0.701533,2.222417,3.38721,1.737167,6.57292298236362,
Albania,ALB,2007,8.921781,77.549,15.966,5.92609119,0.497442,0.197636,0.1517,0.701983,2.217203,3.388914,1.766903,6.78722893588666,
Albania,ALB,2008,8.952343,77.653,13.06,5.50900269,0.497332,0.198306,0.154945,0.7024,2.210642,3.390168,1.79855,8.3281084229243,30.0
Albania,ALB,2009,8.979756,77.781,13.674,5.82603931,0.498324,0.198905,0.157738,0.702783,2.206033,3.391018,1.824955,4.05313986380152,
Albania,ALB,2010,8.996133,77.936,14.086,6.23667669,0.50027,0.199308,0.160337,0.703064,2.203342,3.391246,1.838566,4.22308382721044,
Albania,ALB,2011,9.004752,78.092,13.481,6.18297672,0.502703,0.199588,0.16242,0.703313,2.202291,3.391181,1.843256,2.82164245514005,
Albania,ALB,2012,9.014843,78.064,13.376,6.15746212,0.505621,0.199863,0.165446,0.703539,2.202192,3.390807,1.847375,1.58487281451019,29.0
Albania,ALB,2013,9.022699,78.123,15.866,6.28286266,0.508049,0.200134,0.167105,0.70376,2.203098,3.390195,1.850358,1.18723435286199,
Albania,ALB,2014,9.028381,78.407,18.055,6.43451118,0.510089,0.200392,0.16941,0.70397,2.203684,3.389319,1.851517,1.98538809180384,34.6
Albania,ALB,2015,9.031962,78.644,17.193,6.46411896,0.513158,0.20063,0.171095,0.704161,2.204454,3.388212,1.850252,2.51682705417127,32.8
Albania,ALB,2016,9.032213,78.86,15.418,6.7293272,0.515036,0.200845,0.172627,0.704335,2.206507,3.386891,1.845972,3.48029321671386,33.7
Albania,ALB,2017,9.028779,79.047,13.616,6.57848787,0.517614,0.201025,0.174046,0.70448,2.208414,3.385245,1.837955,3.89811226746693,33.1
Albania,ALB,2018,0.0,79.184,12.304,6.66844559,,,,,,,,4.27631155105293,30.1
Albania,ALB,2019,0.0,79.282,11.466,6.86214113,,,,,,,,2.52354084280566,30.1
Albania,ALB,2020,0.0,76.989,12.79,7.51920271,,,,,,,,-2.74523867757104,29.4
Albania,ALB,2021,0.0,76.463,12.473,7.26731825,,,,,,,,9.92271370805365,
Albania,ALB,2022,0.0,76.833,11.588,,,,,,,,,6.13901678987099,
Albania,ALB,2023,0.0,,11.584,,,,,,,,,4.63391022678763,
Andorra,AND,2001,12.987052,,,5.85823727,0.878851,0.263837,0.616896,0.968632,3.751206,5.288346,1.219284,5.37253298925349,
Andorra,AND,2002,12.997741999999999,,,5.99621153,0.883199,0.264077,0.625135,0.966866,3.747052,5.290164,1.221249,0.0767023575421746,
Andorra,AND,2003,13.001774,,,5.54771519,0.888697,0.264441,0.633605,0.964068,3.738333,5.287217,1.225413,4.19683709369501,
Andorra,AND,2004,13.000429,,,5.28846931,0.894415,0.264816,0.637793,0.961461,3.728831,5.281307,1.231806,3.88238377731496,
Andorra,AND,2005,13.004956,,,5.59476948,0.897551,0.264998,0.640784,0.960683,3.724533,5.281091,1.235316,1.57804021890526,
Andorra,AND,2006,13.003120000000001,,,4.96530008,0.900519,0.265012,0.641946,0.960506,3.7182,5.276254,1.240683,4.29262143453559,
Andorra,AND,2007,13.003196,,,4.92347288,0.901852,0.264885,0.64346,0.96058,3.711485,5.275007,1.245927,4.22037542039897,
Andorra,AND,2008,13.008821999999999,,,5.67066383,0.90168,0.264692,0.645572,0.960907,3.70869,5.278367,1.248914,-2.93538202686689,
Andorra,AND,2009,13.017332999999999,,,6.08094168,0.901957,0.264457,0.647337,0.961373,3.707962,5.283986,1.250261,-2.47803707231481,
Andorra,AND,2010,13.022661,,,7.67537737,0.90163,0.264305,0.64824,0.961726,3.708797,5.287139,1.250824,1.2226877027027,
Andorra,AND,2011,13.057548,,,7.62060833,0.898473,0.264054,0.652492,0.963822,3.725281,5.310743,1.242683,1.34089389241103,
Andorra,AND,2012,13.062591,,,6.71083689,0.900336,0.264009,0.651261,0.963906,3.725932,5.311803,1.245344,-5.57125554315211,
Andorra,AND,2013,13.067478,,,6.79964209,0.900576,0.263869,0.651222,0.964152,3.727589,5.314755,1.245315,-4.02602703426984,
Andorra,AND,2014,13.071883,,,6.77308035,0.903323,0.263791,0.649979,0.96396,3.728379,5.313837,1.248614,2.14093898224779,
Andorra,AND,2015,13.070567,,,6.91586447,0.905575,0.263713,0.647221,0.963754,3.727885,5.310493,1.251926,1.25741601269149,
Andorra,AND,2016,13.068757,,,6.90521765,0.907981,0.263603,0.645775,0.963614,3.726825,5.307073,1.253886,2.57450458774666,
Andorra,AND,2017,13.072425,,,7.07142639,0.910066,0.263512,0.644559,0.963331,3.729532,5.305375,1.25605,-1.41657902035861,
Andorra,AND,2018,0.0,,,7.37541723,,,,,,,,-0.0038702955573626,
Andorra,AND,2019,0.0,,,7.323246,,,,,,,,0.238296569502523,
Andorra,AND,2020,0.0,,,8.78673935,,,,,,,,-12.7350775611172,
Andorra,AND,2021,0.0,,,8.33449364,,,,,,,,6.45944053180018,
Andorra,AND,2022,0.0,,,,,,,,,,,8.47946950517637,
Andorra,AND,2023,0.0,,,,,,,,,,,1.10978626087415,
El mundo árabe,ARB,2001,0.0,67.6316805976471,12.2299017476608,4.22015223246902,,,,,,,,-0.554578732122906,
El mundo árabe,ARB,2002,0.0,67.9355701632582,12.2566835705802,4.19864350714545,,,,,,,,-1.51649838860114,
El mundo árabe,ARB,2003,0.0,67.8590028335005,12.2216181002777,3.99963138635952,,,,,,,,2.62889512597044,
El mundo árabe,ARB,2004,0.0,67.8959120441891,11.244035807321,3.72418118259349,,,,,,,,6.55238970192799,
El mundo árabe,ARB,2005,0.0,68.1626821796793,11.0658082803209,3.43001935436476,,,,,,,,3.06179055511903,
El mundo árabe,ARB,2006,0.0,68.5672496118008,10.3591076224849,3.42231718896699,,,,,,,,3.53530422532673,
El mundo árabe,ARB,2007,0.0,68.9286803660228,9.97140036990382,3.53926123859453,,,,,,,,1.77186616156139,
El mundo árabe,ARB,2008,0.0,69.2864272940476,9.68211718964888,3.37153795402205,,,,,,,,2.76994674772479,
El mundo árabe,ARB,2009,0.0,69.8126377043771,9.31390303633026,4.3148965679849,,,,,,,,-2.16611086345539,
El mundo árabe,ARB,2010,0.0,70.0412535714543,9.39330446637179,3.92696618902756,,,,,,,,2.3201633517109,
El mundo árabe,ARB,2011,0.0,70.2615198130023,10.4877382596295,3.82429168006582,,,,,,,,1.36890914014187,
El mundo árabe,ARB,2012,0.0,70.1804605984523,10.8888490515384,3.90377549730874,,,,,,,,2.78627840189665,
El mundo árabe,ARB,2013,0.0,70.1965137101308,10.9000631901875,4.14918483412865,,,,,,,,0.215234153461893,
El mundo árabe,ARB,2014,0.0,70.4926288711295,10.9400026753672,4.49541487470763,,,,,,,,0.121729620391491,
El mundo árabe,ARB,2015,0.0,70.7582222288211,11.0704528945073,4.99446980508747,,,,,,,,1.20560162889988,
El mundo árabe,ARB,2016,0.0,70.9430622781923,10.8073210701761,5.27336689288659,,,,,,,,1.46876297216284,
El mundo árabe,ARB,2017,0.0,71.4295960025113,11.0687158153229,5.17279423676412,,,,,,,,-0.546156389633495,
El mundo árabe,ARB,2018,0.0,71.6330166549463,10.5986007596487,4.85829799207426,,,,,,,,0.516143648979977,
El mundo árabe,ARB,2019,0.0,71.8446260250446,10.1413306101718,4.954509067459,,,,,,,,-0.383662261131519,
El mundo árabe,ARB,2020,0.0,70.9233595872331,11.2313838426467,5.75021150032859,,,,,,,,-7.03520640006604,
El mundo árabe,ARB,2021,0.0,70.814483021063,10.7832971150998,5.32765679774675,,,,,,,,3.43750953960551,
El mundo árabe,ARB,2022,0.0,71.2272744547437,9.86965632118725,,,,,,,,,3.9344098764644,
El mundo árabe,ARB,2023,0.0,,9.87831825553502,,,,,,,,,-0.90150319773899,
Emiratos Árabes Unidos,ARE,2001,0.0,74.636,2.442,2.48437047,,,,,,,,-3.85155414029219,
Emiratos Árabes Unidos,ARE,2002,0.0,74.901,2.657,2.71770859,,,,,,,,-2.6254716946755,
Emiratos Árabes Unidos,ARE,2003,0.0,76.222,2.902,2.64634395,,,,,,,,3.67104716915185,
Emiratos Árabes Unidos,ARE,2004,0.0,76.453,2.964,2.46204329,,,,,,,,4.63057627485878,
Emiratos Árabes Unidos,ARE,2005,0.0,76.683,3.12,2.32019687,,,,,,,,-2.19042061348135,
Emiratos Árabes Unidos,ARE,2006,0.0,76.909,2.959,2.3254137,,,,,,,,-4.0177153998841,
Emiratos Árabes Unidos,ARE,2007,0.0,77.129,2.925,2.56569624,,,,,,,,-13.9233874028399,
Emiratos Árabes Unidos,ARE,2008,0.0,77.488,2.805,2.92847514,,,,,,,,-13.2874275628736,
Emiratos Árabes Unidos,ARE,2009,0.0,78.003,2.919,4.04999304,,,,,,,,-17.1453938978903,
Emiratos Árabes Unidos,ARE,2010,0.0,78.334,2.789,3.87873054,,,,,,,,-4.25638586460721,
Emiratos Árabes Unidos,ARE,2011,0.0,78.517,2.568,3.67006993,,,,,,,,5.05880871149738,
Emiratos Árabes Unidos,ARE,2012,0.0,78.716,2.266,3.33596373,,,,,,,,0.769638847038152,
Emiratos Árabes Unidos,ARE,2013,0.0,78.853,2.074,3.50222182,,,,,,,,4.01269214543069,32.5
Emiratos Árabes Unidos,ARE,2014,0.0,79.044,1.962,3.53405499,,,,,,,,3.17420248692079,
Emiratos Árabes Unidos,ARE,2015,0.0,79.223,1.792,3.46609354,,,,,,,,5.81735787132587,
Emiratos Árabes Unidos,ARE,2016,0.0,79.335,1.64,3.89580107,,,,,,,,4.65350539500164,
Emiratos Árabes Unidos,ARE,2017,0.0,79.504,2.462,4.00854969,,,,,,,,-0.0873260713745054,
Emiratos Árabes Unidos,ARE,2018,0.0,79.627,2.236,4.09854221,,,,,,,,0.517239888701809,26.4
Emiratos Árabes Unidos,ARE,2019,0.0,79.726,2.331,4.38618946,,,,,,,,0.323686526806853,
Emiratos Árabes Unidos,ARE,2020,0.0,78.946,4.294,5.82477045,,,,,,,,-5.73104452161624,
Emiratos Árabes Unidos,ARE,2021,0.0,78.71,3.105,5.30695152,,,,,,,,3.48721466285863,
Emiratos Árabes Unidos,ARE,2022,0.0,79.196,2.873,,,,,,,,,6.98241746623059,
Emiratos Árabes Unidos,ARE,2023,0.0,,2.706,,,,,,,,,2.5808960718624,
Argentina,ARG,2001,14.383595,74.186,17.32,8.37179852,0.908681,0.196427,0.365304,0.764885,3.658839,6.225155,2.264304,-5.45379697848054,53.3
Argentina,ARG,2002,14.400760000000002,74.408,19.59,7.3933115,0.915157,0.196497,0.364991,0.766416,3.658971,6.235853,2.262875,-11.8459503938227,53.8
Argentina,ARG,2003,14.416569,74.08,15.36,6.89451647,0.923671,0.196518,0.363373,0.768016,3.658181,6.247079,2.259731,7.71922963663721,51.0
Argentina,ARG,2004,14.428431000000002,74.855,13.522,7.22868252,0.932659,0.196537,0.362547,0.769343,3.657002,6.256249,2.254094,7.92815705080419,48.5
Argentina,ARG,2005,14.427837,75.139,11.506,7.61078882,0.937196,0.196588,0.362843,0.770011,3.655549,6.260736,2.244914,7.73249699851691,47.8
Argentina,ARG,2006,14.383543999999999,75.433,10.078,7.64032793,0.941133,0.196713,0.364132,0.770185,3.653175,6.261819,2.196387,6.93498173764449,46.4
Argentina,ARG,2007,14.291526000000001,75.006,8.47,7.83455086,0.944449,0.19693,0.367761,0.770414,3.651586,6.263549,2.096837,7.91621057164458,46.3
Argentina,ARG,2008,14.184669,75.641,7.837,8.1826973,0.94799,0.19718,0.372471,0.770661,3.649862,6.265572,1.980933,3.02978540664043,45.0
Argentina,ARG,2009,14.095374999999999,75.936,8.645,9.45599556,0.950796,0.1974,0.378055,0.770877,3.64756,6.267259,1.883428,-6.86795522506981,43.8
Argentina,ARG,2010,14.060661,75.721,7.714,9.44546413,0.955035,0.197541,0.381185,0.771084,3.64793,6.268718,1.839168,9.84429639847724,43.7
Argentina,ARG,2011,14.062195,76.124,7.18,9.41819859,0.958496,0.197617,0.384078,0.771251,3.647499,6.269782,1.833472,4.78868313859435,42.7
Argentina,ARG,2012,14.070497999999999,76.467,7.217,9.82726669,0.964145,0.197711,0.388199,0.771522,3.648385,6.271653,1.828883,-2.14528444981812,41.4
Argentina,ARG,2013,14.081774,76.491,7.1,9.78097916,0.971257,0.197801,0.390826,0.771821,3.651044,6.273679,1.825346,1.26568517537076,41.1
Argentina,ARG,2014,14.097541,76.755,7.268,9.67129993,0.979329,0.197892,0.394867,0.772175,3.654178,6.27602,1.82308,-3.57858050983289,41.8
Argentina,ARG,2015,14.114935000000001,76.76,7.58,10.22933674,0.987998,0.197978,0.397998,0.772568,3.657683,6.278538,1.822172,1.62966427946263,
Argentina,ARG,2016,14.136014000000001,76.308,8.083,9.85558891,0.999099,0.198042,0.401108,0.772948,3.661312,6.280932,1.822573,-3.11006389821465,42.3
Argentina,ARG,2017,14.158085,76.833,8.347,10.23174763,1.008901,0.198094,0.404033,0.773376,3.665488,6.283678,1.824515,1.75764818265694,41.4
Argentina,ARG,2018,0.0,76.999,9.221,10.29146862,,,,,,,,-3.60160975657155,41.7
Argentina,ARG,2019,0.0,77.284,9.843,10.04194355,,,,,,,,-2.96956249866219,43.3
Argentina,ARG,2020,0.0,75.892,11.461,10.34701538,,,,,,,,-10.7702732277494,42.7
Argentina,ARG,2021,0.0,75.39,8.736,9.70880699,,,,,,,,9.67392093465429,42.4
Argentina,ARG,2022,0.0,76.064,6.805,,,,,,,,,3.98913108450517,40.7
Argentina,ARG,2023,0.0,,6.178,,,,,,,,,-2.4362511141417,
Armenia,ARM,2001,8.767699,70.932,10.995,4.65,0.446004,0.189543,0.122517,0.713487,2.65792,2.587215,2.051013,10.8379761719997,35.4
Armenia,ARM,2002,8.745987,71.018,10.872,7.61,0.449122,0.190061,0.124967,0.71383,2.66634,2.588446,2.013221,14.2242928485335,34.8
Armenia,ARM,2003,8.726625,71.436,10.757,7.18,0.452977,0.190729,0.12843,0.714248,2.677003,2.590006,1.973232,14.7738362754582,33.0
Armenia,ARM,2004,8.711371,71.421,10.666,6.06,0.456119,0.191403,0.131622,0.714622,2.685217,2.591216,1.941172,11.161649451067,37.5
Armenia,ARM,2005,8.712036999999999,71.792,10.577,5.86,0.458584,0.19195,0.135408,0.714894,2.692555,2.591655,1.926991,14.5914558579391,36.0
Armenia,ARM,2006,8.730608,71.987,10.491,5.85,0.461324,0.192447,0.139445,0.715053,2.698772,2.591272,1.932295,13.976488640084,29.7
Armenia,ARM,2007,8.758344000000001,72.327,10.394,5.5,0.46485,0.193018,0.143598,0.715133,2.703805,2.590272,1.947668,14.5361003719158,31.2
Armenia,ARM,2008,8.788947,72.398,10.657,6.64,0.468274,0.193609,0.148043,0.715228,2.707865,2.589342,1.966586,7.65145505823371,29.2
Armenia,ARM,2009,8.818022000000001,72.813,10.993,8.44,0.473199,0.194143,0.152224,0.715319,2.71182,2.588416,1.982901,-13.5457916827765,28.0
Armenia,ARM,2010,8.834106,73.16,11.279,9.24,0.476499,0.194563,0.155273,0.715466,2.714179,2.587831,1.990295,2.82448188304339,30.0
Armenia,ARM,2011,8.844498,73.305,11.534,9.38,0.479967,0.194915,0.15735,0.715654,2.718093,2.587683,1.990836,5.3190183518382,29.4
Armenia,ARM,2012,8.855034999999999,73.454,11.704,9.13,0.484004,0.195292,0.159679,0.71587,2.72184,2.587737,1.990613,7.7353708344903,29.6
Armenia,ARM,2013,8.866017,73.676,11.948,10.32,0.488026,0.19569,0.162291,0.716129,2.726631,2.588201,1.989049,3.76412964842652,30.6
Armenia,ARM,2014,8.8766,74.058,12.201,10.18,0.491349,0.196101,0.163623,0.716426,2.734193,2.588934,1.985974,4.01064593319273,31.5
Armenia,ARM,2015,8.885902,74.436,12.468,10.12,0.496236,0.196525,0.164968,0.716774,2.740289,2.589917,1.981193,3.60636907832207,32.4
Armenia,ARM,2016,8.893248,74.664,12.732,9.95,0.499895,0.196949,0.166348,0.717166,2.747315,2.591219,1.974356,0.646135942752821,32.5
Armenia,ARM,2017,8.898747,74.906,12.968,10.36,0.50436,0.197365,0.167047,0.717591,2.754583,2.592813,1.964988,8.02439704883481,33.6
Armenia,ARM,2018,0.0,75.064,13.212,10.01,,,,,,,,5.76988214903176,34.4
Armenia,ARM,2019,0.0,75.439,12.2,11.38,,,,,,,,8.20864949959488,30.0
Armenia,ARM,2020,0.0,72.173,12.18,12.24,,,,,,,,-6.70404931756727,25.1
Armenia,ARM,2021,0.0,72.043,10.012,12.34,,,,,,,,6.35474440171846,27.9
Armenia,ARM,2022,0.0,73.372,8.608,,,,,,,,,13.0254185172993,27.9
Armenia,ARM,2023,0.0,,8.586,,,,,,,,,8.7977841013402,
Samoa Americana,ASM,2001,0.0,,,,,,,,,,,,
Samoa Americana,ASM,2002,0.0,,,,,,,,,,,,
Samoa Americana,ASM,2003,0.0,,,,,,,,,,,1.37676078341285,
Samoa Americana,ASM,2004,0.0,,,,,,,,,,,0.958704603397948,
Samoa Americana,ASM,2005,0.0,,,,,,,,,,,0.238921012915611,
Samoa Americana,ASM,2006,0.0,,,,,,,,,,,-3.39475237932344,
Samoa Americana,ASM,2007,0.0,,,,,,,,,,,2.67197034041648,
Samoa Americana,ASM,2008,0.0,,,,,,,,,,,-1.80045000177043,
Samoa Americana,ASM,2009,0.0,,,,,,,,,,,-3.25794109501621,
Samoa Americana,ASM,2010,0.0,,,,,,,,,,,1.24526425733148,
Samoa Americana,ASM,2011,0.0,,,,,,,,,,,0.992450745719012,
Samoa Americana,ASM,2012,0.0,,,,,,,,,,,-3.2319106405226,
Samoa Americana,ASM,2013,0.0,,,,,,,,,,,-1.21950183979621,
Samoa Americana,ASM,2014,0.0,,,,,,,,,,,3.27902164193507,
Samoa Americana,ASM,2015,0.0,,,,,,,,,,,4.85444230115995,
Samoa Americana,ASM,2016,0.0,,,,,,,,,,,0.113644342114497,
Samoa Americana,ASM,2017,0.0,,,,,,,,,,,-5.13533988577697,
Samoa Americana,ASM,2018,0.0,,,,,,,,,,,4.87406112450759,
Samoa Americana,ASM,2019,0.0,,,,,,,,,,,1.83171396600592,
Samoa Americana,ASM,2020,0.0,,,,,,,,,,,6.97068820816773,
Samoa Americana,ASM,2021,0.0,,,,,,,,,,,1.75992833256275,
Samoa Americana,ASM,2022,0.0,,,,,,,,,,,3.48601710593883,
Samoa Americana,ASM,2023,0.0,,,,,,,,,,,,
Antigua y Barbuda,ATG,2001,0.0,75.078,,5.43839121,,,,,,,,-6.00085609001333,
Antigua y Barbuda,ATG,2002,0.0,75.536,,5.28793621,,,,,,,,-0.255328034775928,
Antigua y Barbuda,ATG,2003,0.0,75.478,,5.58143282,,,,,,,,4.88128064692248,
Antigua y Barbuda,ATG,2004,0.0,75.672,,5.11667967,,,,,,,,4.60645125938566,
Antigua y Barbuda,ATG,2005,0.0,75.825,,4.99094057,,,,,,,,5.23679396885261,
Antigua y Barbuda,ATG,2006,0.0,75.765,,4.63050652,,,,,,,,11.2785246659748,
Antigua y Barbuda,ATG,2007,0.0,76.131,,4.44609547,,,,,,,,7.8212014922653,
Antigua y Barbuda,ATG,2008,0.0,76.41,,4.20027018,,,,,,,,-1.49726433051545,
Antigua y Barbuda,ATG,2009,0.0,76.669,,4.17732763,,,,,,,,-13.2991327606444,
Antigua y Barbuda,ATG,2010,0.0,76.82,,5.37907028,,,,,,,,-9.08901236911642,
Antigua y Barbuda,ATG,2011,0.0,77.104,,5.44257212,,,,,,,,-3.12758899043043,
Antigua y Barbuda,ATG,2012,0.0,77.35,,5.47921467,,,,,,,,2.25862431884305,
Antigua y Barbuda,ATG,2013,0.0,77.583,,5.50909233,,,,,,,,-1.52510403508711,
Antigua y Barbuda,ATG,2014,0.0,77.858,,5.87269926,,,,,,,,1.36499745689306,
Antigua y Barbuda,ATG,2015,0.0,77.913,,5.27965546,,,,,,,,0.64998030083656,
Antigua y Barbuda,ATG,2016,0.0,78.152,,5.12190151,,,,,,,,3.38365147656022,
Antigua y Barbuda,ATG,2017,0.0,78.268,,4.87493944,,,,,,,,1.83923575708408,
Antigua y Barbuda,ATG,2018,0.0,78.511,,4.84869289,,,,,,,,6.36137519410356,
Antigua y Barbuda,ATG,2019,0.0,78.691,,4.37567186,,,,,,,,2.55090143294055,
Antigua y Barbuda,ATG,2020,0.0,78.841,,5.92146206,,,,,,,,-19.3592520649756,
Antigua y Barbuda,ATG,2021,0.0,78.497,,5.85133028,,,,,,,,7.54757506029713,
Antigua y Barbuda,ATG,2022,0.0,79.236,,,,,,,,,,8.88099661380551,
Antigua y Barbuda,ATG,2023,0.0,,,,,,,,,,,3.27275073403651,
Australia,AUS,2001,17.464339000000002,79.6341463414634,6.747,7.67809916,2.360694,0.364995,0.808347,1.145961,4.823557,6.417576,1.543209,0.723531156716689,33.5
Australia,AUS,2002,17.500685999999998,79.9365853658537,6.375,7.87627029,2.297017,0.365602,0.828231,1.147003,4.854392,6.49112,1.517321,2.80352716038983,
Australia,AUS,2003,17.537703,80.2390243902439,5.933,7.88087225,2.215742,0.366274,0.850376,1.148158,4.892317,6.578489,1.486347,1.91173867643482,33.5
Australia,AUS,2004,17.557364,80.490243902439,5.399,8.08708572,2.137957,0.366824,0.87044,1.149127,4.920486,6.652206,1.460324,3.11589344319816,33.1
Australia,AUS,2005,17.550653,80.8414634146341,5.036,7.97029352,2.08648,0.367078,0.884259,1.149604,4.929038,6.684743,1.449451,1.90606523763795,
Australia,AUS,2006,17.528314,81.0414634146342,4.785,7.97702456,2.05673,0.366969,0.896383,1.1497,4.923528,6.681046,1.453958,1.37798003366018,
Australia,AUS,2007,17.489929,81.2926829268293,4.381,8.05496502,2.027429,0.366635,0.90658,1.149731,4.906827,6.6679,1.464827,1.89670839165348,
Australia,AUS,2008,17.446365,81.3951219512195,4.242,8.24855137,2.003808,0.366204,0.915572,1.149689,4.882334,6.650491,1.478267,1.53111186781014,35.4
Australia,AUS,2009,17.413425000000004,81.5439024390244,5.565,8.54473877,1.991759,0.365813,0.923455,1.149596,4.857927,6.63435,1.490525,-0.185773152884209,
Australia,AUS,2010,17.392921,81.6951219512195,5.214,8.42025661,1.993151,0.365598,0.928043,1.149425,4.83422,6.624617,1.497867,0.648500068252503,34.7
Australia,AUS,2011,17.38859,81.8951219512195,5.083,8.53744984,2.007703,0.365464,0.931935,1.149079,4.813622,6.619503,1.501284,0.995812001601593,
Australia,AUS,2012,17.390401,82.0463414634146,5.225,8.67456913,2.032422,0.365245,0.93576,1.148473,4.79008,6.614107,1.504314,2.11992606815087,
Australia,AUS,2013,17.395294,82.1487804878049,5.663,8.75058746,2.068835,0.364942,0.939176,1.147593,4.759686,6.608198,1.506864,0.85530140286312,
Australia,AUS,2014,17.409199,82.3,6.078,9.83354282,2.114377,0.364577,0.941661,1.146475,4.731142,6.602041,1.508926,1.08830078150544,34.4
Australia,AUS,2015,17.426032,82.4,6.055,10.18225861,2.170634,0.364163,0.943206,1.14513,4.696774,6.595691,1.510434,0.741438843604087,
Australia,AUS,2016,17.449640000000002,82.4487804878049,5.711,10.09288597,2.237198,0.363743,0.943991,1.143669,4.659817,6.589757,1.511465,1.18626585064179,33.7
Australia,AUS,2017,17.483763,82.5,5.592,10.12281322,2.315142,0.363326,0.943081,1.142097,4.623881,6.584301,1.511935,0.647495218504773,
Australia,AUS,2018,0.0,82.7487804878049,5.3,10.05971909,,,,,,,,1.37834535331957,34.3
Australia,AUS,2019,0.0,82.9,5.159,10.21965981,,,,,,,,0.682490945150491,
Australia,AUS,2020,0.0,83.2,6.456,10.6837368,,,,,,,,-1.55643630102695,
Australia,AUS,2021,0.0,83.3,5.116,10.54363918,,,,,,,,1.96806164574946,
Australia,AUS,2022,0.0,83.2,3.701,,,,,,,,,2.95032558403243,
Australia,AUS,2023,0.0,,3.667,,,,,,,,,0.603284935712949,
Austria,AUT,2001,13.389775,78.5756097560976,4.012,9.27,0.852695,0.256435,0.614003,0.946855,3.448805,5.361798,1.909184,0.88025909788611,
Austria,AUT,2002,13.384048,78.6780487804878,4.86,9.39,0.858791,0.256481,0.620672,0.945072,3.425174,5.360812,1.917046,1.15267633135774,
Austria,AUT,2003,13.377574000000001,78.6317073170732,4.785,9.55,0.865535,0.256543,0.62644,0.942933,3.402713,5.359733,1.923677,0.450946527234535,29.5
Austria,AUT,2004,13.371362,79.1804878048781,5.969,9.71,0.872562,0.256582,0.633218,0.941062,3.380487,5.358172,1.929279,2.09971116889712,29.8
Austria,AUT,2005,13.366948,79.3317073170732,5.682,9.63,0.878865,0.256589,0.638828,0.940236,3.361613,5.356742,1.934075,1.54987731693588,28.7
Austria,AUT,2006,13.366983,79.8804878048781,5.32,9.53,0.886143,0.256528,0.644815,0.940137,3.344704,5.355539,1.939117,2.94341785870446,29.6
Austria,AUT,2007,13.371317000000001,80.1804878048781,4.909,9.53,0.895082,0.25644,0.65167,0.94009,3.327938,5.35486,1.945237,3.39173082681461,30.6
Austria,AUT,2008,13.374753,80.4317073170732,4.198,9.73,0.903646,0.256326,0.658034,0.94,3.311979,5.354,1.950768,1.14330711888604,30.4
Austria,AUT,2009,13.378117,80.3317073170732,5.371,10.23,0.910743,0.256239,0.664675,0.939939,3.298894,5.353178,1.954449,-4.01634004211772,31.5
Austria,AUT,2010,13.374934,80.5804878048781,4.883,10.22,0.913643,0.256201,0.667758,0.939911,3.290207,5.352376,1.954838,1.59257712849987,30.3
Austria,AUT,2011,13.366530999999998,80.9829268292683,4.637,10.03,0.913811,0.256221,0.669635,0.939936,3.284905,5.35176,1.950263,2.57644831811446,30.8
Austria,AUT,2012,13.352433,80.9365853658537,4.909,10.2,0.914498,0.256269,0.671955,0.93993,3.278564,5.350918,1.940299,0.222450576943075,30.5
Austria,AUT,2013,13.332028999999999,81.1365853658537,5.367,10.29,0.914287,0.256354,0.672787,0.939909,3.273578,5.34969,1.925424,-0.562298942527448,30.8
Austria,AUT,2014,13.304311,81.490243902439,5.674,10.37,0.912597,0.256479,0.673911,0.939861,3.26746,5.347641,1.906362,-0.122370667337563,30.5
Austria,AUT,2015,13.274223999999998,81.190243902439,5.802,10.37,0.910998,0.256627,0.67485,0.939758,3.264032,5.344587,1.883372,-0.111540189504495,30.5
Austria,AUT,2016,13.239145999999998,81.6414634146342,6.064,10.35,0.907326,0.256783,0.674727,0.939716,3.262611,5.342175,1.855808,0.892469139632297,30.8
Austria,AUT,2017,13.200291,81.6439024390244,5.561,10.38,0.902117,0.256958,0.675112,0.939794,3.26097,5.341275,1.824065,1.55072408627153,29.7
Austria,AUT,2018,0.0,81.6926829268293,4.933,10.35,,,,,,,,1.92771305987296,30.8
Austria,AUT,2019,0.0,81.8951219512195,4.56,10.49,,,,,,,,1.00040695317784,30.2
Austria,AUT,2020,0.0,81.1926829268293,5.201,11.39,,,,,,,,-7.01982595202976,29.8
Austria,AUT,2021,0.0,81.190243902439,6.459,12.1,,,,,,,,3.78471969654039,30.7
Austria,AUT,2022,0.0,81.0926829268293,4.992,,,,,,,,,3.80895606240934,
Austria,AUT,2023,0.0,,5.243,,,,,,,,,-1.81192822738132,
Azerbaiyán,AZE,2001,0.0,65.51,10.91,2.77,,,,,,,,9.05182203818752,36.5
Azerbaiyán,AZE,2002,0.0,66.239,10.04,2.73,,,,,,,,8.62535106573642,25.3
Azerbaiyán,AZE,2003,0.0,66.756,9.17,2.73,,,,,,,,9.37646036430615,26.8
Azerbaiyán,AZE,2004,0.0,67.346,7.99,2.66,,,,,,,,8.30153847939059,26.6
Azerbaiyán,AZE,2005,0.0,67.562,7.26,2.23,,,,,,,,26.6600947700296,26.6
Azerbaiyán,AZE,2006,0.0,68.165,6.62,2.07,,,,,,,,33.0304877689447,
Azerbaiyán,AZE,2007,0.0,68.603,6.33,1.99,,,,,,,,23.5906854137047,
Azerbaiyán,AZE,2008,0.0,68.811,5.86,2.05,,,,,,,,8.45745012555597,
Azerbaiyán,AZE,2009,0.0,69.356,5.74,2.77,,,,,,,,7.05060251949079,
Azerbaiyán,AZE,2010,0.0,69.529,5.63,2.65,,,,,,,,3.80649102062563,
Azerbaiyán,AZE,2011,0.0,69.984,5.42,2.6,,,,,,,,-1.19584296227708,
Azerbaiyán,AZE,2012,0.0,70.36,5.19,3.16,,,,,,,,0.816684128241235,
Azerbaiyán,AZE,2013,0.0,70.881,4.97,3.23,,,,,,,,4.45002009882025,
Azerbaiyán,AZE,2014,0.0,71.116,4.91,3.59,,,,,,,,1.47593694077869,
Azerbaiyán,AZE,2015,0.0,71.451,4.96,4.34,,,,,,,,-0.103121364891479,
Azerbaiyán,AZE,2016,0.0,72.004,5.0,4.42,,,,,,,,-4.17717168005237,
Azerbaiyán,AZE,2017,0.0,72.248,5.0,4.07,,,,,,,,-0.778416126232784,
Azerbaiyán,AZE,2018,0.0,72.76,4.9,3.84,,,,,,,,0.624486167739661,
Azerbaiyán,AZE,2019,0.0,73.102,5.0,4.18,,,,,,,,1.63585048130741,
Azerbaiyán,AZE,2020,0.0,66.868,7.24,5.85,,,,,,,,-4.95270173869491,
Azerbaiyán,AZE,2021,0.0,69.366,6.04,4.7,,,,,,,,5.15150006870661,
Azerbaiyán,AZE,2022,0.0,73.488,5.65,,,,,,,,,4.67343995240384,
Azerbaiyán,AZE,2023,0.0,,5.636,,,,,,,,,1.41597977718548,
Burundi,BDI,2001,10.585111,48.431,3.164,5.68180418,0.491445,0.152365,0.08811,0.607897,4.050602,3.595047,1.599645,-0.439187876685963,
Burundi,BDI,2002,10.534072,49.891,3.18,5.34983587,0.489046,0.152403,0.087748,0.608115,4.015593,3.590211,1.590956,1.56853463106961,
Burundi,BDI,2003,10.481037999999998,50.857,3.137,5.27245188,0.486811,0.152494,0.087178,0.608408,3.978296,3.585474,1.582377,-4.27458819750004,
Burundi,BDI,2004,10.435648,52.01,3.179,7.09572744,0.485948,0.152598,0.087281,0.608718,3.944169,3.581249,1.575685,1.01088204580134,
Burundi,BDI,2005,10.394901999999998,53.023,3.15,7.56016588,0.485397,0.152672,0.086832,0.608981,3.910334,3.577803,1.572883,-2.76488049377727,
Burundi,BDI,2006,10.358556,53.869,3.185,8.71264839,0.4861,0.15272,0.086875,0.609281,3.875041,3.574755,1.573784,1.70671383891919,33.4
Burundi,BDI,2007,10.321791999999999,54.727,2.4,9.1855402,0.486941,0.152764,0.086837,0.609658,3.838082,3.571468,1.576042,-0.277700517173798,
Burundi,BDI,2008,10.289679,55.71,1.634,7.74147511,0.487983,0.152813,0.086816,0.61007,3.804522,3.568723,1.578752,0.637154645550055,
Burundi,BDI,2009,10.262067,56.388,1.618,9.23238468,0.489435,0.152862,0.086894,0.610414,3.775062,3.566369,1.581031,-1.32769460696001,
Burundi,BDI,2010,10.247535000000001,57.081,1.612,11.28196716,0.491519,0.152914,0.087035,0.610635,3.758803,3.564429,1.5822,0.318221817835934,
Burundi,BDI,2011,10.236078999999998,57.769,1.599,10.06996346,0.491492,0.152992,0.087306,0.610802,3.747798,3.563612,1.582077,0.411511959732195,
Burundi,BDI,2012,10.230488,58.493,1.591,8.63756466,0.492885,0.153119,0.087565,0.61104,3.740353,3.564209,1.581317,0.824080965967312,
Burundi,BDI,2013,10.223898,59.235,1.584,8.62834644,0.493837,0.153296,0.088017,0.611358,3.731076,3.566309,1.580005,1.26359933436326,38.6
Burundi,BDI,2014,10.224153999999999,59.868,1.572,7.21081543,0.49484,0.153514,0.088637,0.611738,3.727607,3.569747,1.578071,0.810602801312328,
Burundi,BDI,2015,10.224497999999999,60.217,1.444,6.29022646,0.496275,0.153772,0.089309,0.612157,3.723271,3.574121,1.575593,-5.9804956121318,
Burundi,BDI,2016,10.228654,60.793,1.356,7.06148243,0.498925,0.154068,0.090019,0.612604,3.720813,3.579564,1.572661,-2.20613382981416,
Burundi,BDI,2017,10.234619,61.553,1.258,6.95275736,0.500084,0.154394,0.090802,0.613042,3.721228,3.58576,1.569309,-1.77264648641454,
Burundi,BDI,2018,0.0,61.688,1.157,7.29396152,,,,,,,,-1.37713962186088,
Burundi,BDI,2019,0.0,62.351,1.053,9.05010796,,,,,,,,-1.45719303288658,
Burundi,BDI,2020,0.0,61.566,1.03,10.71837234,,,,,,,,-2.50846116846569,37.5
Burundi,BDI,2021,0.0,61.663,1.11,9.10190964,,,,,,,,0.381166639765468,
Burundi,BDI,2022,0.0,61.977,0.919,,,,,,,,,-0.82462869206708,
Burundi,BDI,2023,0.0,,0.93,,,,,,,,,-0.0072845620328791,
Bélgica,BEL,2001,0.0,77.9731707317073,6.178,8.14988804,,,,,,,,0.752482909593709,
Bélgica,BEL,2002,0.0,78.0756097560976,6.91,8.31820965,,,,,,,,1.25198460635012,
Bélgica,BEL,2003,0.0,78.1292682926829,7.68,9.16443539,,,,,,,,0.615879780344869,28.1
Bélgica,BEL,2004,0.0,78.8780487804878,7.363,9.32808781,,,,,,,,3.12392891839559,30.5
Bélgica,BEL,2005,0.0,78.9804878048781,8.44,9.22374916,,,,,,,,1.76045559407572,29.3
Bélgica,BEL,2006,0.0,79.380487804878,8.246,9.12963009,,,,,,,,1.87818319997308,28.1
Bélgica,BEL,2007,0.0,79.7829268292683,7.459,9.13628674,,,,,,,,2.91833834881372,29.2
Bélgica,BEL,2008,0.0,79.6804878048781,6.976,9.5951395,,,,,,,,-0.343452718095421,28.4
Bélgica,BEL,2009,0.0,80.0341463414634,7.908,10.32117939,,,,,,,,-2.80592074025158,28.6
Bélgica,BEL,2010,0.0,80.1829268292683,8.293,10.20229435,,,,,,,,1.928764195703,28.4
Bélgica,BEL,2011,0.0,80.5853658536585,7.14,10.36337948,,,,,,,,0.38003456979618,28.1
Bélgica,BEL,2012,0.0,80.3853658536585,7.542,10.50204754,,,,,,,,0.11640257847661,27.5
Bélgica,BEL,2013,0.0,80.5878048780488,8.425,10.57661152,,,,,,,,-0.0131483860964465,27.7
Bélgica,BEL,2014,0.0,81.2878048780488,8.523,10.60909367,,,,,,,,1.12859572471172,28.1
Bélgica,BEL,2015,0.0,80.9926829268293,8.482,10.79745102,,,,,,,,1.45189336758756,27.7
Bélgica,BEL,2016,0.0,81.4390243902439,7.83,10.79354668,,,,,,,,0.755268919102846,27.6
Bélgica,BEL,2017,0.0,81.4926829268293,7.086,10.79855728,,,,,,,,1.22886623616918,27.4
Bélgica,BEL,2018,0.0,81.5951219512195,5.948,10.86148262,,,,,,,,1.33065222724522,27.2
Bélgica,BEL,2019,0.0,81.9951219512195,5.36,10.79477787,,,,,,,,1.68975368856101,27.2
Bélgica,BEL,2020,0.0,80.6951219512195,5.555,11.19751263,,,,,,,,-5.71172980752377,26.0
Bélgica,BEL,2021,0.0,81.790243902439,6.264,11.04290771,,,,,,,,6.48877041272659,26.6
Bélgica,BEL,2022,0.0,81.6975609756098,5.558,,,,,,,,,2.13654407577337,
Bélgica,BEL,2023,0.0,,5.508,,,,,,,,,0.192342045122217,
Benin,BEN,2001,8.869050000000001,56.66,0.766,3.30417323,0.468598,0.167323,0.110013,0.636566,3.597256,2.902404,0.98689,2.20736492388005,
Benin,BEN,2002,8.881545,56.606,0.69,3.09589195,0.472666,0.167575,0.111338,0.636764,3.603596,2.902344,0.987262,1.54895924760953,
Benin,BEN,2003,8.890742,56.738,0.747,3.11678505,0.475791,0.167865,0.112693,0.636978,3.607948,2.902029,0.987438,0.37202480236229,38.6
Benin,BEN,2004,8.900478000000001,56.826,0.79,3.23273873,0.479333,0.168131,0.113339,0.637171,3.613321,2.90164,0.987543,1.31651203758068,
Benin,BEN,2005,8.906191,57.125,0.86,3.22345805,0.48134,0.16831,0.114172,0.637304,3.616006,2.901324,0.987735,-1.46781382104416,
Benin,BEN,2006,8.909254,57.456,0.888,3.28773856,0.482757,0.168478,0.114168,0.637459,3.617414,2.900774,0.988204,0.811410156798331,
Benin,BEN,2007,8.914451,57.675,0.902,2.93715644,0.484548,0.168718,0.114559,0.637716,3.620189,2.899905,0.988816,2.98205331853927,
Benin,BEN,2008,8.916366,57.869,0.892,2.65178108,0.485993,0.168981,0.114768,0.638026,3.620118,2.899038,0.989442,1.84962506949418,
Benin,BEN,2009,8.920418,57.956,0.947,2.88892651,0.487798,0.16921,0.114918,0.638322,3.62181,2.898403,0.989957,-0.648436891010405,
Benin,BEN,2010,8.925305,58.363,1.04,3.00988984,0.489122,0.169359,0.115932,0.638561,3.623719,2.898338,0.990274,-0.839355823905237,
Benin,BEN,2011,8.927011,58.462,2.647,2.99707985,0.491156,0.169458,0.115905,0.638744,3.622748,2.898581,0.990419,-0.007428191688561,43.4
Benin,BEN,2012,8.931758,58.716,2.415,3.07562971,0.493308,0.169577,0.116496,0.638943,3.624008,2.899008,0.990418,1.80006449253156,
Benin,BEN,2013,8.934615,58.965,2.113,2.86880755,0.494931,0.169711,0.116836,0.639161,3.624016,2.899666,0.990294,4.12760623456288,
Benin,BEN,2014,8.939451,59.125,1.892,2.69111967,0.497412,0.169861,0.117641,0.639412,3.624397,2.900659,0.990069,3.29050499914023,
Benin,BEN,2015,8.946898000000001,59.377,1.855,2.72813416,0.499514,0.170013,0.118821,0.639664,3.627308,2.901891,0.989687,-1.18168483600668,47.6
Benin,BEN,2016,8.952776,59.539,1.835,2.79549599,0.502539,0.170172,0.11925,0.63994,3.628211,2.903462,0.989202,0.335852248057719,
Benin,BEN,2017,8.960135999999999,59.856,1.722,2.66813827,0.505541,0.170322,0.12029,0.640206,3.629899,2.905294,0.988584,2.60355652692061,
Benin,BEN,2018,0.0,60.14,1.473,2.88632059,,,,,,,,3.62426254503761,37.9
Benin,BEN,2019,0.0,60.454,1.402,2.50914454,,,,,,,,3.82450687770586,
Benin,BEN,2020,0.0,60.088,1.565,2.46970391,,,,,,,,0.951937860885238,
Benin,BEN,2021,0.0,59.821,1.694,2.58129549,,,,,,,,4.23870895916781,34.4
Benin,BEN,2022,0.0,59.954,1.473,,,,,,,,,3.42067945548739,
Benin,BEN,2023,0.0,,1.452,,,,,,,,,3.56104247520248,
Burkina Faso,BFA,2001,8.73387,51.071,2.742,2.88835382,0.410477,0.160536,0.098399,0.618582,3.574237,2.893766,0.977873,3.42037281461964,
Burkina Faso,BFA,2002,8.749597,51.272,2.855,2.97113013,0.411776,0.160824,0.099372,0.618772,3.586397,2.893775,0.978681,1.1931569551423,
Burkina Faso,BFA,2003,8.76703,51.793,2.78,3.14307284,0.412229,0.161158,0.100335,0.618992,3.601227,2.893685,0.979404,4.50716331077845,43.3
Burkina Faso,BFA,2004,8.782443,52.416,3.475,4.21720934,0.413939,0.161471,0.101268,0.619206,3.612886,2.893581,0.980092,1.25080372415214,
Burkina Faso,BFA,2005,8.790883000000001,53.092,4.0,3.95109582,0.41515,0.161687,0.102201,0.619354,3.618282,2.893441,0.980768,5.29343297349088,
Burkina Faso,BFA,2006,8.791005,53.742,3.67,4.51446247,0.416284,0.161862,0.102842,0.619442,3.616077,2.892768,0.98173,2.98669213366389,
Burkina Faso,BFA,2007,8.78841,54.375,3.3,5.23373222,0.41723,0.162078,0.103637,0.6195,3.611449,2.891344,0.983172,1.00130262746538,
Burkina Faso,BFA,2008,8.783399,55.342,3.497,4.64780712,0.41901,0.162306,0.104324,0.61954,3.603713,2.889682,0.984824,2.7310856339255,
Burkina Faso,BFA,2009,8.779168,55.959,3.715,5.08159161,0.421325,0.162521,0.10486,0.619588,3.596077,2.888369,0.986428,-0.012474271014014,39.8
Burkina Faso,BFA,2010,8.780022,56.477,3.723,5.23958349,0.422246,0.162693,0.105318,0.619647,3.594518,2.887904,0.987696,5.30514455524253,
Burkina Faso,BFA,2011,8.787488,57.125,3.827,4.64868164,0.424025,0.162859,0.106297,0.619757,3.597446,2.888256,0.988848,3.50270659412131,
Burkina Faso,BFA,2012,8.800785,57.619,3.852,4.60267258,0.426375,0.16308,0.107169,0.619955,3.604815,2.889093,0.990298,3.273591495689,
Burkina Faso,BFA,2013,8.819075,57.823,4.055,5.56331587,0.429225,0.163345,0.108629,0.620226,3.615275,2.890348,0.992027,2.65729533056167,
Burkina Faso,BFA,2014,8.841331,58.359,4.254,5.00027227,0.432363,0.163652,0.109383,0.620583,3.629192,2.8921,0.994058,1.26399638537625,35.3
Burkina Faso,BFA,2015,8.870296,58.845,4.468,5.13192415,0.435489,0.163992,0.111105,0.621011,3.648042,2.894299,0.996358,0.877785604827011,
Burkina Faso,BFA,2016,8.901999,59.326,4.594,5.96067238,0.439596,0.164359,0.111911,0.621511,3.668645,2.897006,0.998971,2.89349832690679,
Burkina Faso,BFA,2017,8.940525,59.536,4.66,6.02490044,0.444063,0.164745,0.113354,0.622074,3.694254,2.900239,1.001796,3.20325683612816,
Burkina Faso,BFA,2018,0.0,60.047,4.695,5.0057807,,,,,,,,3.69351332759673,43.0
Burkina Faso,BFA,2019,0.0,60.039,4.701,5.31868935,,,,,,,,3.06445360445527,
Burkina Faso,BFA,2020,0.0,59.731,4.985,6.50193262,,,,,,,,-0.695533986809409,
Burkina Faso,BFA,2021,0.0,59.27,5.11,6.37691164,,,,,,,,4.14209565975429,37.4
Burkina Faso,BFA,2022,0.0,59.766,5.348,,,,,,,,,-0.794519873177506,
Burkina Faso,BFA,2023,0.0,,5.293,,,,,,,,,0.401957857613183,
Bangladesh,BGD,2001,11.216428,66.135,3.614,1.77201855,0.497556,0.250773,0.108645,0.579917,4.232661,4.196492,1.350384,3.10043669181933,
Bangladesh,BGD,2002,11.232133,66.612,3.967,1.93417108,0.496888,0.250823,0.109235,0.580277,4.232035,4.209578,1.353297,1.9216894198362,
Bangladesh,BGD,2003,11.252267,66.824,4.32,1.96152198,0.496208,0.250891,0.110469,0.580659,4.233213,4.223771,1.357056,2.92613454296232,
Bangladesh,BGD,2004,11.267851,67.187,4.294,1.99854314,0.495909,0.250949,0.111646,0.581005,4.230392,4.236549,1.361401,3.50574323998593,
Bangladesh,BGD,2005,11.281533999999999,67.299,4.25,2.05873919,0.495886,0.250976,0.112733,0.581273,4.229019,4.245562,1.366085,4.93096820280539,33.2
Bangladesh,BGD,2006,11.295073,67.241,3.591,2.10646582,0.496906,0.250975,0.113887,0.581461,4.227853,4.249112,1.374879,5.38833072100596,
Bangladesh,BGD,2007,11.310854,66.714,4.045,2.17268491,0.497624,0.250968,0.115688,0.5816,4.226988,4.248704,1.389282,5.93918151201265,
Bangladesh,BGD,2008,11.326025000000001,67.051,4.516,2.11878848,0.498143,0.250971,0.117474,0.58173,4.224998,4.246932,1.405777,5.07673024638913,
Bangladesh,BGD,2009,11.341788,67.403,5.0,2.18321705,0.49914,0.250977,0.119331,0.581835,4.223743,4.246028,1.420734,4.12468581228904,
Bangladesh,BGD,2010,11.359169,68.638,3.379,2.28807664,0.500254,0.251016,0.121651,0.581981,4.22464,4.248882,1.430745,4.37348466383585,32.1
Bangladesh,BGD,2011,11.370185,68.809,3.73,2.36418128,0.500641,0.251094,0.123681,0.582141,4.221367,4.254232,1.437029,5.17452087670409,
Bangladesh,BGD,2012,11.377943,69.554,4.075,2.3537879,0.502253,0.251231,0.125937,0.582322,4.213672,4.259427,1.443101,5.20499111861467,
Bangladesh,BGD,2013,11.378416999999999,69.565,4.426,2.29574466,0.504135,0.251418,0.128099,0.582514,4.199103,4.264447,1.448701,4.67872191823137,
Bangladesh,BGD,2014,11.375763,69.986,4.406,2.27915168,0.50545,0.251651,0.130462,0.58272,4.182413,4.269459,1.453608,4.74777922650441,
Bangladesh,BGD,2015,11.368711999999999,70.491,4.382,2.27217698,0.508198,0.251929,0.132744,0.582942,4.160873,4.2744,1.457626,5.29106080768767,
Bangladesh,BGD,2016,11.35788,71.09,4.35,2.38938212,0.510254,0.252249,0.135429,0.583181,4.136923,4.279268,1.460576,5.80321039708029,32.4
Bangladesh,BGD,2017,11.343591,71.788,4.372,2.36720181,0.5128,0.2526,0.137974,0.583419,4.110611,4.283989,1.462198,5.26645511283064,
Bangladesh,BGD,2018,0.0,72.567,4.532,2.31622243,,,,,,,,6.08023776882422,
Bangladesh,BGD,2019,0.0,72.806,4.693,2.25762248,,,,,,,,6.68766272688883,
Bangladesh,BGD,2020,0.0,71.968,5.828,2.27063942,,,,,,,,2.27110129405703,
Bangladesh,BGD,2021,0.0,72.381,5.815,2.36492991,,,,,,,,5.71664908722495,
Bangladesh,BGD,2022,0.0,73.698,5.247,,,,,,,,,5.95484484128914,33.4
Bangladesh,BGD,2023,0.0,,5.06,,,,,,,,,4.69387430866139,
Bulgaria,BGR,2001,9.683782,71.7682926829268,19.921,6.86,0.640746,0.196386,0.164236,0.626998,2.709694,3.571081,1.774641,5.91115990599565,
Bulgaria,BGR,2002,9.669602000000001,71.8658536585366,18.11,7.08,0.645905,0.196645,0.165952,0.627279,2.688689,3.572131,1.773001,8.19521483076812,
Bulgaria,BGR,2003,9.654523,72.0658536585366,13.733,7.2,0.651184,0.196983,0.167817,0.627623,2.665233,3.573516,1.772167,6.07406235889275,
Bulgaria,BGR,2004,9.643236,72.5634146341463,12.037,6.89,0.657284,0.197335,0.170118,0.627958,2.643532,3.575025,1.771984,7.31740481386147,
Bulgaria,BGR,2005,9.633884000000002,72.5609756097561,10.083,6.89,0.661618,0.197651,0.17202,0.628264,2.625163,3.576744,1.772424,7.86550231261518,
Bulgaria,BGR,2006,9.63355,72.6121951219512,8.951,6.53,0.664885,0.198039,0.174847,0.628531,2.608345,3.579491,1.779412,7.61684985137107,35.7
Bulgaria,BGR,2007,9.641873,72.6634146341463,6.878,6.16,0.667397,0.19859,0.178052,0.628816,2.590202,3.583689,1.795127,7.44148860319636,36.1
Bulgaria,BGR,2008,9.65709,72.9634146341463,5.61,6.28,0.671016,0.199193,0.181771,0.629057,2.57455,3.587616,1.813887,6.87712687993118,33.6
Bulgaria,BGR,2009,9.669383999999999,73.4121951219512,6.817,6.6,0.674497,0.199754,0.185467,0.629262,2.560258,3.590112,1.830034,-2.72241557643444,33.8
Bulgaria,BGR,2010,9.67455,73.5121951219512,10.279,7.1,0.677669,0.200162,0.188239,0.629389,2.551664,3.589877,1.83755,2.2260786772168,35.7
Bulgaria,BGR,2011,9.67302,74.1634146341463,11.26,7.1,0.680423,0.20047,0.190407,0.629481,2.545709,3.587989,1.838541,2.74691076533668,34.3
Bulgaria,BGR,2012,9.676426000000001,74.3146341463415,12.27,7.54,0.68532,0.200801,0.192502,0.629638,2.542476,3.587085,1.838604,1.33406600038019,36.0
Bulgaria,BGR,2013,9.679556,74.8609756097561,12.941,7.14,0.688987,0.201143,0.194699,0.629847,2.540351,3.586925,1.837604,0.0154188467413263,36.6
Bulgaria,BGR,2014,9.682166,74.4658536585366,11.424,7.68,0.692252,0.201485,0.196577,0.630069,2.539345,3.587034,1.835404,1.52486811076595,37.4
Bulgaria,BGR,2015,9.686582,74.6146341463415,9.143,7.39,0.69669,0.201824,0.198616,0.630306,2.539862,3.587231,1.832053,4.05941140790065,38.6
Bulgaria,BGR,2016,9.688781,74.8121951219512,7.575,7.46,0.700731,0.202151,0.200733,0.630543,2.53995,3.587363,1.82731,3.75177878457853,40.6
Bulgaria,BGR,2017,9.691419,74.8146341463415,6.164,7.49,0.704289,0.202455,0.202411,0.630776,2.543141,3.587521,1.820826,3.4991755485791,40.4
Bulgaria,BGR,2018,0.0,74.9634146341464,5.212,7.33,,,,,,,,3.43913006319094,41.3
Bulgaria,BGR,2019,0.0,75.1121951219512,4.23,7.09,,,,,,,,4.77008195264021,40.3
Bulgaria,BGR,2020,0.0,73.6585365853659,5.125,8.48,,,,,,,,-3.38798766592316,40.5
Bulgaria,BGR,2021,0.0,71.4634146341463,5.267,8.56,,,,,,,,8.54260999187817,39.0
Bulgaria,BGR,2022,0.0,74.3609756097561,4.268,,,,,,,,,10.5597165401613,
Bulgaria,BGR,2023,0.0,,4.295,,,,,,,,,2.39640761052202,
Bahrein,BHR,2001,0.0,75.908,1.171,3.48573017,,,,,,,,-0.149721120011094,
Bahrein,BHR,2002,0.0,76.088,1.184,3.67866111,,,,,,,,0.853377100184872,
Bahrein,BHR,2003,0.0,76.337,1.165,3.88658071,,,,,,,,2.20824336370546,
Bahrein,BHR,2004,0.0,76.56,1.094,3.49817729,,,,,,,,-0.103815979252317,
Bahrein,BHR,2005,0.0,76.931,1.044,3.25870824,,,,,,,,-1.33644959520269,
Bahrein,BHR,2006,0.0,77.156,1.039,3.10821271,,,,,,,,-1.10535302232421,
Bahrein,BHR,2007,0.0,77.634,1.019,3.29534078,,,,,,,,1.05540051566699,
Bahrein,BHR,2008,0.0,78.084,1.024,3.2038722,,,,,,,,-0.434970498581649,
Bahrein,BHR,2009,0.0,78.461,1.074,4.32666922,,,,,,,,-3.46843446100006,
Bahrein,BHR,2010,0.0,78.748,1.13,4.08934975,,,,,,,,1.39489073188075,
Bahrein,BHR,2011,0.0,78.89,1.209,3.8651762,,,,,,,,2.11544569879072,
Bahrein,BHR,2012,0.0,79.081,1.2,4.10642147,,,,,,,,2.63895139436892,
Bahrein,BHR,2013,0.0,79.246,1.182,4.30853891,,,,,,,,2.34759588274413,
Bahrein,BHR,2014,0.0,79.328,1.146,4.41240263,,,,,,,,0.413894139030546,
Bahrein,BHR,2015,0.0,79.405,1.166,4.97671938,,,,,,,,-0.988855299909062,
Bahrein,BHR,2016,0.0,79.557,1.195,4.86051178,,,,,,,,-0.0145263193139442,
Bahrein,BHR,2017,0.0,79.689,1.196,4.51235676,,,,,,,,0.450232188384874,
Bahrein,BHR,2018,0.0,79.857,1.202,4.12745667,,,,,,,,0.191457633488383,
Bahrein,BHR,2019,0.0,80.019,1.226,3.95980334,,,,,,,,1.69872414350014,
Bahrein,BHR,2020,0.0,79.174,1.767,4.71684837,,,,,,,,-3.56559860535015,
Bahrein,BHR,2021,0.0,78.76,1.551,4.26834059,,,,,,,,3.58625900189891,
Bahrein,BHR,2022,0.0,79.246,1.326,,,,,,,,,4.25256127957547,
Bahrein,BHR,2023,0.0,,1.16,,,,,,,,,1.56558806479543,
Bahamas,BHS,2001,11.608504,72.11,6.87,3.92440891,0.803848,0.204736,0.362209,0.887679,2.636875,4.650028,2.063129,1.19010623512317,
Bahamas,BHS,2002,11.625432000000002,72.232,9.05,3.81251931,0.805686,0.204854,0.364553,0.887772,2.636767,4.651022,2.074778,1.35934487810221,
Bahamas,BHS,2003,11.645603999999999,72.402,10.84,4.01998568,0.809401,0.204982,0.367413,0.887843,2.636668,4.651665,2.087632,-2.57403379614959,
Bahamas,BHS,2004,11.660847000000002,72.478,10.2,4.04628181,0.811359,0.205094,0.369123,0.88791,2.637128,4.651929,2.098304,-0.46992270582264,
Bahamas,BHS,2005,11.667864,72.765,10.2,4.03196478,0.812831,0.205162,0.370302,0.888015,2.636095,4.652229,2.10323,1.99439665424433,
Bahamas,BHS,2006,11.662158999999999,72.855,7.54,4.30935764,0.812059,0.205192,0.369913,0.8882,2.631654,4.652883,2.102258,1.10382925244896,
Bahamas,BHS,2007,11.651012000000001,72.678,7.88,4.49598694,0.810028,0.205218,0.370166,0.888496,2.624197,4.654079,2.098828,0.0273645789414587,
Bahamas,BHS,2008,11.636232,72.667,8.18,4.86261654,0.807092,0.205231,0.369795,0.888828,2.615308,4.655485,2.094493,-3.70454364242701,
Bahamas,BHS,2009,11.624476999999999,72.579,14.25,5.1500144,0.804518,0.205218,0.368812,0.88909,2.609606,4.65639,2.090843,-5.54540308090397,
Bahamas,BHS,2010,11.619131,72.731,14.431,5.25594234,0.804669,0.205174,0.368687,0.889219,2.605428,4.656573,2.089381,0.120061239404691,
Bahamas,BHS,2011,11.619674,72.564,14.52,5.32398558,0.805059,0.205082,0.368078,0.889239,2.60617,4.65624,2.089806,-0.632148519837628,
Bahamas,BHS,2012,11.621039000000001,72.753,14.02,5.3190918,0.805646,0.204943,0.367034,0.889261,2.607301,4.655926,2.090928,1.88963939506846,
Bahamas,BHS,2013,11.624813999999999,73.024,16.18,5.59409571,0.806484,0.204763,0.366324,0.889298,2.609438,4.655689,2.092818,-3.76729884127668,
Bahamas,BHS,2014,11.629017000000001,73.366,13.8,5.53944159,0.808271,0.204541,0.365166,0.889332,2.610829,4.655386,2.095492,0.936178675796384,
Bahamas,BHS,2015,11.638125,73.104,12.0,5.16048241,0.811445,0.204284,0.364253,0.889381,2.614571,4.655273,2.098918,0.0796279953732721,
Bahamas,BHS,2016,11.649738000000001,73.537,12.7,5.68248844,0.813804,0.203992,0.363759,0.889416,2.620387,4.655191,2.103189,-1.78202388767504,
Bahamas,BHS,2017,11.66253,73.632,9.8,6.70352888,0.816652,0.203668,0.36275,0.889432,2.626633,4.655024,2.108371,2.01529294955958,
Bahamas,BHS,2018,0.0,73.806,10.0,5.98263836,,,,,,,,1.89292683342124,
Bahamas,BHS,2019,0.0,71.205,10.011,5.82275152,,,,,,,,-2.00365592785317,
Bahamas,BHS,2020,0.0,72.677,12.804,7.64700842,,,,,,,,-21.7934660714554,
Bahamas,BHS,2021,0.0,71.598,11.694,7.13872051,,,,,,,,14.9971644298507,
Bahamas,BHS,2022,0.0,74.358,9.87,,,,,,,,,10.2205156211474,
Bahamas,BHS,2023,0.0,,9.198,,,,,,,,,1.9826105845099,
Bosnia y Herzegovina,BIH,2001,0.0,75.06,26.461,7.61,,,,,,,,2.04286360413084,30.0
Bosnia y Herzegovina,BIH,2002,0.0,74.612,27.414,7.43,,,,,,,,4.94043854306381,
Bosnia y Herzegovina,BIH,2003,0.0,75.782,28.415,8.31,,,,,,,,4.23091833222622,
Bosnia y Herzegovina,BIH,2004,0.0,76.133,29.288,9.06,,,,,,,,7.37487547486634,34.0
Bosnia y Herzegovina,BIH,2005,0.0,75.42,30.213,9.05,,,,,,,,5.12951620444926,
Bosnia y Herzegovina,BIH,2006,0.0,76.247,31.11,9.17,,,,,,,,6.35463087226158,
Bosnia y Herzegovina,BIH,2007,0.0,76.161,28.984,9.53,,,,,,,,7.18328671081518,33.1
Bosnia y Herzegovina,BIH,2008,0.0,76.838,23.405,9.69,,,,,,,,7.16809278692932,
Bosnia y Herzegovina,BIH,2009,0.0,76.976,24.068,9.02,,,,,,,,-1.36252916749166,
Bosnia y Herzegovina,BIH,2010,0.0,77.073,27.312,9.02,,,,,,,,2.62997048976155,
Bosnia y Herzegovina,BIH,2011,0.0,77.007,27.582,9.18,,,,,,,,2.79214141494666,33.0
Bosnia y Herzegovina,BIH,2012,0.0,77.191,28.01,9.49,,,,,,,,1.03433928506647,
Bosnia y Herzegovina,BIH,2013,0.0,76.33,27.49,9.45,,,,,,,,3.95729612900774,
Bosnia y Herzegovina,BIH,2014,0.0,75.659,27.517,9.49,,,,,,,,2.47075227986109,
Bosnia y Herzegovina,BIH,2015,0.0,76.182,27.695,9.24,,,,,,,,5.69830351451964,
Bosnia y Herzegovina,BIH,2016,0.0,76.808,25.408,9.14,,,,,,,,4.5276131121432,
Bosnia y Herzegovina,BIH,2017,0.0,76.935,20.527,8.82,,,,,,,,4.47338640670523,
Bosnia y Herzegovina,BIH,2018,0.0,77.093,18.4,8.76,,,,,,,,5.04583814593265,
Bosnia y Herzegovina,BIH,2019,0.0,77.241,15.692,8.93,,,,,,,,4.09411575032696,
Bosnia y Herzegovina,BIH,2020,0.0,76.225,15.868,9.7,,,,,,,,-1.77870388670868,
Bosnia y Herzegovina,BIH,2021,0.0,75.3,14.897,9.56,,,,,,,,8.94827661601434,
Bosnia y Herzegovina,BIH,2022,0.0,75.293,12.657,,,,,,,,,5.43287973828188,
Bosnia y Herzegovina,BIH,2023,0.0,,10.42,,,,,,,,,2.3943875772483,
Belarús,BLR,2001,0.0,68.5073170731707,11.523,5.71,,,,,,,,5.26389218701027,30.6
Belarús,BLR,2002,0.0,68.0560975609756,10.837,5.62,,,,,,,,5.71608243616511,30.3
Belarús,BLR,2003,0.0,68.5536585365854,10.155,5.77,,,,,,,,7.79491786508231,28.8
Belarús,BLR,2004,0.0,68.9560975609756,9.443,5.74,,,,,,,,12.2126182737798,26.5
Belarús,BLR,2005,0.0,68.8512195121951,8.748,6.07,,,,,,,,10.1497672379881,27.6
Belarús,BLR,2006,0.0,69.4048780487805,8.064,5.57,,,,,,,,10.6755867081796,28.3
Belarús,BLR,2007,0.0,70.2073170731707,7.408,5.69,,,,,,,,9.09946004159468,29.6
Belarús,BLR,2008,0.0,70.4560975609756,6.735,5.29,,,,,,,,10.58130502501,27.8
Belarús,BLR,2009,0.0,70.4073170731707,6.1,5.39,,,,,,,,0.446705735139588,27.7
Belarús,BLR,2010,0.0,70.4048780487805,6.054,5.66,,,,,,,,8.03408814658195,28.6
Belarús,BLR,2011,0.0,70.5536585365854,6.024,4.87,,,,,,,,5.62588124107373,27.2
Belarús,BLR,2012,0.0,71.9658536585366,5.97,5.25,,,,,,,,1.84652026547414,26.5
Belarús,BLR,2013,0.0,72.4707317073171,5.946,5.7,,,,,,,,1.04224334391753,26.6
Belarús,BLR,2014,0.0,72.9707317073171,5.911,5.39,,,,,,,,1.66910516205074,27.2
Belarús,BLR,2015,0.0,73.6243902439025,5.881,6.07,,,,,,,,-3.95734364341466,25.6
Belarús,BLR,2016,0.0,73.8268292682927,5.844,5.91,,,,,,,,-2.61129931788116,25.3
Belarús,BLR,2017,0.0,74.1292682926829,5.648,5.76,,,,,,,,2.64424708758548,25.4
Belarús,BLR,2018,0.0,74.1756097560976,4.763,5.53,,,,,,,,3.37043437009008,25.2
Belarús,BLR,2019,0.0,74.2268292682927,4.165,5.86,,,,,,,,1.65111819575279,25.3
Belarús,BLR,2020,0.0,72.4572195121951,4.049,6.41,,,,,,,,-0.251386576093068,24.4
Belarús,BLR,2021,0.0,72.3706829268293,3.9,6.57,,,,,,,,3.29082150587152,
Belarús,BLR,2022,0.0,73.1114634146342,3.574,,,,,,,,,-3.88838783901167,
Belarús,BLR,2023,0.0,,3.574,,,,,,,,,4.44960693510662,
Belice,BLZ,2001,0.0,68.357,9.07,3.49099278,,,,,,,,1.73753558748022,
Belice,BLZ,2002,0.0,68.752,10.04,3.59433174,,,,,,,,2.15171000583069,
Belice,BLZ,2003,0.0,68.909,10.363,3.56305766,,,,,,,,6.33744208286564,
Belice,BLZ,2004,0.0,69.227,10.601,3.44779563,,,,,,,,1.65027562537297,
Belice,BLZ,2005,0.0,69.376,10.91,3.46698904,,,,,,,,-0.787504099918522,
Belice,BLZ,2006,0.0,70.093,9.39,3.57004833,,,,,,,,1.48755171647177,
Belice,BLZ,2007,0.0,70.655,8.51,4.07867432,,,,,,,,0.361898550413997,
Belice,BLZ,2008,0.0,71.151,8.18,4.53821993,,,,,,,,-4.27593252652724,
Belice,BLZ,2009,0.0,71.819,8.335,4.52587652,,,,,,,,-3.14403160040699,
Belice,BLZ,2010,0.0,72.272,8.424,4.49519491,,,,,,,,-1.25406776844827,
Belice,BLZ,2011,0.0,72.651,8.434,4.54942894,,,,,,,,-2.54673530261059,
Belice,BLZ,2012,0.0,73.245,8.38,4.36242819,,,,,,,,1.34853582620697,
Belice,BLZ,2013,0.0,73.666,8.349,4.43660116,,,,,,,,2.12611925560829,
Belice,BLZ,2014,0.0,73.311,8.244,4.88208723,,,,,,,,1.74801016066435,
Belice,BLZ,2015,0.0,73.187,7.578,4.65365601,,,,,,,,1.06386485260275,
Belice,BLZ,2016,0.0,73.399,7.0,4.76508141,,,,,,,,-2.03687581383895,
Belice,BLZ,2017,0.0,73.562,6.596,4.61620188,,,,,,,,-3.74726133858346,
Belice,BLZ,2018,0.0,73.703,7.899,4.74657917,,,,,,,,-0.894543697019373,
Belice,BLZ,2019,0.0,73.931,9.053,4.81374073,,,,,,,,2.35320727344789,
Belice,BLZ,2020,0.0,72.854,10.7,5.30974436,,,,,,,,-15.0043485709663,
Belice,BLZ,2021,0.0,70.47,10.157,4.98043823,,,,,,,,16.3568717503731,
Belice,BLZ,2022,0.0,70.962,8.724,,,,,,,,,7.32815328663918,
Belice,BLZ,2023,0.0,,8.262,,,,,,,,,3.12857388937533,
Bermudas,BMU,2001,0.0,79.871,,,,,,,,,,6.07136913784475,
Bermudas,BMU,2002,0.0,80.631,,,,,,,,,,-2.11673168104547,
Bermudas,BMU,2003,0.0,79.345,,,,,,,,,,2.73627127446632,
Bermudas,BMU,2004,0.0,81.12,,,,,,,,,,1.65507133528592,
Bermudas,BMU,2005,0.0,77.927,,,,,,,,,,1.01807989701432,
Bermudas,BMU,2006,0.0,77.585,,,,,,,,,,4.94027251942389,
Bermudas,BMU,2007,0.0,79.361,,,,,,,,,,2.76381533456662,
Bermudas,BMU,2008,0.0,78.623,,,,,,,,,,-2.44478025615982,
Bermudas,BMU,2009,0.0,79.996,,,,,,,,,,-6.14862940548659,
Bermudas,BMU,2010,0.0,80.499,,,,,,,,,,-1.73636323640892,
Bermudas,BMU,2011,0.0,81.403,,,,,,,,,,-2.90785082905049,
Bermudas,BMU,2012,0.0,81.272,,,,,,,,,,-5.64726274774529,
Bermudas,BMU,2013,0.0,79.992,,,,,,,,,,-0.591137895206543,
Bermudas,BMU,2014,0.0,79.518,,,,,,,,,,-3.90360610786885,
Bermudas,BMU,2015,0.0,80.918,,,,,,,,,,0.622598426821042,
Bermudas,BMU,2016,0.0,80.608,,,,,,,,,,0.39386919987983,
Bermudas,BMU,2017,0.0,82.351,,,,,,,,,,4.71610220533942,
Bermudas,BMU,2018,0.0,80.825,,,,,,,,,,-0.50289929998705,
Bermudas,BMU,2019,0.0,81.033,,,,,,,,,,0.317253010947766,
Bermudas,BMU,2020,0.0,81.136,,,,,,,,,,-6.81662532256972,
Bermudas,BMU,2021,0.0,79.28,,,,,,,,,,5.63236664329429,
Bermudas,BMU,2022,0.0,81.571,,,,,,,,,,6.71396852177733,
Bermudas,BMU,2023,0.0,,,,,,,,,,,,
Bolivia,BOL,2001,11.312242999999999,62.843,2.626,4.82522202,0.883062,0.189738,0.260614,0.850701,3.203328,4.239616,1.685184,-0.0999868428788346,57.4
Bolivia,BOL,2002,11.285329,63.306,2.606,4.89645052,0.886797,0.189766,0.262074,0.850352,3.190317,4.237082,1.668941,0.706590425667144,59.3
Bolivia,BOL,2003,11.257043999999999,63.635,2.657,5.19709635,0.890986,0.1898,0.26266,0.849937,3.176953,4.234234,1.652474,0.933272881013124,
Bolivia,BOL,2004,11.235724,64.004,2.618,4.86315727,0.89549,0.189858,0.264257,0.849634,3.165827,4.232026,1.638632,2.37720837843311,55.0
Bolivia,BOL,2005,11.222102,64.386,2.6,5.07408142,0.897643,0.189952,0.265959,0.84959,3.157576,4.231138,1.630244,2.62741194852624,58.5
Bolivia,BOL,2006,11.218528,64.779,2.576,4.66087532,0.90047,0.190114,0.268216,0.849764,3.151802,4.231374,1.626788,2.98196771466748,56.7
Bolivia,BOL,2007,11.217135,65.027,2.615,4.6968894,0.904166,0.190344,0.269401,0.849986,3.146133,4.231903,1.625202,2.75018668026333,54.5
Bolivia,BOL,2008,11.221132999999998,65.446,2.603,4.60677242,0.908873,0.190613,0.271692,0.850251,3.142402,4.232614,1.624688,4.32817113629997,50.8
Bolivia,BOL,2009,11.224092,65.88,2.973,5.17444515,0.911149,0.190887,0.275173,0.850531,3.13869,4.23342,1.624242,1.60145645539657,49.2
Bolivia,BOL,2010,11.223329,66.162,2.609,5.20230532,0.912982,0.191129,0.277438,0.85079,3.133966,4.234129,1.622895,2.37533557597251,
Bolivia,BOL,2011,11.221037999999998,66.534,2.255,5.17306805,0.912915,0.191377,0.279907,0.851074,3.130259,4.234863,1.620643,3.45367377326657,46.1
Bolivia,BOL,2012,11.217151,66.705,2.066,5.2539444,0.911483,0.191689,0.283331,0.851445,3.125227,4.235876,1.6181,3.39719643988016,46.6
Bolivia,BOL,2013,11.211177,67.021,2.437,5.57465124,0.907998,0.192052,0.287493,0.851875,3.119451,4.237024,1.615284,5.06979542446618,47.6
Bolivia,BOL,2014,11.20204,67.163,2.021,5.89613628,0.903949,0.192464,0.29148,0.852371,3.111189,4.238367,1.61222,3.78318705934984,47.8
Bolivia,BOL,2015,11.192248,67.318,3.111,6.55064964,0.898802,0.192922,0.29572,0.852942,3.102902,4.239985,1.608975,3.22053882341802,46.7
Bolivia,BOL,2016,11.181142000000001,67.628,3.498,6.83333063,0.892894,0.193412,0.300675,0.853548,3.093429,4.241669,1.605515,2.66307421352539,45.2
Bolivia,BOL,2017,11.171035,67.701,3.655,6.4901948,0.886177,0.193936,0.305251,0.854218,3.085905,4.243625,1.601923,2.62330333561857,44.6
Bolivia,BOL,2018,0.0,67.748,3.519,6.60399437,,,,,,,,2.68479733919096,42.6
Bolivia,BOL,2019,0.0,67.841,3.682,6.88792992,,,,,,,,0.73769715524476,41.6
Bolivia,BOL,2020,0.0,64.467,7.903,8.0225811,,,,,,,,-9.95240484455535,43.6
Bolivia,BOL,2021,0.0,63.63,5.089,8.15972805,,,,,,,,4.85247488925489,40.9
Bolivia,BOL,2022,0.0,64.928,3.552,,,,,,,,,2.3797982635037,
Bolivia,BOL,2023,0.0,,3.081,,,,,,,,,1.08351233659678,
Brasil,BRA,2001,0.0,70.195,10.649,8.54963303,,,,,,,,0.0596489436684067,58.4
Brasil,BRA,2002,0.0,70.41,10.641,8.69686985,,,,,,,,1.76024277856577,58.1
Brasil,BRA,2003,0.0,70.72,11.169,8.18899441,,,,,,,,-0.0512856664974208,57.6
Brasil,BRA,2004,0.0,71.131,10.072,8.12491989,,,,,,,,4.56178195748839,56.5
Brasil,BRA,2005,0.0,71.753,10.551,8.03539562,,,,,,,,2.05557150146443,56.3
Brasil,BRA,2006,0.0,72.037,9.692,8.24952507,,,,,,,,2.84796200765309,55.6
Brasil,BRA,2007,0.0,72.365,9.28,8.20182991,,,,,,,,4.98082992000504,54.9
Brasil,BRA,2008,0.0,72.715,8.268,8.01128483,,,,,,,,4.06172216621563,54.0
Brasil,BRA,2009,0.0,72.948,9.419,8.39480495,,,,,,,,-1.07323833266479,53.7
Brasil,BRA,2010,0.0,73.182,8.424,7.94516611,,,,,,,,6.52281617922927,
Brasil,BRA,2011,0.0,73.343,7.578,7.78819132,,,,,,,,3.01339627261974,52.9
Brasil,BRA,2012,0.0,73.552,7.251,7.73637724,,,,,,,,1.00765403282705,53.4
Brasil,BRA,2013,0.0,73.918,7.071,7.9766016,,,,,,,,2.11425645194304,52.7
Brasil,BRA,2014,0.0,74.306,6.755,8.39644146,,,,,,,,-0.354514802264433,52.0
Brasil,BRA,2015,0.0,74.332,8.538,8.90929985,,,,,,,,-4.35831717939337,51.9
Brasil,BRA,2016,0.0,74.442,11.58,9.16901493,,,,,,,,-4.05742300240568,53.4
Brasil,BRA,2017,0.0,74.827,12.792,9.47124863,,,,,,,,0.523296588574212,53.3
Brasil,BRA,2018,0.0,75.109,12.33,9.46475029,,,,,,,,0.978938492697395,53.9
Brasil,BRA,2019,0.0,75.338,11.936,9.61449146,,,,,,,,0.448280407148658,53.5
Brasil,BRA,2020,0.0,74.009,13.697,10.18235016,,,,,,,,-3.91800417154039,48.9
Brasil,BRA,2021,0.0,72.75,13.159,9.89072323,,,,,,,,4.21030025353157,52.9
Brasil,BRA,2022,0.0,73.425,9.231,,,,,,,,,2.54433285377806,52.0
Brasil,BRA,2023,0.0,,7.95,,,,,,,,,2.38117772428899,
Barbados,BRB,2001,11.26533,74.247,9.85,5.52529192,0.844182,0.230022,0.321025,0.918029,2.712217,4.660905,1.57895,-2.63035856421411,
Barbados,BRB,2002,11.276117000000001,74.366,10.32,5.86123466,0.850211,0.230032,0.321796,0.918272,2.716531,4.662002,1.577273,0.379644847034342,
Barbados,BRB,2003,11.285990000000002,74.472,11.0,6.69148111,0.856159,0.23004,0.322341,0.918538,2.720469,4.663203,1.57524,1.77670843018247,
Barbados,BRB,2004,11.294903999999999,74.727,9.57,7.31297731,0.860755,0.230062,0.322623,0.918818,2.724301,4.664508,1.573837,1.03164270082674,
Barbados,BRB,2005,11.302589000000001,74.89,9.08,6.77536297,0.863485,0.230088,0.323495,0.91899,2.72731,4.665389,1.573832,3.58049163318141,
Barbados,BRB,2006,11.307220000000001,75.068,8.73,6.58370161,0.861884,0.230168,0.323677,0.919129,2.729436,4.666118,1.576808,5.69870546975358,
Barbados,BRB,2007,11.316761,75.342,7.41,6.05665207,0.859351,0.230298,0.325042,0.919259,2.733735,4.666654,1.582422,1.69597892467999,
Barbados,BRB,2008,11.320982999999998,75.447,8.12,6.47753286,0.853825,0.230442,0.324985,0.919387,2.73648,4.667015,1.588849,0.193845998435037,
Barbados,BRB,2009,11.32782,75.678,10.02,7.14522552,0.851133,0.230546,0.325521,0.91946,2.740063,4.666928,1.594169,-5.41831189198096,
Barbados,BRB,2010,11.330987,75.712,10.69,6.77094746,0.848332,0.230576,0.326282,0.919504,2.743231,4.666546,1.596516,-2.54518078342602,
Barbados,BRB,2011,11.329754000000001,75.917,11.19,6.89690495,0.846158,0.230531,0.325952,0.919525,2.7453,4.665952,1.596336,-1.05154423827166,
Barbados,BRB,2012,11.327418,76.099,11.59,7.77819967,0.844594,0.230445,0.325234,0.919566,2.746834,4.665345,1.5954,-0.505894059276031,
Barbados,BRB,2013,11.32717,76.275,11.55,7.39825487,0.844062,0.230321,0.32495,0.919632,2.749714,4.664815,1.593676,-1.55164706666346,
Barbados,BRB,2014,11.32479,76.476,12.17,6.96651411,0.842887,0.230152,0.324072,0.919698,2.752656,4.66425,1.591075,-0.284468002996604,
Barbados,BRB,2015,11.322937,76.65,9.803,6.83201313,0.842039,0.229942,0.323164,0.919786,2.756602,4.663841,1.587563,2.20661577050399,
Barbados,BRB,2016,11.319242,76.815,8.247,6.83736086,0.841682,0.229685,0.321753,0.919868,2.759747,4.663418,1.583089,2.34436999364772,
Barbados,BRB,2017,11.316902,76.936,8.622,6.65253401,0.842955,0.229386,0.320599,0.919956,2.763322,4.663044,1.57764,0.321058802020829,
Barbados,BRB,2018,0.0,77.067,8.322,6.45336485,,,,,,,,-0.924143740513955,
Barbados,BRB,2019,0.0,77.257,8.413,6.20015001,,,,,,,,0.203625234723731,
Barbados,BRB,2020,0.0,77.393,9.756,7.37276554,,,,,,,,-12.6995106244823,
Barbados,BRB,2021,0.0,77.571,9.417,8.09043312,,,,,,,,-1.36136255059856,
Barbados,BRB,2022,0.0,77.706,8.493,,,,,,,,,13.3055844384939,
Barbados,BRB,2023,0.0,,7.954,,,,,,,,,4.38306198734075,
Brunei Darussalam,BRN,2001,0.0,74.276,5.609,2.5465107,,,,,,,,0.687036971302746,
Brunei Darussalam,BRN,2002,0.0,74.426,5.695,2.53447938,,,,,,,,1.86468572862711,
Brunei Darussalam,BRN,2003,0.0,74.561,5.785,2.60260582,,,,,,,,0.990882745814645,
Brunei Darussalam,BRN,2004,0.0,74.65,5.886,2.55193377,,,,,,,,-1.2846012307221,
Brunei Darussalam,BRN,2005,0.0,74.731,5.993,2.23386168,,,,,,,,-1.32505109993116,
Brunei Darussalam,BRN,2006,0.0,74.783,6.076,1.9072516,,,,,,,,2.6920521206137,
Brunei Darussalam,BRN,2007,0.0,74.818,6.169,1.94145441,,,,,,,,-1.41616764689927,
Brunei Darussalam,BRN,2008,0.0,74.84,6.272,1.87612021,,,,,,,,-3.42374570857473,
Brunei Darussalam,BRN,2009,0.0,74.846,6.397,2.39306617,,,,,,,,-3.20996309111621,
Brunei Darussalam,BRN,2010,0.0,74.849,6.476,2.27826095,,,,,,,,1.11147982582061,
Brunei Darussalam,BRN,2011,0.0,74.858,6.537,1.86409724,,,,,,,,2.33631519650612,
Brunei Darussalam,BRN,2012,0.0,74.827,6.615,1.85097206,,,,,,,,-0.359754944391668,
Brunei Darussalam,BRN,2013,0.0,74.799,6.734,1.898314,,,,,,,,-3.33084483472304,
Brunei Darussalam,BRN,2014,0.0,74.779,6.862,1.91436803,,,,,,,,-3.66751893243057,
Brunei Darussalam,BRN,2015,0.0,74.75,7.694,2.38708901,,,,,,,,-1.52238423188406,
Brunei Darussalam,BRN,2016,0.0,74.733,8.521,2.54828691,,,,,,,,-3.5211439819828,
Brunei Darussalam,BRN,2017,0.0,74.722,9.316,2.27022862,,,,,,,,0.320205438773229,
Brunei Darussalam,BRN,2018,0.0,74.712,8.7,2.41289377,,,,,,,,-0.868860056866723,
Brunei Darussalam,BRN,2019,0.0,74.748,6.6,2.19410944,,,,,,,,2.9742261522544,
Brunei Darussalam,BRN,2020,0.0,74.795,7.409,2.39334464,,,,,,,,0.291718917001631,
Brunei Darussalam,BRN,2021,0.0,74.642,4.905,2.20486665,,,,,,,,-2.39682156288096,
Brunei Darussalam,BRN,2022,0.0,74.551,5.191,,,,,,,,,-2.42340770254603,
Brunei Darussalam,BRN,2023,0.0,,5.27,,,,,,,,,0.617815738109002,
Bhután,BTN,2001,0.0,63.444,1.9,5.0041995,,,,,,,,4.47682454374838,
Bhután,BTN,2002,0.0,64.078,1.851,4.59563637,,,,,,,,7.62241846890043,
Bhután,BTN,2003,0.0,64.696,1.8,4.1293807,,,,,,,,5.1405860870309,40.9
Bhután,BTN,2004,0.0,65.268,2.49,4.59777308,,,,,,,,2.67162883913616,
Bhután,BTN,2005,0.0,65.805,3.1,4.13416338,,,,,,,,4.78580425762418,
Bhután,BTN,2006,0.0,66.362,3.13,4.4061017,,,,,,,,4.08159681368063,
Bhután,BTN,2007,0.0,66.954,3.7,4.1298461,,,,,,,,14.6817797745749,38.1
Bhután,BTN,2008,0.0,67.499,3.833,3.38117099,,,,,,,,3.29841032252129,
Bhután,BTN,2009,0.0,67.897,3.96,3.5476253,,,,,,,,6.4420165285707,
Bhután,BTN,2010,0.0,68.43,3.32,3.55879498,,,,,,,,10.6883556419345,
Bhután,BTN,2011,0.0,68.881,3.23,3.34921789,,,,,,,,7.12106787473365,
Bhután,BTN,2012,0.0,69.326,2.05,3.61913681,,,,,,,,3.95672557264626,38.8
Bhután,BTN,2013,0.0,69.707,2.87,3.70787191,,,,,,,,0.578396638733153,
Bhután,BTN,2014,0.0,70.049,2.63,3.55791116,,,,,,,,4.6456940695835,
Bhután,BTN,2015,0.0,70.343,2.45,3.75701189,,,,,,,,5.57671506823725,
Bhután,BTN,2016,0.0,70.602,2.737,3.57613945,,,,,,,,7.46266235738329,
Bhután,BTN,2017,0.0,70.847,3.039,3.3407371,,,,,,,,2.63692880370736,37.4
Bhután,BTN,2018,0.0,71.129,3.35,3.2427721,,,,,,,,2.69039445244988,
Bhután,BTN,2019,0.0,71.391,2.72,3.60361075,,,,,,,,5.01613201585434,
Bhután,BTN,2020,0.0,71.609,5.03,4.36274862,,,,,,,,-10.8049660018348,
Bhután,BTN,2021,0.0,71.815,4.804,3.84550023,,,,,,,,3.75252137859019,
Bhután,BTN,2022,0.0,72.229,5.947,,,,,,,,,4.5457045450386,28.5
Bhután,BTN,2023,0.0,,5.653,,,,,,,,,,
Botswana,BWA,2001,10.854832,50.676,18.54,6.3660779,0.711344,0.175311,0.195284,0.633666,4.045338,3.491398,1.602491,-1.73773222971184,
Botswana,BWA,2002,10.85087,50.632,21.272,6.66529799,0.702927,0.175903,0.197252,0.633865,4.052053,3.49206,1.59681,4.10782981578046,64.7
Botswana,BWA,2003,10.84291,50.947,23.8,6.40933847,0.694839,0.176549,0.198964,0.634047,4.054905,3.492459,1.591147,2.8085206399368,
Botswana,BWA,2004,10.838025000000002,51.617,21.754,6.09125996,0.688232,0.17713,0.200897,0.634216,4.057692,3.492698,1.58716,0.925705688278057,
Botswana,BWA,2005,10.836825000000001,52.61,19.847,5.26532936,0.685798,0.177532,0.202405,0.634395,4.05717,3.492968,1.586557,2.69387823705134,
Botswana,BWA,2006,10.846056,53.918,17.782,4.87599421,0.689928,0.17783,0.204028,0.634701,4.054952,3.493578,1.591039,6.34700490671101,
Botswana,BWA,2007,10.861704,55.732,16.99,5.52080727,0.699329,0.178166,0.206201,0.635174,4.048557,3.49447,1.599807,3.73406780956059,
Botswana,BWA,2008,10.878787,57.121,16.315,5.89747286,0.709856,0.178518,0.208,0.635729,4.04105,3.495495,1.610139,1.17691883239625,
Botswana,BWA,2009,10.894561,58.279,16.169,6.62081194,0.72146,0.17885,0.21,0.636239,4.032543,3.49643,1.619039,-15.8905576875302,60.5
Botswana,BWA,2010,10.902512000000002,60.013,17.86,6.26718187,0.728794,0.179138,0.211702,0.636616,4.025457,3.497246,1.623559,7.87587113231369,
Botswana,BWA,2011,10.903696,60.53,18.062,5.86915016,0.732928,0.17942,0.213178,0.636902,4.018581,3.49805,1.624637,4.71716586305368,
Botswana,BWA,2012,10.904258,60.8,17.949,6.35010576,0.737394,0.179757,0.215543,0.637226,4.010065,3.49906,1.625213,-2.07017412610281,
Botswana,BWA,2013,10.904798,61.996,18.203,6.49913645,0.741731,0.180136,0.217751,0.63756,4.002401,3.500177,1.625042,9.00566388932995,
Botswana,BWA,2014,10.904449,62.608,18.518,5.8804059,0.74584,0.180556,0.22057,0.637921,3.993973,3.501512,1.624077,3.67952261203213,
Botswana,BWA,2015,10.902467000000001,63.818,18.939,6.10287762,0.748598,0.180996,0.223225,0.638262,3.98648,3.502876,1.62203,-6.70030234174305,53.3
Botswana,BWA,2016,10.896561000000002,65.464,19.343,5.76837635,0.750841,0.181458,0.225158,0.638615,3.977128,3.50455,1.618811,5.05137315273221,
Botswana,BWA,2017,10.890160999999999,66.753,19.678,6.62986994,0.75275,0.181928,0.227733,0.638943,3.968129,3.506339,1.614339,1.97194438915353,
Botswana,BWA,2018,0.0,65.422,19.679,6.04010344,,,,,,,,2.08134612425246,
Botswana,BWA,2019,0.0,65.464,20.094,6.12193203,,,,,,,,1.04167163959789,
Botswana,BWA,2020,0.0,65.647,21.017,6.1213398,,,,,,,,-10.4026309073442,
Botswana,BWA,2021,0.0,61.141,23.106,6.30929565,,,,,,,,10.103693502394,
Botswana,BWA,2022,0.0,65.913,23.615,,,,,,,,,3.8067432389778,
Botswana,BWA,2023,0.0,,23.381,,,,,,,,,1.00081239471177,
República Centroafricana,CAF,2001,0.0,45.393,5.589,3.95594192,,,,,,,,2.13885527335542,
República Centroafricana,CAF,2002,0.0,45.409,5.625,4.22761345,,,,,,,,1.35277536204286,
República Centroafricana,CAF,2003,0.0,45.76,5.631,4.39720297,,,,,,,,-7.65734591441719,
República Centroafricana,CAF,2004,0.0,46.038,5.56,4.30442286,,,,,,,,3.72059104688861,
República Centroafricana,CAF,2005,0.0,46.433,5.53,4.36732149,,,,,,,,-1.3381825936235,
República Centroafricana,CAF,2006,0.0,46.851,5.46,4.44105434,,,,,,,,2.68466734365158,
República Centroafricana,CAF,2007,0.0,47.426,5.419,4.71851492,,,,,,,,2.66586506065356,
República Centroafricana,CAF,2008,0.0,48.016,5.372,4.08699083,,,,,,,,-0.039937079778781,56.2
República Centroafricana,CAF,2009,0.0,48.648,5.463,4.81901121,,,,,,,,6.27239396663248,
República Centroafricana,CAF,2010,0.0,49.255,5.585,3.56699872,,,,,,,,2.4859848510043,
República Centroafricana,CAF,2011,0.0,49.948,5.551,3.67561865,,,,,,,,2.61023480271317,
República Centroafricana,CAF,2012,0.0,50.686,5.52,3.91814446,,,,,,,,4.14515839433653,
República Centroafricana,CAF,2013,0.0,50.902,5.56,4.76660204,,,,,,,,-36.7776971639348,
República Centroafricana,CAF,2014,0.0,50.566,5.685,4.56557369,,,,,,,,0.158111558752452,
República Centroafricana,CAF,2015,0.0,52.793,5.871,5.03434181,,,,,,,,3.89115882835796,
República Centroafricana,CAF,2016,0.0,53.46,5.904,5.44402313,,,,,,,,2.93809923935532,
República Centroafricana,CAF,2017,0.0,53.721,5.969,6.66541576,,,,,,,,2.59092350135077,
República Centroafricana,CAF,2018,0.0,54.369,5.896,10.99657822,,,,,,,,1.79222030531334,
República Centroafricana,CAF,2019,0.0,55.025,5.978,7.76124763,,,,,,,,0.833009810869896,
República Centroafricana,CAF,2020,0.0,54.604,6.556,8.98538017,,,,,,,,-1.62477557942373,
República Centroafricana,CAF,2021,0.0,53.895,6.676,9.06853294,,,,,,,,-1.12909380998966,43.0
República Centroafricana,CAF,2022,0.0,54.477,6.337,,,,,,,,,-1.69540495573479,
República Centroafricana,CAF,2023,0.0,,6.286,,,,,,,,,-1.9960315377229,
Canadá,CAN,2001,0.0,79.3980487804878,7.219,8.62482357,,,,,,,,0.774519432401604,33.6
Canadá,CAN,2002,0.0,79.5307317073171,7.665,8.85670471,,,,,,,,1.88796484588035,33.6
Canadá,CAN,2003,0.0,79.7151219512195,7.574,9.01090145,,,,,,,,0.895018592714791,33.8
Canadá,CAN,2004,0.0,79.9921951219512,7.185,9.06628132,,,,,,,,2.13581559364609,33.8
Canadá,CAN,2005,0.0,80.1126829268293,6.758,9.03540611,,,,,,,,2.23757658237358,33.6
Canadá,CAN,2006,0.0,80.5436585365854,6.484,9.34210205,,,,,,,,1.602901526748,34.1
Canadá,CAN,2007,0.0,80.5436585365854,6.156,9.44540119,,,,,,,,1.06414485183241,33.8
Canadá,CAN,2008,0.0,80.7246341463415,6.284,9.60754967,,,,,,,,-0.0933427837335614,33.9
Canadá,CAN,2009,0.0,81.0660975609756,8.46,10.66225815,,,,,,,,-4.02008812114738,34.0
Canadá,CAN,2010,0.0,81.3221951219512,8.178,10.67611408,,,,,,,,1.95144747592553,33.6
Canadá,CAN,2011,0.0,81.4826829268293,7.637,10.37950897,,,,,,,,2.13607713967458,32.7
Canadá,CAN,2012,0.0,81.6636585365854,7.392,10.50971508,,,,,,,,0.658841990369126,33.5
Canadá,CAN,2013,0.0,81.7448780487805,7.143,10.41174984,,,,,,,,1.25359012904651,33.8
Canadá,CAN,2014,0.0,81.7843902439025,7.023,10.25765324,,,,,,,,1.8484095174269,33.2
Canadá,CAN,2015,0.0,81.8156097560976,6.945,10.73869705,,,,,,,,-0.112369172949158,33.7
Canadá,CAN,2016,0.0,81.9248780487805,7.038,11.0319252,,,,,,,,-0.0982963525159875,32.7
Canadá,CAN,2017,0.0,81.8329268292683,6.426,10.90631104,,,,,,,,1.80946446279282,33.3
Canadá,CAN,2018,0.0,81.8439024390244,5.837,10.90542507,,,,,,,,1.28092657904244,32.5
Canadá,CAN,2019,0.0,82.2239024390244,5.69,11.00887775,,,,,,,,0.42965758108582,31.7
Canadá,CAN,2020,0.0,81.6604878048781,9.657,13.0351181,,,,,,,,-6.06240642959015,
Canadá,CAN,2021,0.0,81.5870731707317,7.527,12.3341074,,,,,,,,4.70538205187351,
Canadá,CAN,2022,0.0,81.2956097560976,5.28,11.15471363,,,,,,,,1.95567065895641,
Canadá,CAN,2023,0.0,,5.366,,,,,,,,,-1.85450959009675,
Europa Central y del Báltico,CEB,2001,0.0,73.0961481937343,13.2225598769146,5.90452601118644,,,,,,,,3.83492187231337,
Europa Central y del Báltico,CEB,2002,0.0,73.2424154880921,13.7537268976148,6.15260343865032,,,,,,,,4.29313353960539,
Europa Central y del Báltico,CEB,2003,0.0,73.3822527825258,13.0006847345941,6.38978358820901,,,,,,,,4.41470379318343,
Europa Central y del Báltico,CEB,2004,0.0,73.7304349327381,12.9208540746029,6.35264649250165,,,,,,,,6.13105597474635,
Europa Central y del Báltico,CEB,2005,0.0,73.8449951359211,12.0601595505283,6.35930941474515,,,,,,,,5.30603135384959,
Europa Central y del Báltico,CEB,2006,0.0,74.0926027308097,10.1054446963892,6.2154094951664,,,,,,,,6.86628569248957,
Europa Central y del Báltico,CEB,2007,0.0,74.2506487210768,7.81111399813188,6.12727782947657,,,,,,,,6.83063643305167,
Europa Central y del Báltico,CEB,2008,0.0,74.5759526780779,6.60659148105123,6.37214016908446,,,,,,,,4.30865343066624,
Europa Central y del Báltico,CEB,2009,0.0,74.9303639266576,8.48618728071069,6.84244057705226,,,,,,,,-3.32110535761572,
Europa Central y del Báltico,CEB,2010,0.0,75.2939657786314,9.89852171467373,6.89539978565727,,,,,,,,1.80446044896291,
Europa Central y del Báltico,CEB,2011,0.0,75.8884748834282,9.78925887607786,6.59882087893579,,,,,,,,3.76005080934365,
Europa Central y del Báltico,CEB,2012,0.0,75.993488603453,9.97937191003944,6.61643882028612,,,,,,,,1.05733043023666,
Europa Central y del Báltico,CEB,2013,0.0,76.3551629869808,10.0481870905186,6.67305636276107,,,,,,,,0.882800301277697,
Europa Central y del Báltico,CEB,2014,0.0,76.6756236113045,8.86413733524672,6.59586555516121,,,,,,,,3.43271033280162,
Europa Central y del Báltico,CEB,2015,0.0,76.5718777647788,7.82265664366544,6.52001316889414,,,,,,,,4.26638844753677,
Europa Central y del Báltico,CEB,2016,0.0,76.9698114171911,6.49345477676331,6.67698324815997,,,,,,,,3.01618370615324,
Europa Central y del Báltico,CEB,2017,0.0,76.9283763556248,5.29764711939543,6.60489401385158,,,,,,,,5.36131604905552,
Europa Central y del Báltico,CEB,2018,0.0,76.9768226818402,4.31558554732781,6.55215705402909,,,,,,,,5.15276206572682,
Europa Central y del Báltico,CEB,2019,0.0,77.2668446661451,3.78084720704764,6.6632016171511,,,,,,,,4.0504990108732,
Europa Central y del Báltico,CEB,2020,0.0,76.0823543627006,4.3737883559419,7.26500705152841,,,,,,,,-3.21102807339452,
Europa Central y del Báltico,CEB,2021,0.0,74.7974010962248,4.48659281280673,7.44209241381619,,,,,,,,7.23833276988042,
Europa Central y del Báltico,CEB,2022,0.0,76.7900832133555,4.00665167510362,,,,,,,,,5.6059168603892,
Europa Central y del Báltico,CEB,2023,0.0,,4.08125724708342,,,,,,,,,0.463185639530337,
Suiza,CHE,2001,0.0,80.1804878048781,2.49,9.46040154,,,,,,,,0.934949653145424,
Suiza,CHE,2002,0.0,80.3853658536585,2.924,9.88000202,,,,,,,,-0.826280428167465,31.7
Suiza,CHE,2003,0.0,80.5365853658537,4.117,10.13696766,,,,,,,,-0.771333169072193,
Suiza,CHE,2004,0.0,81.0878048780488,4.316,10.22576523,,,,,,,,1.99813205561574,31.6
Suiza,CHE,2005,0.0,81.2365853658537,4.437,10.05823421,,,,,,,,2.09358660743027,
Suiza,CHE,2006,0.0,81.490243902439,3.995,9.58019924,,,,,,,,3.42255065978614,33.9
Suiza,CHE,2007,0.0,81.7414634146342,3.641,9.41693878,,,,,,,,2.99182202308279,34.3
Suiza,CHE,2008,0.0,81.9926829268293,3.35,9.53167629,,,,,,,,1.50995079379716,33.8
Suiza,CHE,2009,0.0,82.0439024390244,4.109,10.1415062,,,,,,,,-3.51055886020198,32.9
Suiza,CHE,2010,0.0,82.2463414634147,4.808,9.93353558,,,,,,,,2.17363816396787,32.6
Suiza,CHE,2011,0.0,82.6951219512195,4.409,10.04628563,,,,,,,,0.687339869637952,31.7
Suiza,CHE,2012,0.0,82.6975609756098,4.491,10.14446354,,,,,,,,0.110596604306124,31.6
Suiza,CHE,2013,0.0,82.7975609756098,4.747,10.37922478,,,,,,,,0.628360675437008,32.5
Suiza,CHE,2014,0.0,83.1975609756098,4.826,10.42800808,,,,,,,,1.10869359440046,32.5
Suiza,CHE,2015,0.0,82.8975609756098,4.801,10.77887917,,,,,,,,0.494129822392765,32.3
Suiza,CHE,2016,0.0,83.6024390243903,4.918,10.9900341,,,,,,,,0.960131673178253,33.0
Suiza,CHE,2017,0.0,83.5512195121951,4.797,11.0451622,,,,,,,,0.421326163056477,32.7
Suiza,CHE,2018,0.0,83.7536585365854,4.713,10.77226162,,,,,,,,2.10552472012415,33.1
Suiza,CHE,2019,0.0,83.9048780487805,4.394,11.06363678,,,,,,,,0.423089768227314,34.0
Suiza,CHE,2020,0.0,83.0,4.817,11.73206806,,,,,,,,-2.85415832226442,33.7
Suiza,CHE,2021,0.0,83.7512195121951,5.097,11.80107975,,,,,,,,4.5881921178937,
Suiza,CHE,2022,0.0,83.4536585365854,4.3,,,,,,,,,1.73600130033897,
Suiza,CHE,2023,0.0,,4.05,,,,,,,,,-0.127139868143971,
Islas del Canal,CHI,2001,0.0,79.277,5.041,,,,,,,,,,
Islas del Canal,CHI,2002,0.0,78.906,5.309,,,,,,,,,,
Islas del Canal,CHI,2003,0.0,79.618,5.636,,,,,,,,,,
Islas del Canal,CHI,2004,0.0,80.125,5.834,,,,,,,,,,
Islas del Canal,CHI,2005,0.0,80.344,5.764,,,,,,,,,,
Islas del Canal,CHI,2006,0.0,80.694,5.513,,,,,,,,,,
Islas del Canal,CHI,2007,0.0,81.166,5.204,,,,,,,,,,
Islas del Canal,CHI,2008,0.0,81.317,5.268,,,,,,,,,,
Islas del Canal,CHI,2009,0.0,80.995,6.628,,,,,,,,,,
Islas del Canal,CHI,2010,0.0,81.12,6.97,,,,,,,,,,
Islas del Canal,CHI,2011,0.0,81.726,7.192,,,,,,,,,,
Islas del Canal,CHI,2012,0.0,81.339,7.993,,,,,,,,,,
Islas del Canal,CHI,2013,0.0,81.516,8.531,,,,,,,,,,
Islas del Canal,CHI,2014,0.0,81.884,8.285,,,,,,,,,,
Islas del Canal,CHI,2015,0.0,81.433,7.901,,,,,,,,,,
Islas del Canal,CHI,2016,0.0,81.366,7.442,,,,,,,,,,
Islas del Canal,CHI,2017,0.0,81.331,6.865,,,,,,,,,1.64686802906932,
Islas del Canal,CHI,2018,0.0,81.375,6.324,,,,,,,,,0.819136775738912,
Islas del Canal,CHI,2019,0.0,81.39,6.17,,,,,,,,,1.06106953587401,
Islas del Canal,CHI,2020,0.0,81.264,6.611,,,,,,,,,-9.37857241404085,
Islas del Canal,CHI,2021,0.0,81.232,6.609,,,,,,,,,14.4055151447055,
Islas del Canal,CHI,2022,0.0,81.583,5.91,,,,,,,,,6.94065155065996,
Islas del Canal,CHI,2023,0.0,,5.982,,,,,,,,,,
Chile,CHL,2001,15.447875,76.773,10.39,7.09733057,0.991586,0.198442,0.349739,0.78435,4.271243,6.244696,2.607819,2.00993651227603,
Chile,CHL,2002,15.46965,77.445,10.168,7.20833778,1.013161,0.198607,0.353415,0.78494,4.258413,6.250227,2.610887,2.08611070911063,
Chile,CHL,2003,15.490942,77.387,9.765,7.25047779,1.038053,0.198755,0.355963,0.785541,4.245994,6.255864,2.610772,3.63156646701455,51.5
Chile,CHL,2004,15.508182,77.616,10.162,6.91028547,1.062721,0.198882,0.359324,0.78604,4.232783,6.260465,2.607967,5.61634007452696,
Chile,CHL,2005,15.516710999999999,78.016,9.34,6.62372112,1.085843,0.198996,0.362414,0.786373,4.216627,6.263251,2.603207,4.80751806301836,
Chile,CHL,2006,15.493203999999999,78.261,9.024,6.07235622,1.107557,0.199124,0.366387,0.786617,4.183396,6.264955,2.585168,5.01599112354818,47.7
Chile,CHL,2007,15.434847000000001,77.826,8.427,6.21259642,1.127773,0.199288,0.370711,0.786922,4.133177,6.267107,2.549869,4.14200232075726,
Chile,CHL,2008,15.368583000000001,78.484,9.285,6.73954487,1.14807,0.199466,0.375274,0.787251,4.080212,6.269484,2.508826,2.75580095959636,
Chile,CHL,2009,15.316357,78.741,11.313,7.25026846,1.164654,0.199636,0.380199,0.787585,4.038821,6.271932,2.47353,-2.1283005713077,47.4
Chile,CHL,2010,15.29974,78.501,8.547,6.81958437,1.178621,0.199765,0.385166,0.787847,4.019166,6.273744,2.455431,4.78894268723008,
Chile,CHL,2011,15.312906000000002,79.11,7.492,6.79947519,1.191403,0.19989,0.389265,0.788093,4.019435,6.274701,2.450119,5.17603699803075,46.9
Chile,CHL,2012,15.327776,79.023,6.79,7.01951313,1.202907,0.200063,0.39326,0.7884,4.022345,6.275085,2.445716,5.12573837988386,
Chile,CHL,2013,15.344273,79.339,6.361,7.47552633,1.215019,0.200287,0.398024,0.788787,4.024264,6.275241,2.442651,2.31640011770726,46.8
Chile,CHL,2014,15.363909999999999,79.473,6.761,7.84150124,1.226406,0.200535,0.402024,0.789183,4.02991,6.274801,2.441051,0.772927820327766,
Chile,CHL,2015,15.386472,79.746,6.605,8.3513937,1.23733,0.200819,0.406375,0.789644,4.036576,6.274265,2.441463,1.10575838093806,45.3
Chile,CHL,2016,15.413155,80.079,6.926,8.55767059,1.247607,0.201113,0.411006,0.790094,4.046124,6.273138,2.444073,0.550297851444384,
Chile,CHL,2017,15.444571000000002,80.35,7.29,9.090518,1.25715,0.20143,0.416123,0.790591,4.057723,6.272084,2.44947,-0.213266442244986,45.3
Chile,CHL,2018,0.0,80.133,7.647,9.22575188,,,,,,,,2.13907818098535,
Chile,CHL,2019,0.0,80.326,7.533,9.36262131,,,,,,,,-1.15233722364255,
Chile,CHL,2020,0.0,79.377,11.006,9.72726822,,,,,,,,-7.41187882968487,47.0
Chile,CHL,2021,0.0,78.944,9.325,9.34327984,,,,,,,,10.2323992648849,
Chile,CHL,2022,0.0,79.519,8.299,9.00162983,,,,,,,,1.48321236604264,43.0
Chile,CHL,2023,0.0,,9.037,,,,,,,,,0.0867678733738302,
China,CHN,2001,9.771947999999998,72.606,3.8,4.25330067,1.108134,0.324378,0.10475,0.319432,3.416193,3.330394,1.168667,7.55165483158112,
China,CHN,2002,9.720245,72.985,4.24,4.38285255,1.093777,0.325157,0.107442,0.320104,3.405828,3.30375,1.164187,8.40487997488042,42.0
China,CHN,2003,9.660457,73.371,4.58,4.41762781,1.078632,0.326012,0.110203,0.320816,3.397331,3.269053,1.15841,9.35477664383941,
China,CHN,2004,9.606605,73.748,4.49,4.29347467,1.064847,0.326818,0.113182,0.321435,3.390573,3.235555,1.154195,9.46155877008179,
China,CHN,2005,9.571094,74.111,4.52,4.17605019,1.054821,0.327416,0.11611,0.321785,3.383844,3.212888,1.15423,10.741375126566,40.9
China,CHN,2006,9.562013,74.504,4.43,3.94742203,1.046925,0.328007,0.119188,0.321984,3.38322,3.199774,1.162915,12.0933046941309,
China,CHN,2007,9.57241,74.762,4.35,3.67491412,1.040608,0.328819,0.122403,0.322216,3.390858,3.187971,1.179535,13.6358205007554,
China,CHN,2008,9.590739000000001,74.872,4.59,3.900002,1.035721,0.32974,0.125854,0.322423,3.401423,3.176508,1.19907,9.09028010137361,43.0
China,CHN,2009,9.606389,75.343,4.72,4.34958458,1.033863,0.330649,0.129427,0.322561,3.408947,3.164577,1.216365,8.8559476757714,
China,CHN,2010,9.607905,75.599,4.53,4.23068333,1.034345,0.331409,0.132949,0.322564,3.408793,3.151692,1.226153,10.1028326225249,43.7
China,CHN,2011,9.598320000000001,75.903,4.55,4.34274387,1.037749,0.332101,0.136489,0.32247,3.402178,3.137424,1.229909,8.95381604174548,42.4
China,CHN,2012,9.586911,76.192,4.58,4.56584787,1.044064,0.332898,0.140075,0.322355,3.393032,3.121833,1.232654,7.13452377743971,42.2
China,CHN,2013,9.573446,76.452,4.6,4.71490669,1.052718,0.333801,0.143961,0.322233,3.38155,3.10498,1.234203,7.05073413400802,39.7
China,CHN,2014,9.557391,76.717,4.63,4.77790594,1.064056,0.334796,0.147676,0.322124,3.367462,3.087059,1.234218,6.75076031581014,39.2
China,CHN,2015,9.53966,76.977,4.65,4.93827963,1.078275,0.335852,0.151513,0.32202,3.351279,3.068531,1.23219,6.42073647731185,38.6
China,CHN,2016,9.519363,77.218,4.56,4.97955608,1.094714,0.336981,0.155511,0.321949,3.332592,3.049823,1.227793,6.23821544767785,38.5
China,CHN,2017,9.496789,77.248,4.47,5.06592178,1.113943,0.338174,0.159588,0.321906,3.311306,3.030969,1.220903,6.30186310056631,39.1
China,CHN,2018,0.0,77.744,4.31,5.16790485,,,,,,,,6.25170055571749,38.5
China,CHN,2019,0.0,77.968,4.56,5.3502779,,,,,,,,5.57531686294317,38.2
China,CHN,2020,0.0,78.077,5.0,5.59359741,,,,,,,,1.99555804192106,37.1
China,CHN,2021,0.0,78.211,4.55,5.38360548,,,,,,,,8.35171995394172,35.7
China,CHN,2022,0.0,78.587,4.98,,,,,,,,,3.00257602626677,
China,CHN,2023,0.0,,4.67,,,,,,,,,5.30924853429752,
Côte d'Ivoire,CIV,2001,0.0,50.81,5.199,6.01767921,,,,,,,,-4.68334631573148,
Côte d'Ivoire,CIV,2002,0.0,50.886,5.516,5.90386152,,,,,,,,-5.14208530720043,41.3
Côte d'Ivoire,CIV,2003,0.0,50.954,5.858,5.47972536,,,,,,,,-7.00066132974892,
Côte d'Ivoire,CIV,2004,0.0,51.363,5.93,5.47516584,,,,,,,,0.801103621302261,
Côte d'Ivoire,CIV,2005,0.0,51.824,6.041,5.00639105,,,,,,,,-1.26826505224783,
Côte d'Ivoire,CIV,2006,0.0,52.355,6.04,4.76326609,,,,,,,,0.568624256882572,
Côte d'Ivoire,CIV,2007,0.0,52.97,6.308,4.55249786,,,,,,,,-1.05981563446697,
Côte d'Ivoire,CIV,2008,0.0,53.653,6.404,4.56869602,,,,,,,,2.57386800536852,43.2
Côte d'Ivoire,CIV,2009,0.0,54.394,6.586,4.46966648,,,,,,,,1.43226136789183,
Côte d'Ivoire,CIV,2010,0.0,55.023,6.614,4.41577387,,,,,,,,4.61051808695339,
Côte d'Ivoire,CIV,2011,0.0,55.52,7.145,4.39700699,,,,,,,,-7.31400548495932,
Côte d'Ivoire,CIV,2012,0.0,56.158,7.223,4.4273715,,,,,,,,5.43092306704378,
Côte d'Ivoire,CIV,2013,0.0,56.748,4.255,3.71773791,,,,,,,,8.49980303264989,
Côte d'Ivoire,CIV,2014,0.0,57.208,3.275,3.7310183,,,,,,,,6.86886132567159,
Côte d'Ivoire,CIV,2015,0.0,57.762,2.574,3.2198832,,,,,,,,4.46388996163833,41.5
Côte d'Ivoire,CIV,2016,0.0,58.06,1.896,3.32101274,,,,,,,,4.44236105899517,
Côte d'Ivoire,CIV,2017,0.0,58.48,3.273,3.24693036,,,,,,,,4.66846126110498,
Côte d'Ivoire,CIV,2018,0.0,58.849,2.851,3.0916779,,,,,,,,2.1866084962458,37.2
Côte d'Ivoire,CIV,2019,0.0,59.319,2.401,3.21496511,,,,,,,,4.05385073540685,
Côte d'Ivoire,CIV,2020,0.0,59.032,2.559,3.62587261,,,,,,,,-1.79502043398364,
Côte d'Ivoire,CIV,2021,0.0,58.598,2.59,3.13269377,,,,,,,,4.46660908373198,35.3
Côte d'Ivoire,CIV,2022,0.0,58.916,2.434,,,,,,,,,3.64433169021896,
Côte d'Ivoire,CIV,2023,0.0,,2.403,,,,,,,,,3.90697480327145,
Camerún,CMR,2001,0.0,53.142,7.46,3.88486743,,,,,,,,1.61967885394192,42.1
Camerún,CMR,2002,0.0,53.415,6.711,4.02669907,,,,,,,,1.71456911156159,
Camerún,CMR,2003,0.0,53.883,5.909,3.90227985,,,,,,,,2.61413205031191,
Camerún,CMR,2004,0.0,54.178,5.088,3.72798967,,,,,,,,4.15072943765342,
Camerún,CMR,2005,0.0,54.362,4.4,3.77274442,,,,,,,,-0.527954203572861,
Camerún,CMR,2006,0.0,54.856,3.73,3.73662806,,,,,,,,1.02499358925834,
Camerún,CMR,2007,0.0,55.165,3.063,3.70858574,,,,,,,,1.4665444946196,42.8
Camerún,CMR,2008,0.0,55.655,3.385,3.65843678,,,,,,,,-0.0290814506774097,
Camerún,CMR,2009,0.0,56.102,3.742,3.49997187,,,,,,,,-0.299622048768526,
Camerún,CMR,2010,0.0,56.582,4.11,3.57742167,,,,,,,,0.0065827892668011,
Camerún,CMR,2011,0.0,57.133,3.989,3.85282946,,,,,,,,0.493346678618309,
Camerún,CMR,2012,0.0,57.792,3.837,3.9310236,,,,,,,,1.72184165315457,
Camerún,CMR,2013,0.0,58.476,3.687,3.63111043,,,,,,,,2.0826098393218,
Camerún,CMR,2014,0.0,58.935,3.534,3.78765464,,,,,,,,2.55890268630796,46.6
Camerún,CMR,2015,0.0,59.658,3.52,3.59505081,,,,,,,,2.39279741345202,
Camerún,CMR,2016,0.0,60.233,3.534,3.5937767,,,,,,,,1.4542326740103,
Camerún,CMR,2017,0.0,60.81,3.581,3.39752436,,,,,,,,0.648212633716412,
Camerún,CMR,2018,0.0,61.18,3.619,3.61970162,,,,,,,,1.12179521442972,
Camerún,CMR,2019,0.0,61.584,3.646,3.65157914,,,,,,,,0.643223203710647,
Camerún,CMR,2020,0.0,60.833,3.866,3.77177453,,,,,,,,-2.42243441822372,
Camerún,CMR,2021,0.0,60.333,3.951,3.82407379,,,,,,,,0.650616044527055,42.2
Camerún,CMR,2022,0.0,60.958,3.687,,,,,,,,,0.926268102301123,
Camerún,CMR,2023,0.0,,3.646,,,,,,,,,1.33338655145477,
Colombia,COL,2001,8.863223,71.502,15.04,5.94238281,0.958026,0.199473,0.21726,0.752258,2.405436,2.713044,1.617726,0.0884838526056058,57.3
Colombia,COL,2002,8.888401,71.939,14.481,5.73296595,0.975615,0.199642,0.218515,0.752865,2.412206,2.715981,1.613577,0.942693273744325,56.0
Colombia,COL,2003,8.916575,72.361,13.221,5.77505445,0.996259,0.199855,0.219406,0.753559,2.420838,2.719058,1.6076,2.39044804171908,53.6
Colombia,COL,2004,8.942867000000001,72.695,13.717,5.79892111,1.016965,0.2001,0.220617,0.754305,2.425944,2.721999,1.602937,3.83937816611186,55.0
Colombia,COL,2005,8.967481000000001,73.081,11.062,6.06710529,1.033644,0.200364,0.221817,0.755098,2.429338,2.724836,1.602384,3.40689564758681,53.9
Colombia,COL,2006,8.965401,73.468,11.091,6.33546638,1.049039,0.200737,0.22324,0.75622,2.410619,2.707042,1.618504,5.33972344422868,
Colombia,COL,2007,8.932778,73.837,11.204,6.49102163,1.067933,0.201283,0.225744,0.757862,2.365835,2.66042,1.653701,5.42284761879293,
Colombia,COL,2008,8.884070000000001,74.295,11.273,6.84192228,1.086935,0.201928,0.228528,0.759763,2.308239,2.603089,1.695588,2.08424236302407,55.3
Colombia,COL,2009,8.838576,74.742,12.066,7.3113451,1.101678,0.202567,0.231591,0.761556,2.256667,2.553084,1.731433,0.0016622794089613,54.3
Colombia,COL,2010,8.817781,75.033,11.153,7.07130146,1.110995,0.203094,0.235014,0.762864,2.228705,2.528589,1.74852,3.32373450571197,54.6
Colombia,COL,2011,8.810625,75.32,10.288,6.78076792,1.110854,0.203551,0.237897,0.763774,2.219333,2.523272,1.751944,5.78469976561988,53.5
Colombia,COL,2012,8.805522999999999,75.597,9.959,6.74601603,1.11095,0.204063,0.241137,0.764691,2.210586,2.518935,1.755161,2.83788902621922,52.6
Colombia,COL,2013,8.80318,75.827,9.246,7.01724052,1.110399,0.204627,0.244727,0.765611,2.204213,2.515703,1.7579,4.09826590865887,52.6
Colombia,COL,2014,8.797630999999999,76.043,8.799,7.18553209,1.105643,0.205234,0.248564,0.766514,2.198192,2.513603,1.759881,3.51395347912819,52.5
Colombia,COL,2015,8.791594,76.257,8.572,7.52338552,1.098011,0.205874,0.252133,0.767383,2.194632,2.512714,1.760847,1.9906164936335,51.0
Colombia,COL,2016,8.785824999999999,76.471,8.922,7.53117037,1.087434,0.206535,0.256028,0.768184,2.194091,2.513075,1.760478,1.0022727252119,50.6
Colombia,COL,2017,8.781376,76.646,9.086,7.67864323,1.075526,0.207211,0.260257,0.768913,2.196154,2.514803,1.758512,-0.161953874918439,49.7
Colombia,COL,2018,0.0,76.748,9.36,7.62541437,,,,,,,,0.638439615993107,50.4
Colombia,COL,2019,0.0,76.752,10.28,7.77954912,,,,,,,,1.31495237842461,51.3
Colombia,COL,2020,0.0,74.769,15.983,8.71432114,,,,,,,,-8.54039537725433,53.5
Colombia,COL,2021,0.0,72.83,13.898,9.01772404,,,,,,,,9.54105155997694,55.1
Colombia,COL,2022,0.0,73.659,10.547,,,,,,,,,6.54956011610601,54.8
Colombia,COL,2023,0.0,,9.565,,,,,,,,,0.204317447798601,
Comoras,COM,2001,0.0,59.163,4.379,6.65322924,,,,,,,,0.280984169823668,
Comoras,COM,2002,0.0,59.056,4.369,6.68114853,,,,,,,,0.255555656908982,
Comoras,COM,2003,0.0,59.258,4.565,6.65392351,,,,,,,,0.1190309687763,
Comoras,COM,2004,0.0,59.48,4.571,6.58027744,,,,,,,,-0.013669963839348,55.9
Comoras,COM,2005,0.0,59.604,4.597,6.12521315,,,,,,,,0.837129282895191,
Comoras,COM,2006,0.0,59.875,4.622,5.77074099,,,,,,,,0.614075249723413,
Comoras,COM,2007,0.0,60.102,4.688,5.41753864,,,,,,,,-1.20011216319905,
Comoras,COM,2008,0.0,60.475,4.699,5.06897497,,,,,,,,1.8883579482883,
Comoras,COM,2009,0.0,60.831,4.724,4.92694378,,,,,,,,1.14810444039553,
Comoras,COM,2010,0.0,61.123,4.692,4.99181557,,,,,,,,1.63727042363348,
Comoras,COM,2011,0.0,61.503,4.726,5.3021183,,,,,,,,1.96029948456604,
Comoras,COM,2012,0.0,61.834,4.767,5.17354631,,,,,,,,0.985839766079934,
Comoras,COM,2013,0.0,62.224,4.79,5.10299349,,,,,,,,2.2496407571649,
Comoras,COM,2014,0.0,62.516,4.88,5.23849726,,,,,,,,-0.0678947856451515,45.3
Comoras,COM,2015,0.0,62.896,4.972,4.60089922,,,,,,,,-1.01406895756402,
Comoras,COM,2016,0.0,63.237,5.042,4.65263557,,,,,,,,1.10293207341641,
Comoras,COM,2017,0.0,63.625,5.04,5.26807451,,,,,,,,1.7123618329055,
Comoras,COM,2018,0.0,63.912,5.018,4.90318584,,,,,,,,1.68672159754276,
Comoras,COM,2019,0.0,64.068,5.1,5.18044472,,,,,,,,-0.126909212225328,
Comoras,COM,2020,0.0,64.166,5.884,5.86521959,,,,,,,,-2.07486139638723,
Comoras,COM,2021,0.0,63.417,5.857,6.33513117,,,,,,,,0.190939004401898,
Comoras,COM,2022,0.0,63.68,5.854,,,,,,,,,0.534046630795132,
Comoras,COM,2023,0.0,,5.795,,,,,,,,,0.856855180780073,
Cabo Verde,CPV,2001,0.0,69.929,13.313,4.75244379,,,,,,,,0.540730982262801,52.5
Cabo Verde,CPV,2002,0.0,70.705,13.434,4.7555151,,,,,,,,3.63330962596591,
Cabo Verde,CPV,2003,0.0,71.429,13.635,4.50008631,,,,,,,,2.68811694706557,
Cabo Verde,CPV,2004,0.0,71.999,13.493,4.37710667,,,,,,,,8.72636817099841,
Cabo Verde,CPV,2005,0.0,72.68,13.471,4.27364111,,,,,,,,5.55790273298587,
Cabo Verde,CPV,2006,0.0,72.239,13.408,4.48974991,,,,,,,,6.67270905062519,
Cabo Verde,CPV,2007,0.0,72.835,13.325,4.18900156,,,,,,,,13.8360549022896,47.2
Cabo Verde,CPV,2008,0.0,72.508,13.331,3.58312893,,,,,,,,5.86382557430392,
Cabo Verde,CPV,2009,0.0,73.088,13.517,3.88152432,,,,,,,,-2.51636697509916,
Cabo Verde,CPV,2010,0.0,73.499,10.67,4.47555733,,,,,,,,0.747349442484108,
Cabo Verde,CPV,2011,0.0,74.257,10.947,4.30527449,,,,,,,,2.68180836295369,
Cabo Verde,CPV,2012,0.0,74.484,11.137,5.13365459,,,,,,,,-0.117356982672689,
Cabo Verde,CPV,2013,0.0,75.059,11.386,5.28994226,,,,,,,,-0.500286991464364,
Cabo Verde,CPV,2014,0.0,75.24,11.67,5.32722235,,,,,,,,-0.434814396432671,
Cabo Verde,CPV,2015,0.0,74.62,11.905,4.82334185,,,,,,,,-0.177226393370418,42.4
Cabo Verde,CPV,2016,0.0,75.742,12.075,4.84606647,,,,,,,,3.11762874056225,
Cabo Verde,CPV,2017,0.0,76.593,12.24,5.2683692,,,,,,,,3.33731043975473,
Cabo Verde,CPV,2018,0.0,75.733,12.17,4.73804712,,,,,,,,2.57258287315263,
Cabo Verde,CPV,2019,0.0,76.004,12.118,4.56319857,,,,,,,,5.86765383506491,
Cabo Verde,CPV,2020,0.0,74.808,14.66,6.12421703,,,,,,,,-21.5678092154403,
Cabo Verde,CPV,2021,0.0,74.052,13.906,6.90378904,,,,,,,,6.07137981777093,
Cabo Verde,CPV,2022,0.0,74.722,12.272,,,,,,,,,16.404766389666,
Cabo Verde,CPV,2023,0.0,,11.994,,,,,,,,,4.17734989864576,
Costa Rica,CRI,2001,9.12323,77.545,6.051,6.47409868,0.721527,0.208179,0.247494,0.828322,2.822984,2.869182,1.425542,1.6009828013412,51.5
Costa Rica,CRI,2002,9.143040000000001,77.983,6.396,6.8690877,0.725505,0.208441,0.249178,0.829303,2.830938,2.873215,1.42646,1.6759375167196,51.8
Costa Rica,CRI,2003,9.166024,78.072,6.654,6.9691925,0.730521,0.208749,0.251286,0.830478,2.839734,2.878039,1.427217,2.67377602698802,49.3
Costa Rica,CRI,2004,9.189066,78.331,6.445,6.63006067,0.735855,0.209071,0.253327,0.83172,2.847832,2.883204,1.428057,2.84845798619627,48.4
Costa Rica,CRI,2005,9.207571999999999,78.505,6.749,6.6642971,0.739405,0.209372,0.255758,0.832882,2.852831,2.888145,1.429179,2.45679896896107,47.5
Costa Rica,CRI,2006,9.228235,78.514,5.926,6.93530846,0.742178,0.209724,0.258018,0.834119,2.859133,2.893424,1.431639,5.79983828152986,49.3
Costa Rica,CRI,2007,9.252056,78.462,4.557,6.99642611,0.745167,0.210183,0.260834,0.835588,2.865004,2.899578,1.435702,6.70775526645618,49.3
Costa Rica,CRI,2008,9.276866,78.445,4.934,7.46854782,0.748524,0.210683,0.263408,0.837125,2.870763,2.905984,1.440379,3.29801133330045,48.6
Costa Rica,CRI,2009,9.30176,78.672,7.824,7.86019135,0.752342,0.211143,0.266174,0.83851,2.877157,2.911825,1.444609,-2.20305716727071,50.6
Costa Rica,CRI,2010,9.320969,78.67,7.171,8.02937794,0.755353,0.21148,0.268952,0.839513,2.882125,2.916324,1.447222,4.01263887146661,48.0
Costa Rica,CRI,2011,9.335285,79.348,9.518,8.12197781,0.75804,0.211746,0.27126,0.840234,2.885282,2.919845,1.448878,3.11652611610467,48.8
Costa Rica,CRI,2012,9.351958,79.283,9.11,7.78642321,0.7607,0.212048,0.274112,0.840921,2.889929,2.92315,1.451098,3.62781247373715,48.4
Costa Rica,CRI,2013,9.366775,79.403,8.218,7.68229342,0.764173,0.212385,0.276925,0.841595,2.891387,2.926328,1.453982,1.31951278902569,49.2
Costa Rica,CRI,2014,9.384578,78.774,8.499,7.66376162,0.76724,0.212742,0.280282,0.842209,2.895363,2.92924,1.457502,2.41456400701435,48.6
Costa Rica,CRI,2015,9.403601,79.086,8.415,7.59196234,0.771107,0.213118,0.283687,0.842788,2.899138,2.932009,1.461754,2.57317861070491,48.4
Costa Rica,CRI,2016,9.421313000000001,79.459,8.085,7.31724358,0.775519,0.213501,0.286636,0.843299,2.901079,2.93454,1.466739,3.15151339047799,48.7
Costa Rica,CRI,2017,9.440152000000001,79.377,7.729,7.04522991,0.778956,0.21389,0.289342,0.843753,2.904788,2.936829,1.472594,3.14326598585389,48.3
Costa Rica,CRI,2018,0.0,79.484,9.01,7.28587723,,,,,,,,1.66130830846163,48.0
Costa Rica,CRI,2019,0.0,79.427,10.807,7.22124958,,,,,,,,1.53529056591222,48.2
Costa Rica,CRI,2020,0.0,79.277,16.432,7.8254571,,,,,,,,-4.99410158295288,49.2
Costa Rica,CRI,2021,0.0,77.023,15.139,7.56881428,,,,,,,,7.28965011679902,48.7
Costa Rica,CRI,2022,0.0,77.32,11.325,,,,,,,,,4.00920256542521,47.2
Costa Rica,CRI,2023,0.0,,8.304,,,,,,,,,4.47981923743382,46.7
Estados pequeos del Caribe,CSS,2001,0.0,68.6874067614505,11.3939887140566,4.34737241758738,,,,,,,,0.344825578862043,
Estados pequeos del Caribe,CSS,2002,0.0,68.8096222331612,11.9148972445171,4.4568622539911,,,,,,,,1.21203390789036,
Estados pequeos del Caribe,CSS,2003,0.0,68.8418240425017,12.240646100901,4.67229532649779,,,,,,,,0.927898776764152,
Estados pequeos del Caribe,CSS,2004,0.0,69.1838012804295,11.60229954848,4.7897274455796,,,,,,,,1.95862036516159,
Estados pequeos del Caribe,CSS,2005,0.0,69.5268272502155,11.2883274484635,4.70950196367002,,,,,,,,2.48031315862917,
Estados pequeos del Caribe,CSS,2006,0.0,69.9428789528673,10.2469478947227,4.8415408316701,,,,,,,,3.66395687296364,
Estados pequeos del Caribe,CSS,2007,0.0,70.3427256043419,9.89370473661709,4.8475380514882,,,,,,,,2.52432754074769,
Estados pequeos del Caribe,CSS,2008,0.0,70.6151454551967,9.92375695397333,5.00579757762669,,,,,,,,-0.211062930655132,
Estados pequeos del Caribe,CSS,2009,0.0,70.9136429057736,11.6022168314644,5.25241831416468,,,,,,,,-3.31643964849341,
Estados pequeos del Caribe,CSS,2010,0.0,71.0937671426414,11.6864870183085,5.21441938533869,,,,,,,,0.29987169966131,
Estados pequeos del Caribe,CSS,2011,0.0,71.2029769513107,12.0237314949098,5.22055863107717,,,,,,,,1.08311392034368,
Estados pequeos del Caribe,CSS,2012,0.0,71.3558020423609,12.1490935837876,5.23105438167198,,,,,,,,1.59964992443979,
Estados pequeos del Caribe,CSS,2013,0.0,71.453102347823,12.5438561470046,5.2957909015634,,,,,,,,-0.721550156859408,
Estados pequeos del Caribe,CSS,2014,0.0,71.6407719635147,12.2346247373154,5.22956335935779,,,,,,,,0.941171594504311,
Estados pequeos del Caribe,CSS,2015,0.0,71.8831902659277,11.5789445340356,5.24401548124548,,,,,,,,-0.120503121847833,
Estados pequeos del Caribe,CSS,2016,0.0,72.2220822250887,11.5331435195688,5.40669474099965,,,,,,,,-0.309021458872621,
Estados pequeos del Caribe,CSS,2017,0.0,72.4446539898052,10.9611837901566,5.69300906158405,,,,,,,,1.15235671011973,
Estados pequeos del Caribe,CSS,2018,0.0,72.7112410753584,11.1749613879246,5.63567081457518,,,,,,,,1.4963939096853,
Estados pequeos del Caribe,CSS,2019,0.0,72.3737406068003,10.8562293538131,5.74038065169206,,,,,,,,-0.0301911126261984,
Estados pequeos del Caribe,CSS,2020,0.0,72.3312275141371,13.3550636913219,6.65642350735939,,,,,,,,-9.65568322089176,
Estados pequeos del Caribe,CSS,2021,0.0,70.4817910938051,12.3954073961092,6.30022563151634,,,,,,,,9.65558995379594,
Estados pequeos del Caribe,CSS,2022,0.0,71.0346770865605,10.7078632981246,,,,,,,,,21.7567492555661,
Estados pequeos del Caribe,CSS,2023,0.0,,9.91360375890167,,,,,,,,,11.9799757819219,
Cuba,CUB,2001,12.077164999999999,76.421,4.08,6.9820981,0.755037,0.199859,0.214536,0.938815,3.725637,4.604783,1.638498,2.87622867106792,
Cuba,CUB,2002,12.031342000000002,76.612,3.31,7.11481619,0.756573,0.20005,0.216168,0.939243,3.667606,4.606656,1.645046,1.144029242407,
Cuba,CUB,2003,11.986804,76.773,2.33,7.10295439,0.756712,0.200304,0.219003,0.939769,3.610515,4.609031,1.65147,3.52243390954436,
Cuba,CUB,2004,11.949585,76.912,1.854,6.83178711,0.758236,0.200574,0.22205,0.94028,3.559469,4.611342,1.657634,5.52482706066367,
Cuba,CUB,2005,11.917062,77.047,1.95,8.75525475,0.759239,0.200802,0.225154,0.940621,3.515118,4.612845,1.663283,10.9957882455721,
Cuba,CUB,2006,11.888981,77.179,1.913,8.2719059,0.758903,0.201125,0.228698,0.940841,3.474393,4.613763,1.671258,11.9213996513492,
Cuba,CUB,2007,11.869665000000001,77.307,1.788,10.9674921,0.759317,0.201655,0.232986,0.941165,3.436416,4.615156,1.68297,7.1740326579004,
Cuba,CUB,2008,11.85541,77.429,1.583,11.31422806,0.759724,0.202254,0.238319,0.941506,3.401267,4.616636,1.695704,4.05476387695902,
Cuba,CUB,2009,11.847254000000001,77.548,1.67,12.29053974,0.7604,0.202795,0.242274,0.941828,3.375126,4.618013,1.706818,1.39217817327636,
Cuba,CUB,2010,11.844477000000001,77.661,2.5,10.6880827,0.761991,0.20315,0.246361,0.942086,3.35815,4.619098,1.713641,2.32476685109735,
Cuba,CUB,2011,11.843563,77.76,3.18,11.31298637,0.762393,0.203372,0.24934,0.942297,3.348778,4.6199,1.717483,2.72684625087871,
Cuba,CUB,2012,11.845013000000002,77.833,3.46,9.29940987,0.76418,0.203594,0.25221,0.942497,3.340647,4.620629,1.721256,2.91852839958906,
Cuba,CUB,2013,11.847475000000001,77.87,3.29,10.43099499,0.766544,0.20381,0.254452,0.942693,3.333781,4.621388,1.724807,2.63607524929792,
Cuba,CUB,2014,11.849783,77.853,2.7,12.1412344,0.76921,0.204009,0.257502,0.942852,3.326268,4.621936,1.728006,0.954420824338413,
Cuba,CUB,2015,11.854115,77.772,2.4,12.81401348,0.771342,0.204195,0.259617,0.943018,3.322598,4.622527,1.730818,4.36587075905668,
Cuba,CUB,2016,11.858443,77.643,2.0,12.2177515,0.774737,0.20436,0.261384,0.943172,3.318622,4.623063,1.733105,0.494073392258642,
Cuba,CUB,2017,11.866496999999999,77.529,1.7,11.47197342,0.778,0.204501,0.263159,0.943329,3.319131,4.623594,1.734783,1.8601470216456,
Cuba,CUB,2018,0.0,77.496,1.7,11.0184288,,,,,,,,2.32160916364217,
Cuba,CUB,2019,0.0,77.611,1.2,11.08496857,,,,,,,,-0.0612185571724808,
Cuba,CUB,2020,0.0,77.567,1.4,12.48639679,,,,,,,,-10.8230104813757,
Cuba,CUB,2021,0.0,73.683,1.373,13.78727818,,,,,,,,1.65241614088968,
Cuba,CUB,2022,0.0,78.155,1.254,,,,,,,,,2.17589201000369,
Cuba,CUB,2023,0.0,,1.163,,,,,,,,,,
Curacao,CUW,2001,0.0,73.110756097561,,,,,,,,,,3.00794601323111,
Curacao,CUW,2002,0.0,73.2115365853659,,,,,,,,,,0.274293371213943,
Curacao,CUW,2003,0.0,73.353512195122,,,,,,,,,,-1.75868169706047,
Curacao,CUW,2004,0.0,73.4289268292683,,,,,,,,,,-1.50534018302206,
Curacao,CUW,2005,0.0,73.5657073170732,,,,,,,,,,-1.85843997498654,
Curacao,CUW,2006,0.0,74.709756097561,,,,,,,,,,-0.940961791444465,
Curacao,CUW,2007,0.0,75.3634146341464,,,,,,,,,,0.466173824147887,
Curacao,CUW,2008,0.0,75.309756097561,,,,,,,,,,0.910342294763453,
Curacao,CUW,2009,0.0,76.1560975609756,,,,,,,,,,-1.17689651776027,
Curacao,CUW,2010,0.0,,,,,,,,,,,-1.17626862745298,
Curacao,CUW,2011,0.0,77.4731707317073,,,,,,,,,,-0.90956664776219,
Curacao,CUW,2012,0.0,77.5243902439024,,,,,,,,,,-1.1725619495316,
Curacao,CUW,2013,0.0,77.8268292682927,,,,,,,,,,-1.75580782515972,
Curacao,CUW,2014,0.0,77.9756097560976,,,,,,,,,,-1.96746652701209,
Curacao,CUW,2015,0.0,78.0756097560976,,,,,,,,,,-0.858779914555939,
Curacao,CUW,2016,0.0,77.719512195122,,,,,,,,,,-2.11116210733545,
Curacao,CUW,2017,0.0,78.0170731707317,,,,,,,,,,-1.59116272960222,
Curacao,CUW,2018,0.0,,,,,,,,,,,-1.58863051943423,
Curacao,CUW,2019,0.0,,,,,,,,,,,-2.04109664387006,
Curacao,CUW,2020,0.0,,,,,,,,,,,-16.7192189319402,
Curacao,CUW,2021,0.0,,,,,,,,,,,5.96300691085459,
Curacao,CUW,2022,0.0,,,,,,,,,,,9.60702352062721,
Curacao,CUW,2023,0.0,,,,,,,,,,,,
Islas Caimán,CYM,2001,0.0,,,,,,,,,,,,
Islas Caimán,CYM,2002,0.0,,,,,,,,,,,,
Islas Caimán,CYM,2003,0.0,,,,,,,,,,,,
Islas Caimán,CYM,2004,0.0,,,,,,,,,,,,
Islas Caimán,CYM,2005,0.0,,,,,,,,,,,,
Islas Caimán,CYM,2006,0.0,,,,,,,,,,,,
Islas Caimán,CYM,2007,0.0,,,,,,,,,,,0.10807905670957,
Islas Caimán,CYM,2008,0.0,,,,,,,,,,,-3.2342371527816,
Islas Caimán,CYM,2009,0.0,,,,,,,,,,,-9.80970840051101,
Islas Caimán,CYM,2010,0.0,82.190243902439,,,,,,,,,,-5.36390738962776,
Islas Caimán,CYM,2011,0.0,,,,,,,,,,,-1.41613392590509,
Islas Caimán,CYM,2012,0.0,,,,,,,,,,,-1.20574232533728,
Islas Caimán,CYM,2013,0.0,,,,,,,,,,,-1.07292761788629,
Islas Caimán,CYM,2014,0.0,,,,,,,,,,,0.33287094920928,
Islas Caimán,CYM,2015,0.0,,,,,,,,,,,0.550605614944004,
Islas Caimán,CYM,2016,0.0,,,,,,,,,,,1.01116428932517,
Islas Caimán,CYM,2017,0.0,,,,,,,,,,,1.03211439131128,
Islas Caimán,CYM,2018,0.0,,,,,,,,,,,2.17337122661354,
Islas Caimán,CYM,2019,0.0,,,,,,,,,,,1.95152494483449,
Islas Caimán,CYM,2020,0.0,,,,,,,,,,,-6.61676735501669,
Islas Caimán,CYM,2021,0.0,82.009756097561,,,,,,,,,,3.63472631807524,
Islas Caimán,CYM,2022,0.0,,,,,,,,,,,4.28393001210145,
Islas Caimán,CYM,2023,0.0,,,,,,,,,,,,
Chipre,CYP,2001,0.0,76.989,4.043,5.34,,,,,,,,2.83812928420122,
Chipre,CYP,2002,0.0,77.487,3.336,5.62,,,,,,,,2.54106455308023,
Chipre,CYP,2003,0.0,77.788,4.153,5.64,,,,,,,,1.38361898031985,
Chipre,CYP,2004,0.0,77.944,4.77,5.41,,,,,,,,3.63080497983152,30.1
Chipre,CYP,2005,0.0,78.101,5.481,5.44,,,,,,,,3.35377251789228,30.3
Chipre,CYP,2006,0.0,78.371,4.593,5.46,,,,,,,,2.98129627294752,31.1
Chipre,CYP,2007,0.0,78.81,3.946,5.36,,,,,,,,2.88411062572962,31.1
Chipre,CYP,2008,0.0,78.981,3.756,6.01,,,,,,,,1.07656078281022,31.7
Chipre,CYP,2009,0.0,79.401,5.594,6.47,,,,,,,,-4.61065116548453,32.1
Chipre,CYP,2010,0.0,79.665,6.36,6.5,,,,,,,,-0.35676942021901,31.5
Chipre,CYP,2011,0.0,79.999,7.942,6.43,,,,,,,,-2.11293575252182,32.6
Chipre,CYP,2012,0.0,80.109,12.097,6.54,,,,,,,,-4.90738769065189,34.3
Chipre,CYP,2013,0.0,80.402,16.131,6.93,,,,,,,,-6.37007736140256,37.0
Chipre,CYP,2014,0.0,80.771,16.277,6.93,,,,,,,,-0.688984537939561,35.6
Chipre,CYP,2015,0.0,80.966,15.026,6.79,,,,,,,,4.00942677175865,34.0
Chipre,CYP,2016,0.0,81.056,13.006,6.65,,,,,,,,6.08587206849762,32.9
Chipre,CYP,2017,0.0,81.328,11.155,6.62,,,,,,,,4.75451950432084,31.4
Chipre,CYP,2018,0.0,81.382,8.504,6.83,,,,,,,,4.36675979538586,32.7
Chipre,CYP,2019,0.0,81.397,7.155,7.07,,,,,,,,4.11517686130264,31.2
Chipre,CYP,2020,0.0,81.391,7.755,8.41,,,,,,,,-4.53190495516537,31.7
Chipre,CYP,2021,0.0,81.203,7.513,9.43,,,,,,,,8.89198392527508,31.3
Chipre,CYP,2022,0.0,81.889,6.807,,,,,,,,,3.63690349828248,
Chipre,CYP,2023,0.0,,5.964,,,,,,,,,0.694447455269341,
República Checa,CZE,2001,0.0,75.1731707317073,8.128,5.86295414,,,,,,,,3.43085754579758,
República Checa,CZE,2002,0.0,75.2219512195122,7.281,6.17736149,,,,,,,,1.76597431964622,26.6
República Checa,CZE,2003,0.0,75.1707317073171,7.777,6.52412462,,,,,,,,3.61333896520242,
República Checa,CZE,2004,0.0,75.7219512195122,8.298,6.35071039,,,,,,,,4.78236579380949,27.5
República Checa,CZE,2005,0.0,75.9243902439025,7.927,6.34086704,,,,,,,,6.45426173686403,26.9
República Checa,CZE,2006,0.0,76.5243902439024,7.141,6.16380167,,,,,,,,6.47820360338791,26.7
República Checa,CZE,2007,0.0,76.7243902439025,5.316,5.98578405,,,,,,,,4.95608533293907,26.0
República Checa,CZE,2008,0.0,76.9756097560976,4.393,6.33024931,,,,,,,,1.83824019269181,26.3
República Checa,CZE,2009,0.0,77.0780487804878,6.662,7.24880648,,,,,,,,-5.19898191898565,26.2
República Checa,CZE,2010,0.0,77.4243902439025,7.281,7.58647251,,,,,,,,2.13688048446924,26.6
República Checa,CZE,2011,0.0,77.8731707317073,6.712,7.5580225,,,,,,,,1.55018979013502,26.4
República Checa,CZE,2012,0.0,78.0756097560976,6.979,7.62448311,,,,,,,,-0.923734450159557,26.1
República Checa,CZE,2013,0.0,78.1756097560976,6.953,7.52132368,,,,,,,,-0.079052895284633,26.5
República Checa,CZE,2014,0.0,78.8243902439024,6.108,7.61248875,,,,,,,,2.15450047888164,25.9
República Checa,CZE,2015,0.0,78.5780487804878,5.048,7.36897945,,,,,,,,5.18140265379816,25.9
República Checa,CZE,2016,0.0,79.0268292682927,3.952,7.44554329,,,,,,,,2.34055226080498,25.4
República Checa,CZE,2017,0.0,78.9780487804878,2.893,7.38071585,,,,,,,,4.88972204225595,24.9
República Checa,CZE,2018,0.0,79.0292682926829,2.246,7.47048092,,,,,,,,2.87546852691743,25.0
República Checa,CZE,2019,0.0,79.2292682926829,2.015,7.60336018,,,,,,,,2.62495626738699,25.3
República Checa,CZE,2020,0.0,78.1756097560976,2.551,9.2136879,,,,,,,,-5.73252689432169,26.2
República Checa,CZE,2021,0.0,77.2219512195122,2.803,9.4887867,,,,,,,,5.4463696180117,26.2
República Checa,CZE,2022,0.0,79.0292682926829,2.224,,,,,,,,,0.75566135591751,
República Checa,CZE,2023,0.0,,2.593,,,,,,,,,-2.15945531157405,
Alemania,DEU,2001,0.0,78.3292682926829,7.773,9.92069149,,,,,,,,1.5105582606794,29.9
Alemania,DEU,2002,0.0,78.2292682926829,8.482,10.18365669,,,,,,,,-0.365628327264105,29.8
Alemania,DEU,2003,0.0,78.3804878048781,9.779,10.40202236,,,,,,,,-0.755077166602604,29.8
Alemania,DEU,2004,0.0,78.6804878048781,10.727,10.14603233,,,,,,,,1.1970553521185,30.2
Alemania,DEU,2005,0.0,78.9317073170732,11.167,10.31153965,,,,,,,,0.788917115869921,31.7
Alemania,DEU,2006,0.0,79.1317073170732,10.25,10.17995167,,,,,,,,3.9336103307084,31.0
Alemania,DEU,2007,0.0,79.5341463414634,8.658,10.05132961,,,,,,,,3.11424588261349,31.2
Alemania,DEU,2008,0.0,79.7365853658537,7.525,10.25128746,,,,,,,,1.1520297421751,30.8
Alemania,DEU,2009,0.0,79.8365853658537,7.742,11.23791218,,,,,,,,-5.45457716940945,30.5
Alemania,DEU,2010,0.0,79.9878048780488,6.967,11.09592915,,,,,,,,4.33960677706354,30.2
Alemania,DEU,2011,0.0,80.4365853658537,5.825,10.77844906,,,,,,,,5.86963573749217,30.6
Alemania,DEU,2012,0.0,80.5390243902439,5.379,10.85345554,,,,,,,,0.230160992711959,31.1
Alemania,DEU,2013,0.0,80.490243902439,5.231,10.99905777,,,,,,,,0.163870562978019,31.5
Alemania,DEU,2014,0.0,81.090243902439,4.981,11.02588272,,,,,,,,1.7843418861469,30.8
Alemania,DEU,2015,0.0,80.6414634146341,4.624,11.19047737,,,,,,,,0.617105353219898,31.7
Alemania,DEU,2016,0.0,80.990243902439,4.122,11.241889,,,,,,,,1.40810207548923,31.4
Alemania,DEU,2017,0.0,80.9926829268293,3.746,11.33617592,,,,,,,,2.29720604740949,31.3
Alemania,DEU,2018,0.0,80.8926829268293,3.384,11.48051548,,,,,,,,0.678212594110718,31.9
Alemania,DEU,2019,0.0,81.2926829268293,3.136,11.71550655,,,,,,,,0.847783197111852,31.8
Alemania,DEU,2020,0.0,81.0414634146342,3.856,12.69255257,,,,,,,,-3.90530358342936,32.4
Alemania,DEU,2021,0.0,80.790243902439,3.638,12.93412971,,,,,,,,3.12016297281919,
Alemania,DEU,2022,0.0,80.7056097560976,3.135,12.65471077,,,,,,,,1.07495188724516,
Alemania,DEU,2023,0.0,,3.045,,,,,,,,,-1.11243585596384,
Djibouti,DJI,2001,10.141504999999999,56.903,26.78,3.19861364,0.509978,0.171342,0.122863,0.649442,3.586348,3.503694,1.597838,,
Djibouti,DJI,2002,10.138358,57.215,26.761,3.7554152,0.509449,0.171375,0.122844,0.649858,3.589213,3.502683,1.592936,,40.0
Djibouti,DJI,2003,10.135549,57.595,26.647,4.27386999,0.509636,0.17143,0.122677,0.650289,3.592529,3.501611,1.587377,,
Djibouti,DJI,2004,10.133347,57.759,26.602,3.53825521,0.509808,0.171507,0.122681,0.650727,3.594789,3.501462,1.582373,,
Djibouti,DJI,2005,10.133665,58.316,26.605,3.80623102,0.509991,0.171598,0.122933,0.651133,3.595727,3.503002,1.579281,,
Djibouti,DJI,2006,10.134079,58.715,26.528,4.22306824,0.510123,0.171714,0.123502,0.6515,3.592573,3.50549,1.579177,,
Djibouti,DJI,2007,10.131472,59.024,26.423,4.05582809,0.510112,0.171879,0.124243,0.651912,3.583663,3.508438,1.581225,,
Djibouti,DJI,2008,10.131243,59.365,26.299,3.61543369,0.511281,0.172076,0.124666,0.652348,3.574834,3.511799,1.584239,,
Djibouti,DJI,2009,10.132183999999999,59.673,26.436,3.64194465,0.512072,0.17228,0.125515,0.652763,3.567233,3.515414,1.586907,,
Djibouti,DJI,2010,10.137246000000001,60.259,26.469,3.35966682,0.512622,0.172478,0.126498,0.653146,3.565219,3.519268,1.588015,,
Djibouti,DJI,2011,10.145807,60.433,26.399,3.37655354,0.513341,0.172702,0.127398,0.653534,3.567165,3.523542,1.588125,,
Djibouti,DJI,2012,10.159549,60.848,26.252,3.299927,0.515127,0.173005,0.128609,0.654014,3.571264,3.528999,1.588531,,45.1
Djibouti,DJI,2013,10.175815,61.221,26.211,2.92013574,0.51645,0.173376,0.130042,0.654567,3.576704,3.535494,1.589182,,44.1
Djibouti,DJI,2014,10.192226000000002,61.641,26.217,2.96726322,0.518586,0.173816,0.131505,0.655219,3.579989,3.543055,1.590056,5.18526260113907,
Djibouti,DJI,2015,10.214202,61.957,26.095,3.3475771,0.520697,0.174312,0.132901,0.65594,3.587848,3.55146,1.591044,5.69115554959427,
Djibouti,DJI,2016,10.24082,62.191,25.999,2.7416594,0.524045,0.174859,0.134822,0.656732,3.597955,3.560601,1.591806,5.34352222970122,
Djibouti,DJI,2017,10.268326000000002,62.797,26.064,2.46857476,0.52675,0.175444,0.13666,0.657575,3.60901,3.57065,1.592237,3.73748206795388,41.6
Djibouti,DJI,2018,0.0,63.038,26.18,2.33968735,,,,,,,,3.09308757962641,
Djibouti,DJI,2019,0.0,63.085,26.246,2.16640544,,,,,,,,3.89452918731618,
Djibouti,DJI,2020,0.0,62.694,27.645,2.15048313,,,,,,,,-0.185692485036796,
Djibouti,DJI,2021,0.0,62.305,27.548,2.87667227,,,,,,,,3.06629556853677,
Djibouti,DJI,2022,0.0,62.859,26.367,,,,,,,,,2.31338370868816,
Djibouti,DJI,2023,0.0,,26.258,,,,,,,,,5.21174712275938,
Dominica,DMA,2001,11.319201,71.713,,4.64501858,0.913512,0.197894,0.252009,0.88538,2.588871,4.538923,1.942612,0.219160830918042,
Dominica,DMA,2002,11.335825,72.34,,4.6531105,0.911019,0.197907,0.25287,0.885727,2.590827,4.539014,1.958461,-2.98316205987,
Dominica,DMA,2003,11.356924000000001,71.438,,4.84617901,0.908074,0.197922,0.253943,0.886113,2.596064,4.539635,1.975173,6.07343219369756,
Dominica,DMA,2004,11.374594,72.401,,4.74520159,0.905779,0.19795,0.255027,0.886453,2.599862,4.540237,1.989286,2.85232515453862,
Dominica,DMA,2005,11.385863999999998,72.254,,4.97772503,0.90387,0.19801,0.256385,0.886713,2.602931,4.540589,1.997366,0.50929171490175,
Dominica,DMA,2006,11.391070000000001,72.848,,4.78092194,0.903301,0.198168,0.25848,0.886946,2.60262,4.5409,2.000655,4.55592572328571,
Dominica,DMA,2007,11.393277000000001,71.93,,4.79109955,0.900705,0.198438,0.261372,0.887244,2.600688,4.541596,2.003234,6.3019415693594,
Dominica,DMA,2008,11.395879,73.305,,5.04968786,0.898318,0.198746,0.26434,0.887533,2.599014,4.542254,2.005674,7.11015618869033,
Dominica,DMA,2009,11.398924000000001,72.17,,4.98329306,0.895662,0.199015,0.267249,0.887753,2.598156,4.542583,2.008506,-1.17677444321936,
Dominica,DMA,2010,11.403003000000002,71.55,,5.15711927,0.894004,0.199179,0.268947,0.887885,2.598066,4.542607,2.012315,0.719489528083983,
Dominica,DMA,2011,11.409963999999999,69.695,,5.33450365,0.892947,0.199261,0.270337,0.887919,2.599114,4.542232,2.018154,-0.204681673061273,
Dominica,DMA,2012,11.422139999999999,70.538,,5.79509926,0.892418,0.199355,0.272025,0.887971,2.601618,4.542037,2.026716,-1.26869403565924,
Dominica,DMA,2013,11.438143,68.896,,5.34749842,0.892377,0.19946,0.273001,0.888062,2.605361,4.542108,2.037774,-0.900680192975955,
Dominica,DMA,2014,11.457753,69.434,,5.26141691,0.892872,0.199573,0.274203,0.888184,2.609485,4.542434,2.051002,3.92023812114483,
Dominica,DMA,2015,11.481470000000002,68.727,,5.15941811,0.893748,0.199683,0.275548,0.888325,2.615136,4.543011,2.066019,-3.61516846835069,
Dominica,DMA,2016,11.506978999999998,70.128,,5.12308073,0.894373,0.199792,0.276527,0.888495,2.621363,4.543791,2.082638,2.66392728155824,
Dominica,DMA,2017,11.536655,67.525,,5.46245432,0.89565,0.199904,0.277127,0.888732,2.629649,4.544904,2.100689,-7.05404668684338,
Dominica,DMA,2018,0.0,73.59,,6.18495989,,,,,,,,2.93351857168791,
Dominica,DMA,2019,0.0,73.559,,5.16903925,,,,,,,,4.60887025308973,
Dominica,DMA,2020,0.0,73.649,,5.99901152,,,,,,,,-17.2608977709225,
Dominica,DMA,2021,0.0,72.814,,6.50494003,,,,,,,,6.27499731063348,
Dominica,DMA,2022,0.0,72.981,,,,,,,,,,5.1117828886309,
Dominica,DMA,2023,0.0,,,,,,,,,,,4.27784869777648,
Dinamarca,DNK,2001,0.0,76.7926829268293,4.164,8.45,,,,,,,,0.462534295314015,
Dinamarca,DNK,2002,0.0,76.8951219512195,4.274,8.7,,,,,,,,0.145880726640385,
Dinamarca,DNK,2003,0.0,77.1439024390244,5.398,8.9,,,,,,,,0.117358167353501,25.6
Dinamarca,DNK,2004,0.0,77.4926829268293,5.204,9.01,,,,,,,,2.40323399664311,24.9
Dinamarca,DNK,2005,0.0,77.8439024390244,4.83,9.09,,,,,,,,2.05511051582938,25.2
Dinamarca,DNK,2006,0.0,78.0951219512195,3.897,9.17,,,,,,,,3.57206346379428,25.9
Dinamarca,DNK,2007,0.0,78.1951219512195,3.801,9.33,,,,,,,,0.46273149419045,26.2
Dinamarca,DNK,2008,0.0,78.4463414634146,3.683,9.51,,,,,,,,-1.09484212816196,25.2
Dinamarca,DNK,2009,0.0,78.5975609756098,6.409,10.67,,,,,,,,-5.4140139985128,26.7
Dinamarca,DNK,2010,0.0,79.1,7.747,10.61,,,,,,,,1.41948663073603,27.2
Dinamarca,DNK,2011,0.0,79.8,7.769,10.41,,,,,,,,0.920393685285319,27.3
Dinamarca,DNK,2012,0.0,80.0512195121951,7.798,10.52,,,,,,,,-0.149916088315891,27.8
Dinamarca,DNK,2013,0.0,80.3,7.384,10.33,,,,,,,,0.513424427502201,28.5
Dinamarca,DNK,2014,0.0,80.7,6.925,10.31,,,,,,,,1.10543346611018,28.4
Dinamarca,DNK,2015,0.0,80.7024390243902,6.278,10.34,,,,,,,,1.62216625804921,28.2
Dinamarca,DNK,2016,0.0,80.8536585365854,5.989,10.25,,,,,,,,2.44336887407064,28.2
Dinamarca,DNK,2017,0.0,81.1024390243903,5.833,10.1,,,,,,,,2.16235511316154,28.7
Dinamarca,DNK,2018,0.0,80.9536585365854,5.131,10.1,,,,,,,,1.4850851572351,28.2
Dinamarca,DNK,2019,0.0,81.4512195121951,5.018,10.15,,,,,,,,1.13065749415978,27.7
Dinamarca,DNK,2020,0.0,81.6024390243903,5.637,10.56,,,,,,,,-2.70866841979111,27.5
Dinamarca,DNK,2021,0.0,81.4048780487805,5.043,10.82,,,,,,,,6.38244434165682,28.3
Dinamarca,DNK,2022,0.0,81.3048780487805,4.434,9.5,,,,,,,,1.92534106676851,
Dinamarca,DNK,2023,0.0,,5.142,,,,,,,,,1.13721113330374,
República Dominicana,DOM,2001,0.0,69.642,7.262,4.88183308,,,,,,,,0.943739474942333,50.0
República Dominicana,DOM,2002,0.0,69.923,6.779,4.98649025,,,,,,,,2.99736537466234,49.7
República Dominicana,DOM,2003,0.0,70.265,6.938,4.38888264,,,,,,,,-2.72546246439585,52.1
República Dominicana,DOM,2004,0.0,70.331,6.303,4.2877388,,,,,,,,1.17190849929456,52.0
República Dominicana,DOM,2005,0.0,70.875,6.587,4.35391188,,,,,,,,7.97583136812364,50.0
República Dominicana,DOM,2006,0.0,71.165,5.655,3.99365425,,,,,,,,7.77030734946598,52.0
República Dominicana,DOM,2007,0.0,71.371,5.158,4.08935308,,,,,,,,6.0674209435771,48.9
República Dominicana,DOM,2008,0.0,71.658,4.764,4.56146193,,,,,,,,1.90090507952465,48.1
República Dominicana,DOM,2009,0.0,71.871,5.467,4.76337624,,,,,,,,-0.362882607935276,48.9
República Dominicana,DOM,2010,0.0,72.093,5.212,4.92355442,,,,,,,,6.92448431266428,47.3
República Dominicana,DOM,2011,0.0,72.221,6.087,5.03797865,,,,,,,,1.80067136186146,47.7
República Dominicana,DOM,2012,0.0,72.514,6.722,5.04897833,,,,,,,,1.41538869475441,46.1
República Dominicana,DOM,2013,0.0,72.713,7.352,4.91598225,,,,,,,,3.57246478499704,47.7
República Dominicana,DOM,2014,0.0,72.867,6.719,4.79757166,,,,,,,,5.74838146329969,44.3
República Dominicana,DOM,2015,0.0,72.953,7.605,4.72216797,,,,,,,,5.65574224309763,45.2
República Dominicana,DOM,2016,0.0,72.987,7.284,4.57663107,,,,,,,,5.42560152292837,45.7
República Dominicana,DOM,2017,0.0,73.063,5.832,4.49336958,,,,,,,,3.49047723780494,42.2
República Dominicana,DOM,2018,0.0,73.232,5.861,4.12601566,,,,,,,,5.80704982687432,43.7
República Dominicana,DOM,2019,0.0,73.577,6.356,4.23948717,,,,,,,,3.92893172690793,41.9
República Dominicana,DOM,2020,0.0,72.889,6.126,4.93998051,,,,,,,,-7.71905867915002,39.6
República Dominicana,DOM,2021,0.0,72.615,7.702,4.91815567,,,,,,,,11.0782763208364,38.5
República Dominicana,DOM,2022,0.0,74.17,5.504,,,,,,,,,3.82225610535107,37.0
República Dominicana,DOM,2023,0.0,,5.557,,,,,,,,,1.41991271148738,
Argelia,DZA,2001,0.0,70.823,27.3,3.83787704,,,,,,,,1.59249661420158,
Argelia,DZA,2002,0.0,71.23,25.9,3.7300415,,,,,,,,3.98783972525851,
Argelia,DZA,2003,0.0,71.287,23.72,3.60104108,,,,,,,,5.06745747748012,
Argelia,DZA,2004,0.0,71.762,17.65,3.5440731,,,,,,,,3.0396988040366,
Argelia,DZA,2005,0.0,72.061,15.27,3.23516107,,,,,,,,3.97201916783665,
Argelia,DZA,2006,0.0,72.334,12.27,3.35510349,,,,,,,,1.42770410611719,
Argelia,DZA,2007,0.0,72.602,13.79,3.82141757,,,,,,,,1.43521352061708,
Argelia,DZA,2008,0.0,72.941,11.33,4.20188284,,,,,,,,0.763187124077035,
Argelia,DZA,2009,0.0,73.62,10.16,5.35939837,,,,,,,,-0.601232167098956,
Argelia,DZA,2010,0.0,73.808,9.96,5.11716986,,,,,,,,2.87007168412319,
Argelia,DZA,2011,0.0,74.123,9.96,5.26748085,,,,,,,,1.06309708742151,27.6
Argelia,DZA,2012,0.0,74.202,10.97,6.00050974,,,,,,,,0.429470117919365,
Argelia,DZA,2013,0.0,74.615,9.82,6.03576279,,,,,,,,0.60186281674055,
Argelia,DZA,2014,0.0,75.11,10.207,6.54721403,,,,,,,,2.06006244899419,
Argelia,DZA,2015,0.0,75.622,11.206,6.96321011,,,,,,,,1.15655765825558,
Argelia,DZA,2016,0.0,75.732,10.202,6.58904791,,,,,,,,1.84933171786335,
Argelia,DZA,2017,0.0,75.743,12.0,6.53307724,,,,,,,,-0.467047148195618,
Argelia,DZA,2018,0.0,76.066,12.15,6.38729763,,,,,,,,-0.511721134650301,
Argelia,DZA,2019,0.0,76.474,12.285,5.86751413,,,,,,,,-0.939034027379321,
Argelia,DZA,2020,0.0,74.453,14.04,6.14268684,,,,,,,,-6.63165918655454,
Argelia,DZA,2021,0.0,76.377,13.607,5.5283432,,,,,,,,2.09348761143818,
Argelia,DZA,2022,0.0,77.129,12.437,,,,,,,,,1.92670099770524,
Argelia,DZA,2023,0.0,,11.814,,,,,,,,,2.49477097334206,
Asia oriental y el Pacífico (excluido altos ingresos),EAP,2001,0.0,71.1532923501957,3.84196647180146,3.85439844263046,,,,,,,,5.98230693352177,
Asia oriental y el Pacífico (excluido altos ingresos),EAP,2002,0.0,71.5001923568857,4.15805011839945,3.91666798302219,,,,,,,,7.104118786434,
Asia oriental y el Pacífico (excluido altos ingresos),EAP,2003,0.0,71.9485362700451,4.40754127921735,3.98263172351994,,,,,,,,8.02426236447245,
Asia oriental y el Pacífico (excluido altos ingresos),EAP,2004,0.0,72.0266088640891,4.40043640105783,3.8919800920136,,,,,,,,8.23275189556874,
Asia oriental y el Pacífico (excluido altos ingresos),EAP,2005,0.0,72.5553959748724,4.47727968657717,3.88267137573973,,,,,,,,9.09409031566464,
Asia oriental y el Pacífico (excluido altos ingresos),EAP,2006,0.0,72.9065334927173,4.37118238265227,3.73154649274039,,,,,,,,10.2107980026735,
Asia oriental y el Pacífico (excluido altos ingresos),EAP,2007,0.0,73.1494608933121,4.35052783252474,3.55791111743464,,,,,,,,11.6349895723266,
Asia oriental y el Pacífico (excluido altos ingresos),EAP,2008,0.0,73.0978709648826,4.43406296697082,3.72757496227024,,,,,,,,7.80631330454283,
Asia oriental y el Pacífico (excluido altos ingresos),EAP,2009,0.0,73.6496121386241,4.41928224227367,4.12669752709555,,,,,,,,7.19653420283441,
Asia oriental y el Pacífico (excluido altos ingresos),EAP,2010,0.0,73.8761728997625,4.15834890369035,4.01993554087516,,,,,,,,9.13185195287878,
Asia oriental y el Pacífico (excluido altos ingresos),EAP,2011,0.0,74.1470345834113,4.1094618759145,4.14231906408545,,,,,,,,7.81722375034862,
Asia oriental y el Pacífico (excluido altos ingresos),EAP,2012,0.0,74.3957726964408,4.04857755704289,4.33718042971906,,,,,,,,6.66662140608108,
Asia oriental y el Pacífico (excluido altos ingresos),EAP,2013,0.0,74.6447464626621,4.04951405318613,4.4689048970087,,,,,,,,6.40524398491374,
Asia oriental y el Pacífico (excluido altos ingresos),EAP,2014,0.0,74.9032685695441,4.04591453419092,4.55669783805458,,,,,,,,6.1325356977994,
Asia oriental y el Pacífico (excluido altos ingresos),EAP,2015,0.0,75.1230351733187,4.12081318672523,4.71782360486795,,,,,,,,5.90061230388119,
Asia oriental y el Pacífico (excluido altos ingresos),EAP,2016,0.0,75.3218632190617,4.03812090524983,4.75400080557389,,,,,,,,5.7692707689623,
Asia oriental y el Pacífico (excluido altos ingresos),EAP,2017,0.0,75.3859113160495,3.91708260047549,4.81891570786353,,,,,,,,5.90023339390603,
Asia oriental y el Pacífico (excluido altos ingresos),EAP,2018,0.0,75.801433724838,3.80842977966395,4.91792868707212,,,,,,,,5.83302622656956,
Asia oriental y el Pacífico (excluido altos ingresos),EAP,2019,0.0,76.0020203002054,3.89898080766025,5.06615652519962,,,,,,,,5.18593129430174,
Asia oriental y el Pacífico (excluido altos ingresos),EAP,2020,0.0,75.9360246370322,4.36840294729948,5.35199790509294,,,,,,,,0.769161736163284,
Asia oriental y el Pacífico (excluido altos ingresos),EAP,2021,0.0,75.5432912976843,4.12867163385659,5.2597688616192,,,,,,,,7.23640691817207,
Asia oriental y el Pacífico (excluido altos ingresos),EAP,2022,0.0,76.1785115827895,4.23994599747616,,,,,,,,,3.14726676015206,
Asia oriental y el Pacífico (excluido altos ingresos),EAP,2023,0.0,,4.00042935827848,,,,,,,,,4.84406185384721,
inicial del dividendo demográfico,EAR,2001,0.0,64.8163549856725,7.29449264052811,4.93457759325176,,,,,,,,-0.819835958668975,
inicial del dividendo demográfico,EAR,2002,0.0,65.2226549082517,7.58572244955127,4.69280756721118,,,,,,,,-0.0083465839251886,
inicial del dividendo demográfico,EAR,2003,0.0,65.5196872923742,7.56880313223402,4.82287842332705,,,,,,,,3.54257133998195,
inicial del dividendo demográfico,EAR,2004,0.0,65.7429019912854,7.5353766324469,4.80047210740674,,,,,,,,4.37343076400593,
inicial del dividendo demográfico,EAR,2005,0.0,66.1915034839955,7.53587503232828,4.78190432663508,,,,,,,,4.12838941122884,
inicial del dividendo demográfico,EAR,2006,0.0,66.5920295829353,7.27683705344975,4.72091797148494,,,,,,,,4.32785938933844,
inicial del dividendo demográfico,EAR,2007,0.0,66.8847117317429,7.18316149273855,4.71031185615206,,,,,,,,4.00603465925413,
inicial del dividendo demográfico,EAR,2008,0.0,67.0796900489161,7.07953267648037,4.67741293158629,,,,,,,,1.85939955093828,
inicial del dividendo demográfico,EAR,2009,0.0,67.5279984778281,7.16531912254842,5.02066006594827,,,,,,,,-0.88203746504243,
inicial del dividendo demográfico,EAR,2010,0.0,67.8659730930201,6.97752313376866,4.82881665883302,,,,,,,,4.88818614817109,
inicial del dividendo demográfico,EAR,2011,0.0,68.2917697744353,6.83241632311785,4.79512924615068,,,,,,,,3.33596925754721,
inicial del dividendo demográfico,EAR,2012,0.0,68.6725532714521,6.87911166475649,4.88796841238258,,,,,,,,2.68074186862015,
inicial del dividendo demográfico,EAR,2013,0.0,69.065320395544,6.81696122759283,4.9800436327711,,,,,,,,2.5961212260986,
inicial del dividendo demográfico,EAR,2014,0.0,69.4849915077609,6.72005730508936,4.97034327029169,,,,,,,,2.67824105906857,
inicial del dividendo demográfico,EAR,2015,0.0,69.8712079158622,6.86407125750194,5.12968626090856,,,,,,,,2.97670599257938,
inicial del dividendo demográfico,EAR,2016,0.0,70.2163878090451,6.76692970723783,5.0480202641464,,,,,,,,3.01515157453942,
inicial del dividendo demográfico,EAR,2017,0.0,70.5384490311908,6.69497324765732,4.89020418105753,,,,,,,,3.26866797184826,
inicial del dividendo demográfico,EAR,2018,0.0,70.7948250264641,6.71442239238817,4.70495109425599,,,,,,,,2.51121967579877,
inicial del dividendo demográfico,EAR,2019,0.0,71.0147388840035,6.24937981637554,4.64126514022186,,,,,,,,1.12276089491176,
inicial del dividendo demográfico,EAR,2020,0.0,70.0286934138787,7.28948590783761,5.03667486192652,,,,,,,,-5.49685676193056,
inicial del dividendo demográfico,EAR,2021,0.0,68.4660405919992,6.65952046894257,5.03916986148038,,,,,,,,6.45769245924772,
inicial del dividendo demográfico,EAR,2022,0.0,69.3164374718329,5.63112979143557,,,,,,,,,4.47620520657144,
inicial del dividendo demográfico,EAR,2023,0.0,,5.20457602717864,,,,,,,,,2.88310399601627,
Asia oriental y el Pacífico,EAS,2001,0.0,72.1129342906796,3.94561087236579,6.13477852601501,,,,,,,,2.38022042049049,
Asia oriental y el Pacífico,EAS,2002,0.0,72.4502417285302,4.24490180442235,6.10166813516827,,,,,,,,3.50376004207911,
Asia oriental y el Pacífico,EAS,2003,0.0,72.8644032191051,4.46529711277193,6.20038824042942,,,,,,,,4.11618930326776,
Asia oriental y el Pacífico,EAS,2004,0.0,72.9631599916809,4.41948570920263,6.17794521158703,,,,,,,,5.06532294644305,
Asia oriental y el Pacífico,EAS,2005,0.0,73.4393350083978,4.46603408717851,6.13326022335287,,,,,,,,5.11139154331931,
Asia oriental y el Pacífico,EAS,2006,0.0,73.7919169257503,4.34377608608784,5.93823897175331,,,,,,,,5.66652379377184,
Asia oriental y el Pacífico,EAS,2007,0.0,74.0350118091365,4.29507883148637,5.72918968381947,,,,,,,,6.68449339341342,
Asia oriental y el Pacífico,EAS,2008,0.0,74.0047120371028,4.37440047315099,5.88800358409192,,,,,,,,3.63034067917269,
Asia oriental y el Pacífico,EAS,2009,0.0,74.5325074951727,4.45570333162045,6.39010513797377,,,,,,,,1.84818730670678,
Asia oriental y el Pacífico,EAS,2010,0.0,74.7343006763462,4.21034082162815,6.26796837904007,,,,,,,,6.87762134211556,
Asia oriental y el Pacífico,EAS,2011,0.0,74.9713223665696,4.12338681288317,6.6975447763987,,,,,,,,4.71386122289547,
Asia oriental y el Pacífico,EAS,2012,0.0,75.229717224879,4.05469259569049,6.75636588623018,,,,,,,,4.34935325909913,
Asia oriental y el Pacífico,EAS,2013,0.0,75.479114709328,4.03961566953965,6.51588816358604,,,,,,,,4.43067312739672,
Asia oriental y el Pacífico,EAS,2014,0.0,75.7311626946795,4.02165279414996,6.51437358361995,,,,,,,,3.97894367569876,
Asia oriental y el Pacífico,EAS,2015,0.0,75.9487361156154,4.08907680510536,6.50071513599837,,,,,,,,3.98555696866237,
Asia oriental y el Pacífico,EAS,2016,0.0,76.1378749593036,3.99992703895111,6.581081995924,,,,,,,,3.92466408851786,
Asia oriental y el Pacífico,EAS,2017,0.0,76.212440060682,3.87116311350851,6.54078744726754,,,,,,,,4.31233225857599,
Asia oriental y el Pacífico,EAS,2018,0.0,76.593958850351,3.75027725399733,6.55704701624171,,,,,,,,4.12154299807406,
Asia oriental y el Pacífico,EAS,2019,0.0,76.7976822848408,3.81998173042609,6.73000502265753,,,,,,,,3.40933283533332,
Asia oriental y el Pacífico,EAS,2020,0.0,76.7597016880244,4.30035312286859,6.95053581924881,,,,,,,,-0.570376669848571,
Asia oriental y el Pacífico,EAS,2021,0.0,76.3932950185842,4.06177887102328,6.76149637555731,,,,,,,,5.93969503050526,
Asia oriental y el Pacífico,EAS,2022,0.0,76.902046062456,4.10933492731637,,,,,,,,,2.66969723931143,
Asia oriental y el Pacífico,EAS,2023,0.0,,3.88568706575614,,,,,,,,,3.85938136451512,
Europa y Asia central (excluido altos ingresos),ECA,2001,0.0,69.196953475662,10.8029179679969,5.08427916629522,,,,,,,,-0.543001549957268,
Europa y Asia central (excluido altos ingresos),ECA,2002,0.0,69.5064977002929,10.8342866592893,5.29558124742399,,,,,,,,5.94869590133062,
Europa y Asia central (excluido altos ingresos),ECA,2003,0.0,69.7547509672842,10.4214096594641,5.36554237199089,,,,,,,,6.12805886947268,
Europa y Asia central (excluido altos ingresos),ECA,2004,0.0,70.0203509347595,10.2581561360984,5.27602020482608,,,,,,,,9.09495741184445,
Europa y Asia central (excluido altos ingresos),ECA,2005,0.0,70.0932266447313,9.72206966798243,5.25648528399143,,,,,,,,7.9070777835265,
Europa y Asia central (excluido altos ingresos),ECA,2006,0.0,70.4023114333771,9.23115007782925,5.33821483974089,,,,,,,,7.64660058891609,
Europa y Asia central (excluido altos ingresos),ECA,2007,0.0,70.7087755772922,8.70551751079371,5.27693106862382,,,,,,,,6.61014655379218,
Europa y Asia central (excluido altos ingresos),ECA,2008,0.0,71.0024390027901,8.52243494283299,5.21381735151725,,,,,,,,2.32581601678137,
Europa y Asia central (excluido altos ingresos),ECA,2009,0.0,71.4828356247481,10.0290771865246,5.55677675452229,,,,,,,,-4.22884941266864,
Europa y Asia central (excluido altos ingresos),ECA,2010,0.0,71.8784299704573,9.39315630914153,5.18536068664465,,,,,,,,6.05636992592005,
Europa y Asia central (excluido altos ingresos),ECA,2011,0.0,72.0742519929248,8.75585074078675,4.88457422450444,,,,,,,,7.5687709263072,
Europa y Asia central (excluido altos ingresos),ECA,2012,0.0,72.5371588124456,8.50404102015282,4.89347348301396,,,,,,,,3.23284441713668,
Europa y Asia central (excluido altos ingresos),ECA,2013,0.0,72.9426340878591,8.47220762461079,4.81396574387129,,,,,,,,5.6894913039156,
Europa y Asia central (excluido altos ingresos),ECA,2014,0.0,73.1749041926397,8.86034793328503,4.7523862709248,,,,,,,,2.49564946709839,
Europa y Asia central (excluido altos ingresos),ECA,2015,0.0,73.3478435346402,8.8463468571602,4.70310053544553,,,,,,,,2.66389856051535,
Europa y Asia central (excluido altos ingresos),ECA,2016,0.0,73.5601177546349,8.92418936426229,4.87793773604261,,,,,,,,1.87747706776872,
Europa y Asia central (excluido altos ingresos),ECA,2017,0.0,73.906206920089,8.83451466806739,4.78064312857811,,,,,,,,4.93763547808297,
Europa y Asia central (excluido altos ingresos),ECA,2018,0.0,74.1037358766071,8.49122418173747,4.80459994489343,,,,,,,,2.6491408603257,
Europa y Asia central (excluido altos ingresos),ECA,2019,0.0,74.3314248375679,8.9809853115438,5.00073458761924,,,,,,,,1.36071365956082,
Europa y Asia central (excluido altos ingresos),ECA,2020,0.0,72.6714543269783,9.13363892237127,5.53888183327869,,,,,,,,-0.371034981268508,
Europa y Asia central (excluido altos ingresos),ECA,2021,0.0,72.5931250210647,8.8371804727331,5.68463765113982,,,,,,,,8.23940795731176,
Europa y Asia central (excluido altos ingresos),ECA,2022,0.0,74.1065139397942,7.62118282348281,,,,,,,,,4.64195936293763,
Europa y Asia central (excluido altos ingresos),ECA,2023,0.0,,7.17450381976556,,,,,,,,,4.37046911419148,
Europa y Asia central,ECS,2001,0.0,73.3927253732432,9.083249352686,8.16185771726196,,,,,,,,2.12358607804555,
Europa y Asia central,ECS,2002,0.0,73.5030642915972,9.09436558166148,8.40994543361896,,,,,,,,1.39999659977896,
Europa y Asia central,ECS,2003,0.0,73.6136104407028,9.11386318602214,8.63156968147126,,,,,,,,1.53515564819715,
Europa y Asia central,ECS,2004,0.0,74.054674883544,9.08905660710852,8.61310532634773,,,,,,,,2.88870257812795,
Europa y Asia central,ECS,2005,0.0,74.1948289353497,8.73725717405505,8.59680813698163,,,,,,,,2.36377369767553,
Europa y Asia central,ECS,2006,0.0,74.6933410629275,8.16938649905684,8.5469478527694,,,,,,,,3.5473168033563,
Europa y Asia central,ECS,2007,0.0,75.0515589788959,7.24950264077781,8.42051743711013,,,,,,,,3.32211924385466,
Europa y Asia central,ECS,2008,0.0,75.3129945689461,7.14609730174303,8.61533981784847,,,,,,,,0.604690809079784,
Europa y Asia central,ECS,2009,0.0,75.7018684761031,8.99224542485064,9.44798024249259,,,,,,,,-4.83924208216989,
Europa y Asia central,ECS,2010,0.0,75.9865308455337,9.05310808831399,9.21251798795787,,,,,,,,2.25815231936686,
Europa y Asia central,ECS,2011,0.0,76.4582632377507,8.78870414637379,9.04915116744844,,,,,,,,2.0953964155681,
Europa y Asia central,ECS,2012,0.0,76.6422664679915,9.00903555765466,9.04452042593896,,,,,,,,-0.0249897549876152,
Europa y Asia central,ECS,2013,0.0,76.9844517919155,9.20875925031885,9.07778882499423,,,,,,,,0.392394930285249,
Europa y Asia central,ECS,2014,0.0,77.2944224356295,8.89048362626422,9.18336425017589,,,,,,,,1.45545484752343,
Europa y Asia central,ECS,2015,0.0,77.2288167304908,8.5065267675632,9.26518310885971,,,,,,,,1.59051688629262,
Europa y Asia central,ECS,2016,0.0,77.5626794340073,8.03706485884347,9.30926236508589,,,,,,,,1.44366206596341,
Europa y Asia central,ECS,2017,0.0,77.7731288262557,7.43431878303094,9.21979818950397,,,,,,,,2.50655200623406,
Europa y Asia central,ECS,2018,0.0,77.9065124477291,6.83378209024065,9.24191405666978,,,,,,,,1.75256756227391,
Europa y Asia central,ECS,2019,0.0,78.1805069857389,6.58944478950001,9.34347967110688,,,,,,,,1.47031702094951,
Europa y Asia central,ECS,2020,0.0,76.9524881251756,7.0487699107129,10.4980616969179,,,,,,,,-5.68484552007429,
Europa y Asia central,ECS,2021,0.0,76.6664237901787,6.86258221213443,10.5289602375062,,,,,,,,6.43347406273769,
Europa y Asia central,ECS,2022,0.0,77.8413187004759,5.8173385447594,,,,,,,,,3.51372740274911,
Europa y Asia central,ECS,2023,0.0,,5.60156165342598,,,,,,,,,0.642606771600043,
Ecuador,ECU,2001,11.016181999999999,73.24,4.252,3.75668859,0.622785,0.196195,0.307779,0.868227,2.919484,4.239415,1.862297,2.42957222618485,
Ecuador,ECU,2002,11.037866,73.613,4.825,4.47671938,0.631823,0.196659,0.309892,0.870008,2.929883,4.248388,1.851213,3.12113645089791,
Ecuador,ECU,2003,11.065100000000001,73.975,5.662,5.44398975,0.64111,0.197281,0.312814,0.872331,2.941199,4.259853,1.840512,1.10100547686953,53.5
Ecuador,ECU,2004,11.09096,74.279,5.002,5.56991434,0.64922,0.197912,0.31531,0.874652,2.951141,4.271232,1.831493,4.99003365172992,53.9
Ecuador,ECU,2005,11.10888,74.514,3.779,5.59754324,0.654036,0.198344,0.318205,0.876152,2.958563,4.278635,1.824945,3.59667496915044,53.0
Ecuador,ECU,2006,11.114930000000001,74.689,3.55,5.70635176,0.656915,0.198666,0.320662,0.876924,2.9588,4.282379,1.820584,2.56066695246204,52.2
Ecuador,ECU,2007,11.121655,74.844,3.142,5.43095398,0.659436,0.199071,0.323504,0.87761,2.959376,4.285642,1.817016,0.166563692576105,53.4
Ecuador,ECU,2008,11.126548999999999,74.983,3.917,5.46596193,0.661045,0.199501,0.327217,0.878213,2.958661,4.288498,1.813414,4.76422249352559,49.8
Ecuador,ECU,2009,11.131172000000001,75.184,4.608,5.79984474,0.662893,0.19991,0.330934,0.87876,2.958505,4.291059,1.809111,-0.595594235979277,48.5
Ecuador,ECU,2010,11.13427,75.43,4.088,6.22109413,0.66498,0.200232,0.334334,0.879216,2.959062,4.29317,1.803276,2.31619067136306,48.8
Ecuador,ECU,2011,11.135007,75.743,3.458,6.580935,0.666404,0.200526,0.337751,0.879678,2.960197,4.295131,1.79532,6.7148799264245,45.9
Ecuador,ECU,2012,11.134428,76.062,3.235,6.86373377,0.667943,0.20086,0.341703,0.880169,2.961697,4.296969,1.785087,4.10152392296128,46.1
Ecuador,ECU,2013,11.132594999999998,76.369,3.083,6.88127422,0.668269,0.201224,0.34601,0.88067,2.965013,4.298674,1.772735,5.58083089805672,46.9
Ecuador,ECU,2014,11.127952,76.622,3.48,6.83199883,0.668814,0.201619,0.350229,0.881209,2.967176,4.300375,1.75853,2.691182658294,45.0
Ecuador,ECU,2015,11.122133,76.789,3.616,7.60513353,0.668551,0.202036,0.354659,0.881771,2.970413,4.302069,1.742634,-1.35100558389034,46.0
Ecuador,ECU,2016,11.11594,76.763,4.597,7.41604376,0.669108,0.20247,0.359142,0.882354,2.973805,4.303726,1.725335,-2.16005084962444,45.0
Ecuador,ECU,2017,11.107757999999999,76.972,3.836,7.53717899,0.668946,0.202912,0.363733,0.882945,2.977117,4.305357,1.706748,4.33701991894264,44.7
Ecuador,ECU,2018,0.0,77.094,3.53,7.82609653,,,,,,,,-0.848409380100335,45.4
Ecuador,ECU,2019,0.0,77.297,3.812,7.77070522,,,,,,,,-1.72928951545876,45.7
Ecuador,ECU,2020,0.0,72.153,6.127,8.35889626,,,,,,,,-10.5085169022973,47.3
Ecuador,ECU,2021,0.0,73.67,4.552,8.28661728,,,,,,,,8.52793663136605,45.8
Ecuador,ECU,2022,0.0,77.894,3.761,,,,,,,,,4.98711050826812,45.5
Ecuador,ECU,2023,0.0,,3.367,,,,,,,,,1.28901889314781,44.6
Zona del Euro,EMU,2001,0.0,78.5400040844943,8.44338207894511,8.73894368469941,,,,,,,,1.86495068923027,
Zona del Euro,EMU,2002,0.0,78.6301924780688,8.69768970745495,8.95475428726144,,,,,,,,0.473353196826423,
Zona del Euro,EMU,2003,0.0,78.6520340668657,9.02959027845352,9.16280508337334,,,,,,,,0.16454452140016,
Zona del Euro,EMU,2004,0.0,79.2282585114187,9.29444444080931,9.18948735442909,,,,,,,,1.74770569863263,
Zona del Euro,EMU,2005,0.0,79.3706269145857,9.13371971095535,9.28740163894383,,,,,,,,1.17421887115519,
Zona del Euro,EMU,2006,0.0,79.8031961914222,8.41119733720227,9.27860642486121,,,,,,,,2.76441905120903,
Zona del Euro,EMU,2007,0.0,80.0433364925514,7.52637051294394,9.18095974733763,,,,,,,,2.4852651992686,
Zona del Euro,EMU,2008,0.0,80.2467136096166,7.55386046590436,9.47981529188346,,,,,,,,-0.0583948547727431,
Zona del Euro,EMU,2009,0.0,80.4506879591034,9.59972776711252,10.2406528047281,,,,,,,,-4.83847156895307,
Zona del Euro,EMU,2010,0.0,80.6936166663087,10.1572364479875,10.2001131975222,,,,,,,,1.92935969043798,
Zona del Euro,EMU,2011,0.0,81.1778468433023,10.2237873993073,10.0794762153613,,,,,,,,1.9373772319293,
Zona del Euro,EMU,2012,0.0,81.1741476978752,11.4185978517049,10.1665171972145,,,,,,,,-1.06259349546171,
Zona del Euro,EMU,2013,0.0,81.4589731233284,11.9746751990282,10.2173141052401,,,,,,,,-0.550371781909703,
Zona del Euro,EMU,2014,0.0,81.8896754080461,11.6268411199109,10.2522846789291,,,,,,,,1.06075843515131,
Zona del Euro,EMU,2015,0.0,81.5187535513769,10.8901555056587,10.2184362871207,,,,,,,,1.75958677677555,
Zona del Euro,EMU,2016,0.0,81.9086902798181,10.0286359293483,10.1888494770756,,,,,,,,1.58044320520565,
Zona del Euro,EMU,2017,0.0,81.8854775039638,9.05337170464654,10.1588931761782,,,,,,,,2.42451875110009,
Zona del Euro,EMU,2018,0.0,82.0045418889234,8.15820119060281,10.1489547673443,,,,,,,,1.55886779589079,
Zona del Euro,EMU,2019,0.0,82.281962811136,7.50602326318793,10.2309106821004,,,,,,,,1.48342128363001,
Zona del Euro,EMU,2020,0.0,81.4934312334359,7.82334781813661,11.2361860043426,,,,,,,,-6.22998572801158,
Zona del Euro,EMU,2021,0.0,81.5949469717165,7.73006694615949,11.3214171799708,,,,,,,,5.96888498204564,
Zona del Euro,EMU,2022,0.0,81.7013841071642,6.74582069126458,,,,,,,,,3.01382242846854,
Zona del Euro,EMU,2023,0.0,,6.53016093878662,,,,,,,,,-0.133969365505124,
Eritrea,ERI,2001,10.811872,58.298,5.784,5.91931677,0.527298,0.15939,0.105078,0.615292,3.917018,3.66368,1.824116,5.70528962338497,
Eritrea,ERI,2002,10.801734,58.811,5.814,6.68857431,0.52571,0.159544,0.105315,0.615584,3.914395,3.661258,1.819928,-0.45165340605746,
Eritrea,ERI,2003,10.789496000000002,59.409,5.784,7.33703375,0.52356,0.159667,0.105405,0.615839,3.913805,3.657736,1.813484,-6.54307320047569,
Eritrea,ERI,2004,10.776499000000001,59.899,5.674,7.00984955,0.522301,0.159741,0.105473,0.616026,3.912263,3.654495,1.8062,-2.57785684643214,
Eritrea,ERI,2005,10.761949,60.597,5.689,6.8641758,0.521242,0.159746,0.105179,0.616111,3.907243,3.652574,1.799854,0.0898264853583157,
Eritrea,ERI,2006,10.745342,61.611,5.683,6.85727453,0.520899,0.159576,0.104941,0.616076,3.898969,3.651176,1.793705,-2.6320896954886,
Eritrea,ERI,2007,10.723956999999999,62.116,5.696,5.2786293,0.519842,0.159227,0.103546,0.61598,3.8896,3.649225,1.786537,-0.1702292340252,
Eritrea,ERI,2008,10.700119,62.573,5.647,6.415205,0.519703,0.158821,0.102279,0.615879,3.877135,3.647281,1.779021,-12.1725148060445,
Eritrea,ERI,2009,10.681159000000001,63.328,5.722,5.38878489,0.519711,0.158476,0.101529,0.61581,3.867957,3.64583,1.771846,1.24550790591422,
Eritrea,ERI,2010,10.66766,63.787,5.839,4.83844233,0.519336,0.15832,0.100845,0.615834,3.862112,3.645285,1.765928,0.121591639500295,
Eritrea,ERI,2011,10.662472000000001,64.402,5.755,5.16795397,0.519995,0.158298,0.100695,0.615921,3.861136,3.645635,1.760792,6.65218253497758,
Eritrea,ERI,2012,10.658273,64.838,5.649,3.7449646,0.520459,0.158294,0.100636,0.616069,3.860216,3.646936,1.755663,,
Eritrea,ERI,2013,10.655029999999998,65.067,5.61,4.97097206,0.520482,0.15831,0.100789,0.616258,3.859559,3.649057,1.750575,,
Eritrea,ERI,2014,10.655449999999998,65.6,5.652,4.02524328,0.520971,0.158354,0.100744,0.616504,3.861139,3.652097,1.745641,,
Eritrea,ERI,2015,10.65681,66.033,5.793,4.45034695,0.522229,0.158428,0.1013,0.616791,3.861327,3.655814,1.740921,,
Eritrea,ERI,2016,10.661184,66.289,5.83,3.6608541,0.523399,0.158544,0.101816,0.61714,3.863449,3.660275,1.736561,,
Eritrea,ERI,2017,10.669265999999999,66.577,5.879,3.98912001,0.524821,0.158711,0.102503,0.617569,3.867377,3.665668,1.732617,,
Eritrea,ERI,2018,0.0,67.067,5.758,4.12701797,,,,,,,,,
Eritrea,ERI,2019,0.0,67.3,5.789,4.58734369,,,,,,,,,
Eritrea,ERI,2020,0.0,67.133,6.307,4.15886974,,,,,,,,,
Eritrea,ERI,2021,0.0,66.536,6.341,4.15077114,,,,,,,,,
Eritrea,ERI,2022,0.0,66.604,5.941,,,,,,,,,,
Eritrea,ERI,2023,0.0,,5.866,,,,,,,,,,
España,ESP,2001,0.0,79.3682926829268,10.348,6.76895761,,,,,,,,3.21413456681397,
España,ESP,2002,0.0,79.5682926829268,11.146,6.80052757,,,,,,,,1.28997718123523,
España,ESP,2003,0.0,79.619512195122,11.283,7.56327057,,,,,,,,1.13629398955948,31.8
España,ESP,2004,0.0,79.8707317073171,11.09,7.65842772,,,,,,,,1.35864861113495,33.3
España,ESP,2005,0.0,80.1707317073171,9.146,7.73191786,,,,,,,,1.91574639257924,32.4
España,ESP,2006,0.0,80.8219512195122,8.452,7.82905865,,,,,,,,2.35777247171723,33.5
España,ESP,2007,0.0,80.8731707317073,8.232,7.9186573,,,,,,,,1.70457158797855,34.1
España,ESP,2008,0.0,81.1756097560976,11.255,8.38225937,,,,,,,,-0.709644824380291,34.2
España,ESP,2009,0.0,81.4756097560976,17.857,9.10764122,,,,,,,,-4.61174792296352,34.9
España,ESP,2010,0.0,81.6268292682927,19.86,9.11891174,,,,,,,,-0.297178903863639,35.2
España,ESP,2011,0.0,82.4756097560976,21.391,9.1679697,,,,,,,,-1.16620390689791,35.7
España,ESP,2012,0.0,82.4268292682927,24.788,9.15415382,,,,,,,,-3.02190653735798,35.4
España,ESP,2013,0.0,83.0780487804878,26.094,9.06397724,,,,,,,,-1.07974126518728,36.2
España,ESP,2014,0.0,83.2292682926829,24.442,9.08488464,,,,,,,,1.69935265928203,36.1
España,ESP,2015,0.0,82.8317073170732,22.058,9.12207508,,,,,,,,3.91911726500582,36.2
España,ESP,2016,0.0,83.3292682926829,19.635,8.94727325,,,,,,,,2.95081590903861,35.8
España,ESP,2017,0.0,83.2829268292683,17.224,8.94491291,,,,,,,,2.73447515505379,34.7
España,ESP,2018,0.0,83.4317073170732,15.255,8.99686718,,,,,,,,1.83746046437267,34.7
España,ESP,2019,0.0,83.8317073170732,14.104,9.1456852,,,,,,,,1.25463175469125,34.3
España,ESP,2020,0.0,82.3317073170732,15.532,10.74565983,,,,,,,,-11.6001893006088,34.9
España,ESP,2021,0.0,83.2292682926829,14.781,10.74003887,,,,,,,,6.29065944452751,33.9
España,ESP,2022,0.0,83.0829268292683,12.917,,,,,,,,,4.96805124372999,
España,ESP,2023,0.0,,12.144,,,,,,,,,1.24249543271571,
Estonia,EST,2001,14.573518,70.2585365853659,13.135,4.78060246,0.996688,0.196773,0.219349,0.704069,4.45538,2.949724,5.051535,6.68103354089904,
Estonia,EST,2002,14.535017,70.9048780487805,10.026,4.70329475,1.023984,0.197373,0.222309,0.704701,4.411393,2.952786,5.022471,7.44984042828682,
Estonia,EST,2003,14.482015,71.3170731707317,11.288,5.13883257,1.052509,0.198088,0.225861,0.705443,4.358236,2.956691,4.985187,8.27771228482102,37.2
Estonia,EST,2004,14.426339000000002,71.909756097561,10.248,5.33758926,1.076446,0.198783,0.229283,0.706133,4.303747,2.960418,4.951529,7.44441637457827,33.6
Estonia,EST,2005,14.387709,72.5682926829268,8.033,5.29536057,1.09621,0.199326,0.233166,0.70662,4.256001,2.96289,4.933496,10.1549947926276,33.4
Estonia,EST,2006,14.362619000000002,72.6914634146341,5.915,4.97390509,1.107544,0.199815,0.236076,0.706983,4.208616,2.964557,4.939028,10.4147342313026,33.7
Estonia,EST,2007,14.344979000000002,72.8146341463415,4.592,5.18455648,1.11473,0.200382,0.239855,0.707326,4.154931,2.966155,4.9616,8.07102533368965,31.2
Estonia,EST,2008,14.328425,73.7707317073171,5.455,5.95724869,1.119428,0.200977,0.243593,0.707682,4.098571,2.967659,4.990515,-4.87728652816892,31.9
Estonia,EST,2009,14.313082000000001,74.8243902439024,13.548,6.84477043,1.122781,0.201505,0.246115,0.707937,4.051133,2.968526,5.015085,-14.4643283839458,31.4
Estonia,EST,2010,14.291478,75.4292682926829,16.707,6.59433842,1.126222,0.201904,0.248455,0.708089,4.013452,2.968607,5.024749,2.67816403908816,32.0
Estonia,EST,2011,14.255848,76.2292682926829,12.328,6.0781703,1.128999,0.202214,0.250151,0.708157,3.982428,2.968054,5.015845,7.58921166461815,32.5
Estonia,EST,2012,14.207314000000002,76.3268292682927,10.021,6.09506845,1.131133,0.202527,0.251287,0.708196,3.95317,2.967251,4.99375,3.59836215956679,32.9
Estonia,EST,2013,14.14861,77.1414634146341,8.631,6.28062296,1.133278,0.202844,0.252233,0.708234,3.926684,2.966459,4.958878,1.82015416069549,35.1
Estonia,EST,2014,14.076442,77.0341463414634,7.352,6.36199903,1.133075,0.203149,0.251934,0.708245,3.902099,2.965608,4.912332,3.28187481366284,34.6
Estonia,EST,2015,13.994855000000001,77.590243902439,6.412,6.64135027,1.131572,0.203442,0.251524,0.708249,3.880068,2.964644,4.855356,1.78627469426176,32.7
Estonia,EST,2016,13.906773000000001,77.6414634146342,6.882,6.70240974,1.12996,0.203719,0.251266,0.708246,3.861329,2.963537,4.788716,3.12553830458751,31.2
Estonia,EST,2017,13.813870000000001,78.0926829268293,5.807,6.59727097,1.126665,0.203978,0.250271,0.708241,3.848854,2.962244,4.713617,5.66403908236126,30.4
Estonia,EST,2018,0.0,78.2439024390244,5.412,6.6912818,,,,,,,,3.42361905839128,30.3
Estonia,EST,2019,0.0,78.6463414634147,4.514,6.81699181,,,,,,,,3.64786387348042,30.8
Estonia,EST,2020,0.0,78.5951219512195,6.956,7.57906532,,,,,,,,-1.16086940794079,30.7
Estonia,EST,2021,0.0,76.9439024390244,6.178,7.49057293,,,,,,,,7.13570556057577,31.8
Estonia,EST,2022,0.0,77.9439024390244,5.571,6.94306278,,,,,,,,-1.78254144559237,
Estonia,EST,2023,0.0,,6.345,,,,,,,,,-4.23723542128097,
Etiopía,ETH,2001,0.0,51.043,3.174,4.72316694,,,,,,,,5.18329610205465,
Etiopía,ETH,2002,0.0,51.517,3.061,4.7126298,,,,,,,,-1.41943134945379,
Etiopía,ETH,2003,0.0,52.533,3.002,4.89970922,,,,,,,,-4.9635486109287,
Etiopía,ETH,2004,0.0,53.235,2.771,4.31281853,,,,,,,,10.3567353804701,29.8
Etiopía,ETH,2005,0.0,54.008,2.497,4.10098124,,,,,,,,8.68819314738802,
Etiopía,ETH,2006,0.0,55.149,2.346,4.45757294,,,,,,,,7.74559571884001,
Etiopía,ETH,2007,0.0,56.426,2.344,5.00128317,,,,,,,,8.32283205867725,
Etiopía,ETH,2008,0.0,57.592,2.333,4.28063869,,,,,,,,7.6878600799579,
Etiopía,ETH,2009,0.0,58.804,2.331,4.64983416,,,,,,,,5.79455379589757,
Etiopía,ETH,2010,0.0,59.73,2.299,5.46637249,,,,,,,,9.4198734285809,33.2
Etiopía,ETH,2011,0.0,60.721,2.274,4.46897745,,,,,,,,8.0541204807153,
Etiopía,ETH,2012,0.0,61.543,2.255,4.5395956,,,,,,,,5.61865391933833,
Etiopía,ETH,2013,0.0,62.373,2.251,4.07506514,,,,,,,,7.58309892413058,
Etiopía,ETH,2014,0.0,62.905,2.364,4.03365517,,,,,,,,7.31454492337771,
Etiopía,ETH,2015,0.0,63.649,2.45,3.82316828,,,,,,,,7.45669509715687,35.0
Etiopía,ETH,2016,0.0,64.392,2.566,3.60033751,,,,,,,,6.50121149670628,
Etiopía,ETH,2017,0.0,64.838,2.678,3.45336914,,,,,,,,6.62278907050467,
Etiopía,ETH,2018,0.0,65.412,2.825,3.30371761,,,,,,,,3.99844025588089,
Etiopía,ETH,2019,0.0,65.838,2.945,3.23382378,,,,,,,,5.52381056763929,
Etiopía,ETH,2020,0.0,65.371,4.024,3.48096275,,,,,,,,3.28084798420211,
Etiopía,ETH,2021,0.0,64.975,3.935,3.20824432,,,,,,,,2.92580454535896,
Etiopía,ETH,2022,0.0,65.645,3.493,,,,,,,,,2.67756191274128,
Etiopía,ETH,2023,0.0,,3.497,,,,,,,,,3.84918260425373,
Unión Europea,EUU,2001,0.0,77.4229501748974,9.20322074962879,8.55808472699126,,,,,,,,2.04098900774528,
Unión Europea,EUU,2002,0.0,77.531003298642,9.55246094210002,8.78117548740468,,,,,,,,0.878916483413875,
Unión Europea,EUU,2003,0.0,77.5893359969316,9.66115704556643,8.99640247591315,,,,,,,,0.549672108626737,
Unión Europea,EUU,2004,0.0,78.1144998957159,9.88152581708814,9.00319968197817,,,,,,,,2.20840220170595,
Unión Europea,EUU,2005,0.0,78.2714286678124,9.62554608353345,9.07274642265419,,,,,,,,1.56429335984529,
Unión Europea,EUU,2006,0.0,78.668010036854,8.67567283306332,9.04124008951244,,,,,,,,3.15946954292782,
Unión Europea,EUU,2007,0.0,78.9018190892451,7.49561210813578,8.92979224969798,,,,,,,,2.8104802091479,
Unión Europea,EUU,2008,0.0,79.1252964098769,7.24898553661077,9.20027813955445,,,,,,,,0.31909674840395,
Unión Europea,EUU,2009,0.0,79.3576360232168,9.17499426544336,9.95757958023654,,,,,,,,-4.57480820411089,
Unión Europea,EUU,2010,0.0,79.6300337124674,9.85358665328065,9.89664961541443,,,,,,,,2.08203784804446,
Unión Europea,EUU,2011,0.0,80.1387421492485,9.89528806671954,9.8335999572184,,,,,,,,2.08194797761135,
Unión Europea,EUU,2012,0.0,80.1576594861261,10.867696101802,9.92480566180267,,,,,,,,-0.848127963769173,
Unión Europea,EUU,2013,0.0,80.4647937689601,11.3205609473183,9.98295006193096,,,,,,,,-0.325675571799337,
Unión Europea,EUU,2014,0.0,80.8719823965856,10.8180241920617,10.0076809519282,,,,,,,,1.34752245111123,
Unión Europea,EUU,2015,0.0,80.5684394242096,10.0202284528246,9.9578931092163,,,,,,,,2.0864541596185,
Unión Europea,EUU,2016,0.0,80.9512974807302,9.1034863830255,9.94583554674463,,,,,,,,1.75592613796699,
Unión Europea,EUU,2017,0.0,80.9282086468659,8.1194012443605,9.89782377425712,,,,,,,,2.68348297478664,
Unión Europea,EUU,2018,0.0,81.0287289990803,7.25186197003969,9.8741508448386,,,,,,,,1.88744779043155,
Unión Europea,EUU,2019,0.0,81.3148579639404,6.67426331604498,9.93661644144776,,,,,,,,1.72200231163248,
Unión Europea,EUU,2020,0.0,80.4508691329259,7.04240085129941,10.8722320583539,,,,,,,,-5.72137386870494,
Unión Europea,EUU,2021,0.0,80.3166132259756,7.02260813084773,10.9503525679569,,,,,,,,6.13063155384567,
Unión Europea,EUU,2022,0.0,80.8026211073853,6.1470759507747,,,,,,,,,3.43413740607923,
Unión Europea,EUU,2023,0.0,,6.01950835510471,,,,,,,,,-0.0200768893701309,
Frágiles y situaciones de conflicto afectados,FCS,2001,0.0,55.729255215033,5.8728101911712,4.39938092469485,,,,,,,,1.81836922614598,
Frágiles y situaciones de conflicto afectados,FCS,2002,0.0,56.1494800472019,5.86375568468394,4.26838979112865,,,,,,,,2.27865879486085,
Frágiles y situaciones de conflicto afectados,FCS,2003,0.0,56.4190364533883,5.73743896113045,4.9915298744582,,,,,,,,-1.41224600007173,
Frágiles y situaciones de conflicto afectados,FCS,2004,0.0,56.665498658649,5.57431443993677,4.77058761899179,,,,,,,,8.62595184272239,
Frágiles y situaciones de conflicto afectados,FCS,2005,0.0,57.0581055715129,5.23249182730479,4.52355939382491,,,,,,,,3.32271763035219,
Frágiles y situaciones de conflicto afectados,FCS,2006,0.0,57.5427091415265,5.08890599053708,4.45658642968786,,,,,,,,3.31834919585465,
Frágiles y situaciones de conflicto afectados,FCS,2007,0.0,58.0094064492056,5.00854227400462,4.42436668439657,,,,,,,,3.54574454727643,
Frágiles y situaciones de conflicto afectados,FCS,2008,0.0,58.0186874288451,5.04833718695008,4.11986753060557,,,,,,,,2.57217723233872,
Frágiles y situaciones de conflicto afectados,FCS,2009,0.0,59.0622534539493,5.13347530153034,4.46453459950271,,,,,,,,0.560264976100044,
Frágiles y situaciones de conflicto afectados,FCS,2010,0.0,59.3081381864351,5.21687222763685,4.22471749923283,,,,,,,,4.41965714155398,
Frágiles y situaciones de conflicto afectados,FCS,2011,0.0,59.9663278437118,5.25921809471181,4.13575970684936,,,,,,,,-2.34613717948186,
Frágiles y situaciones de conflicto afectados,FCS,2012,0.0,60.166584242796,5.33736826512301,4.16479415046476,,,,,,,,3.03651092456228,
Frágiles y situaciones de conflicto afectados,FCS,2013,0.0,60.4660138869474,5.33606409016098,4.28464998439692,,,,,,,,1.01218214731465,
Frágiles y situaciones de conflicto afectados,FCS,2014,0.0,60.7099873553869,5.47976437989785,4.22499951491078,,,,,,,,-0.23960046906052,
Frágiles y situaciones de conflicto afectados,FCS,2015,0.0,61.0144636434117,5.56156546937,4.45283308545376,,,,,,,,-1.17026895360685,
Frágiles y situaciones de conflicto afectados,FCS,2016,0.0,61.2923803606297,5.68924640774221,4.77983186297821,,,,,,,,-0.0962404318575949,
Frágiles y situaciones de conflicto afectados,FCS,2017,0.0,61.6570844120365,5.8948327706098,4.74427021003563,,,,,,,,0.286405221765335,
Frágiles y situaciones de conflicto afectados,FCS,2018,0.0,61.9720515279674,5.87451673246892,4.44308552415849,,,,,,,,0.492910370759688,
Frágiles y situaciones de conflicto afectados,FCS,2019,0.0,62.2697807430552,5.89409658257476,4.37981529234089,,,,,,,,0.266800241295925,
Frágiles y situaciones de conflicto afectados,FCS,2020,0.0,61.7624869876377,6.66949274574688,4.86728412792969,,,,,,,,-8.45270221959686,
Frágiles y situaciones de conflicto afectados,FCS,2021,0.0,61.2532657354491,6.77315960812844,5.16470993913675,,,,,,,,2.26951220682399,
Frágiles y situaciones de conflicto afectados,FCS,2022,0.0,61.7925883005562,5.75827706735074,,,,,,,,,-0.256435211697962,
Frágiles y situaciones de conflicto afectados,FCS,2023,0.0,,5.61591641710673,,,,,,,,,-0.662921098222654,
Finlandia,FIN,2001,0.0,77.9658536585366,10.291,7.25,,,,,,,,2.37665487011792,
Finlandia,FIN,2002,0.0,78.119512195122,10.423,7.63,,,,,,,,1.46092862242904,
Finlandia,FIN,2003,0.0,78.3682926829268,10.469,7.94,,,,,,,,1.7608385701202,27.7
Finlandia,FIN,2004,0.0,78.7146341463415,10.358,8.06,,,,,,,,3.6905877973641,27.9
Finlandia,FIN,2005,0.0,78.8170731707317,8.384,8.29,,,,,,,,2.4286892269546,27.6
Finlandia,FIN,2006,0.0,79.2146341463415,7.719,8.28,,,,,,,,3.62894134847109,28.0
Finlandia,FIN,2007,0.0,79.2634146341464,6.854,8.08,,,,,,,,4.85231327619931,28.3
Finlandia,FIN,2008,0.0,79.5682926829268,6.369,8.34,,,,,,,,0.315886376754079,27.8
Finlandia,FIN,2009,0.0,79.719512195122,8.25,9.16,,,,,,,,-8.51302848718304,27.5
Finlandia,FIN,2010,0.0,79.8707317073171,8.394,9.14,,,,,,,,2.71496673450685,27.7
Finlandia,FIN,2011,0.0,80.4707317073171,7.781,9.22,,,,,,,,2.07339631453335,27.6
Finlandia,FIN,2012,0.0,80.6268292682927,7.689,9.59,,,,,,,,-1.86559117436354,27.1
Finlandia,FIN,2013,0.0,80.9756097560976,8.193,9.81,,,,,,,,-1.35721561109078,27.2
Finlandia,FIN,2014,0.0,81.1804878048781,8.663,9.78,,,,,,,,-0.776108383146138,26.8
Finlandia,FIN,2015,0.0,81.4804878048781,9.376,9.65,,,,,,,,0.213029419665261,27.1
Finlandia,FIN,2016,0.0,81.4292682926829,8.818,9.38,,,,,,,,2.5163798952421,27.1
Finlandia,FIN,2017,0.0,81.6317073170732,8.64,9.13,,,,,,,,2.95053137282473,27.4
Finlandia,FIN,2018,0.0,81.7341463414634,7.361,9.05,,,,,,,,1.00565417029748,27.3
Finlandia,FIN,2019,0.0,81.9829268292683,6.695,9.17,,,,,,,,1.11326909206437,27.7
Finlandia,FIN,2020,0.0,81.9317073170732,7.759,9.63,,,,,,,,-2.49512296758466,27.1
Finlandia,FIN,2021,0.0,81.8853658536585,7.606,10.25,,,,,,,,2.62522857501395,27.7
Finlandia,FIN,2022,0.0,81.1878048780488,6.719,,,,,,,,,1.06026541621638,
Finlandia,FIN,2023,0.0,,7.155,,,,,,,,,-1.53439326996747,
Fiji,FJI,2001,9.00045,66.34,4.698,2.90547299,0.738526,0.233544,0.134486,0.447843,3.160485,3.239627,1.045939,0.931771647140692,
Fiji,FJI,2002,9.003482,65.748,4.77,2.98349524,0.73796,0.23388,0.135087,0.448018,3.162425,3.240303,1.045809,2.15924542602002,38.1
Fiji,FJI,2003,9.004586,66.177,4.739,2.97298193,0.737863,0.23427,0.135763,0.448253,3.161375,3.241355,1.045707,0.0097755848323686,
Fiji,FJI,2004,9.007785,66.424,4.7,3.25768542,0.737453,0.234644,0.136672,0.448501,3.161844,3.242662,1.046009,4.28088984862526,
Fiji,FJI,2005,9.012353000000001,66.632,3.886,3.25656676,0.73737,0.234935,0.137064,0.448715,3.163073,3.244118,1.047078,-0.247123291094439,
Fiji,FJI,2006,9.022242,66.855,3.957,3.34798193,0.737436,0.235241,0.137634,0.448974,3.163513,3.246689,1.052755,0.911330811189174,
Fiji,FJI,2007,9.045136,66.826,4.103,3.41514993,0.738319,0.23566,0.138105,0.449347,3.168357,3.251044,1.064304,-1.69281058294433,
Fiji,FJI,2008,9.072421,66.935,4.182,3.18467116,0.740777,0.236118,0.13897,0.449775,3.172747,3.256059,1.077975,0.347435414506506,40.4
Fiji,FJI,2009,9.096643,67.089,4.302,3.53587627,0.743264,0.236536,0.139411,0.450189,3.176639,3.26059,1.090014,-1.89498024658327,
Fiji,FJI,2010,9.110539,67.328,4.342,3.41664124,0.744437,0.236818,0.140063,0.450492,3.178691,3.263547,1.096491,2.52404964362454,
Fiji,FJI,2011,9.12029,67.523,4.406,3.14293504,0.746078,0.23702,0.141395,0.450737,3.1808,3.265503,1.098757,2.34491097690483,
Fiji,FJI,2012,9.125912,67.552,4.375,3.2655499,0.747515,0.237242,0.142176,0.450996,3.179419,3.267709,1.100855,1.11032817332519,
Fiji,FJI,2013,9.133456,67.428,4.356,3.20040679,0.748702,0.23749,0.142736,0.451292,3.18011,3.270336,1.10279,4.45972948136782,36.7
Fiji,FJI,2014,9.140754999999999,67.376,4.325,3.36860466,0.751021,0.237749,0.143668,0.451596,3.179131,3.273137,1.104453,5.36048652723049,
Fiji,FJI,2015,9.148559000000002,66.844,4.292,3.32468939,0.753351,0.23802,0.144976,0.451918,3.178253,3.276218,1.105823,4.3143469773691,
Fiji,FJI,2016,9.155041,67.24,4.32,3.27979708,0.755823,0.238295,0.146452,0.452253,3.176044,3.279308,1.106866,2.31502500392521,
Fiji,FJI,2017,9.157672,67.79,4.328,3.18689561,0.757352,0.238572,0.147253,0.452605,3.171898,3.282447,1.107545,5.27907993633569,
Fiji,FJI,2018,0.0,67.81,4.34,4.10572624,,,,,,,,3.81494936623174,
Fiji,FJI,2019,0.0,67.893,4.38,4.25136137,,,,,,,,-0.523026254109681,30.7
Fiji,FJI,2020,0.0,67.924,4.623,4.76918268,,,,,,,,-17.2162605505716,
Fiji,FJI,2021,0.0,67.114,4.678,5.38085365,,,,,,,,-5.31187538268118,
Fiji,FJI,2022,0.0,68.312,4.481,,,,,,,,,19.3509150932167,
Fiji,FJI,2023,0.0,,4.327,,,,,,,,,7.26395070479431,
Francia,FRA,2001,0.0,79.1585365853659,8.61,9.7056284,,,,,,,,1.24252728979701,32.5
Francia,FRA,2002,0.0,79.2609756097561,8.702,10.02218628,,,,,,,,0.401189128588285,31.8
Francia,FRA,2003,0.0,79.1146341463415,8.307,10.08283424,,,,,,,,0.109402978570955,31.4
Francia,FRA,2004,0.0,80.1634146341463,8.914,10.16429329,,,,,,,,2.07662490819244,30.6
Francia,FRA,2005,0.0,80.1634146341463,8.882,10.2148447,,,,,,,,0.903680386720666,29.8
Francia,FRA,2006,0.0,80.8121951219512,8.833,10.38566494,,,,,,,,1.74108525754491,29.7
Francia,FRA,2007,0.0,81.1121951219512,8.009,10.31564426,,,,,,,,1.79523636713417,32.4
Francia,FRA,2008,0.0,81.2146341463415,7.386,10.50084686,,,,,,,,-0.302483826449361,33.0
Francia,FRA,2009,0.0,81.4146341463415,9.122,11.28756237,,,,,,,,-3.37039728344887,32.7
Francia,FRA,2010,0.0,81.6634146341463,9.279,11.22560215,,,,,,,,1.44824526229692,33.7
Francia,FRA,2011,0.0,82.1146341463415,9.228,11.18497562,,,,,,,,1.70061040175906,33.3
Francia,FRA,2012,0.0,81.9682926829268,9.841,11.29740047,,,,,,,,-0.171161336111382,33.1
Francia,FRA,2013,0.0,82.219512195122,9.913,11.39603043,,,,,,,,0.0581495050462166,32.5
Francia,FRA,2014,0.0,82.719512195122,10.273,11.53937244,,,,,,,,0.484564448270447,32.3
Francia,FRA,2015,0.0,82.3219512195122,10.354,11.44817352,,,,,,,,0.754024352327519,32.7
Francia,FRA,2016,0.0,82.5731707317073,10.057,11.47060013,,,,,,,,0.829056664516742,31.9
Francia,FRA,2017,0.0,82.5756097560976,9.41,11.35469437,,,,,,,,1.99499844733441,31.6
Francia,FRA,2018,0.0,82.6756097560976,9.018,11.20798969,,,,,,,,1.50053912327405,32.4
Francia,FRA,2019,0.0,82.8268292682927,8.415,11.0888586,,,,,,,,1.49589898756051,31.2
Francia,FRA,2020,0.0,82.1756097560976,8.01,12.13096142,,,,,,,,-7.7910085087493,30.7
Francia,FRA,2021,0.0,82.3243902439024,7.874,12.30787277,,,,,,,,6.13176131597774,31.5
Francia,FRA,2022,0.0,82.2292682926829,7.308,,,,,,,,,2.14273164932905,
Francia,FRA,2023,0.0,,7.323,,,,,,,,,0.409870599065499,
Islas Feroe,FRO,2001,0.0,78.6414634146341,,,,,,,,,,,
Islas Feroe,FRO,2002,0.0,78.8439024390244,,,,,,,,,,,
Islas Feroe,FRO,2003,0.0,78.9439024390244,,,,,,,,,,,
Islas Feroe,FRO,2004,0.0,79.0926829268293,,,,,,,,,,,
Islas Feroe,FRO,2005,0.0,79.290243902439,,,,,,,,,,,
Islas Feroe,FRO,2006,0.0,79.6390243902439,,,,,,,,,,,
Islas Feroe,FRO,2007,0.0,79.9878048780488,,,,,,,,,,,
Islas Feroe,FRO,2008,0.0,80.1365853658537,,,,,,,,,,,
Islas Feroe,FRO,2009,0.0,80.3365853658537,,,,,,,,,,-4.33857064291226,
Islas Feroe,FRO,2010,0.0,80.6365853658537,,,,,,,,,,-0.537917462689862,
Islas Feroe,FRO,2011,0.0,80.8878048780488,,,,,,,,,,3.75963460149575,
Islas Feroe,FRO,2012,0.0,81.190243902439,,,,,,,,,,7.00338507898522,
Islas Feroe,FRO,2013,0.0,81.4414634146341,,,,,,,,,,5.79620984405204,
Islas Feroe,FRO,2014,0.0,81.5926829268293,,,,,,,,,,5.33045567549763,
Islas Feroe,FRO,2015,0.0,81.7926829268293,,,,,,,,,,0.250331564896427,
Islas Feroe,FRO,2016,0.0,82.0439024390244,,,,,,,,,,0.0677860588287729,
Islas Feroe,FRO,2017,0.0,82.2439024390244,,,,,,,,,,2.00991729188169,
Islas Feroe,FRO,2018,0.0,82.4951219512195,,,,,,,,,,1.26986291372808,
Islas Feroe,FRO,2019,0.0,82.6463414634146,,,,,,,,,,2.92366083623081,
Islas Feroe,FRO,2020,0.0,82.8975609756098,,,,,,,,,,-3.30021424193171,
Islas Feroe,FRO,2021,0.0,83.0975609756098,,,,,,,,,,4.80775172322258,
Islas Feroe,FRO,2022,0.0,83.3,,,,,,,,,,4.99943924088213,
Islas Feroe,FRO,2023,0.0,,,,,,,,,,,,
Micronesia (Estados Federados de),FSM,2001,0.0,70.479,,8.45260048,,,,,,,,1.94948280475187,
Micronesia (Estados Federados de),FSM,2002,0.0,69.46,,7.89720392,,,,,,,,0.507494244597439,
Micronesia (Estados Federados de),FSM,2003,0.0,70.76,,9.57150459,,,,,,,,1.74200000565041,
Micronesia (Estados Federados de),FSM,2004,0.0,70.838,,12.02715683,,,,,,,,-2.76096584174978,
Micronesia (Estados Federados de),FSM,2005,0.0,70.884,,17.73306656,,,,,,,,2.49992422045129,42.4
Micronesia (Estados Federados de),FSM,2006,0.0,71.093,,10.74129105,,,,,,,,0.49779898412865,
Micronesia (Estados Federados de),FSM,2007,0.0,71.06,,11.0585041,,,,,,,,-1.14699881419256,
Micronesia (Estados Federados de),FSM,2008,0.0,71.137,,11.99137974,,,,,,,,-1.66513660952943,
Micronesia (Estados Federados de),FSM,2009,0.0,71.112,,12.55259323,,,,,,,,1.87659231560208,
Micronesia (Estados Federados de),FSM,2010,0.0,71.233,,13.10624504,,,,,,,,2.5255221377722,
Micronesia (Estados Federados de),FSM,2011,0.0,71.318,,13.09527397,,,,,,,,2.90259605617813,
Micronesia (Estados Federados de),FSM,2012,0.0,71.398,,12.27709675,,,,,,,,-2.17962878706204,
Micronesia (Estados Federados de),FSM,2013,0.0,71.499,,12.10208416,,,,,,,,-4.01411142287299,40.1
Micronesia (Estados Federados de),FSM,2014,0.0,71.529,,11.72290421,,,,,,,,-2.67764893895431,
Micronesia (Estados Federados de),FSM,2015,0.0,71.408,,12.46286297,,,,,,,,4.20325118906544,
Micronesia (Estados Federados de),FSM,2016,0.0,71.595,,13.13244915,,,,,,,,0.060866513467289,
Micronesia (Estados Federados de),FSM,2017,0.0,71.467,,12.1958313,,,,,,,,0.3619781855366,
Micronesia (Estados Federados de),FSM,2018,0.0,71.318,,11.65710258,,,,,,,,-0.44983728330736,
Micronesia (Estados Federados de),FSM,2019,0.0,71.077,,11.2604599,,,,,,,,3.66111590669185,
Micronesia (Estados Federados de),FSM,2020,0.0,70.674,,10.84531593,,,,,,,,-2.59656214723951,
Micronesia (Estados Federados de),FSM,2021,0.0,70.71,,10.96059132,,,,,,,,1.8686018863088,
Micronesia (Estados Federados de),FSM,2022,0.0,70.925,,,,,,,,,,-1.67600722395809,
Micronesia (Estados Federados de),FSM,2023,0.0,,,,,,,,,,,-0.142848780142486,
Gabón,GAB,2001,0.0,61.27,17.801,3.14902449,,,,,,,,-0.495554568762373,
Gabón,GAB,2002,0.0,61.292,17.372,3.3248477,,,,,,,,-2.85905618537072,
Gabón,GAB,2003,0.0,61.671,17.129,3.53258252,,,,,,,,-0.475164874647575,
Gabón,GAB,2004,0.0,61.838,17.104,3.33045959,,,,,,,,-2.06105046700549,
Gabón,GAB,2005,0.0,61.959,16.91,2.9324131,,,,,,,,-0.227534413559397,42.2
Gabón,GAB,2006,0.0,62.375,17.792,3.14333963,,,,,,,,-5.66448543910244,
Gabón,GAB,2007,0.0,62.618,18.258,3.16288781,,,,,,,,2.7767833135993,
Gabón,GAB,2008,0.0,63.083,19.197,2.78980231,,,,,,,,-6.34241208334988,
Gabón,GAB,2009,0.0,63.303,19.754,3.83571577,,,,,,,,-3.11323998760122,
Gabón,GAB,2010,0.0,63.898,20.39,2.47556901,,,,,,,,3.48729414610895,
Gabón,GAB,2011,0.0,64.045,19.929,2.55771565,,,,,,,,3.38236084810524,
Gabón,GAB,2012,0.0,64.587,19.713,2.42097569,,,,,,,,1.5718549447385,
Gabón,GAB,2013,0.0,64.776,19.788,2.84087205,,,,,,,,2.00003924508228,
Gabón,GAB,2014,0.0,64.974,19.922,2.53282261,,,,,,,,0.887273108026633,
Gabón,GAB,2015,0.0,65.46,19.994,2.65743947,,,,,,,,0.721232639266972,
Gabón,GAB,2016,0.0,65.802,20.165,3.1076982,,,,,,,,-0.731650626043063,
Gabón,GAB,2017,0.0,66.189,20.351,2.78068876,,,,,,,,-2.06281675404621,38.0
Gabón,GAB,2018,0.0,66.306,20.502,2.74500418,,,,,,,,-1.54487218362715,
Gabón,GAB,2019,0.0,66.603,20.426,2.76836324,,,,,,,,1.56821091959847,
Gabón,GAB,2020,0.0,66.531,21.273,3.41300368,,,,,,,,-3.96955863426069,
Gabón,GAB,2021,0.0,65.821,21.233,2.70633149,,,,,,,,-0.638652872887107,
Gabón,GAB,2022,0.0,65.694,20.501,,,,,,,,,0.906957584549687,
Gabón,GAB,2023,0.0,,20.361,,,,,,,,,0.266540430928643,
Reino Unido,GBR,2001,0.0,77.9926829268293,4.696,7.34416342,,,,,,,,2.18459671040603,37.1
Reino Unido,GBR,2002,0.0,78.1439024390244,5.037,7.65009499,,,,,,,,1.36197323998215,35.1
Reino Unido,GBR,2003,0.0,78.4463414634146,4.807,8.05579185,,,,,,,,2.66739616621786,34.9
Reino Unido,GBR,2004,0.0,78.7463414634146,4.594,8.30715179,,,,,,,,1.84540266498504,34.8
Reino Unido,GBR,2005,0.0,79.0487804878049,4.751,8.36301231,,,,,,,,2.03584209773835,35.5
Reino Unido,GBR,2006,0.0,79.2487804878049,5.35,8.62893772,,,,,,,,1.63644558698466,35.9
Reino Unido,GBR,2007,0.0,79.4487804878049,5.262,8.62399578,,,,,,,,1.82436446195527,34.4
Reino Unido,GBR,2008,0.0,79.6,5.615,9.02561569,,,,,,,,-1.00790103220685,35.4
Reino Unido,GBR,2009,0.0,80.0512195121951,7.537,10.04505444,,,,,,,,-5.33371939419183,35.1
Reino Unido,GBR,2010,0.0,80.4024390243902,7.787,9.92673969,,,,,,,,1.44038415806527,33.7
Reino Unido,GBR,2011,0.0,80.9512195121951,8.038,9.92486763,,,,,,,,0.357726635762319,33.2
Reino Unido,GBR,2012,0.0,80.9048780487805,7.885,9.95296001,,,,,,,,0.809511841772917,33.1
Reino Unido,GBR,2013,0.0,81.0048780487805,7.525,9.87251186,,,,,,,,1.11285564329206,32.7
Reino Unido,GBR,2014,0.0,81.3048780487805,6.11,9.86246872,,,,,,,,2.43857440495138,33.1
Reino Unido,GBR,2015,0.0,80.9560975609756,5.301,9.79776669,,,,,,,,1.41349868255548,33.3
Reino Unido,GBR,2016,0.0,81.1560975609756,4.81,9.72899723,,,,,,,,1.15154932987107,33.1
Reino Unido,GBR,2017,0.0,81.2560975609756,4.33,9.5958786,,,,,,,,1.96002099357008,32.6
Reino Unido,GBR,2018,0.0,81.2560975609756,3.996,9.73079777,,,,,,,,0.791214735013071,33.7
Reino Unido,GBR,2019,0.0,81.4048780487805,3.737,9.95761967,,,,,,,,1.06983334867479,32.8
Reino Unido,GBR,2020,0.0,80.3512195121951,4.472,12.15863419,,,,,,,,-10.687168020963,32.6
Reino Unido,GBR,2021,0.0,80.7,4.826,12.36469936,,,,,,,,8.76398582256878,32.4
Reino Unido,GBR,2022,0.0,82.0585365853659,3.73,11.34454918,,,,,,,,3.16817537223257,
Reino Unido,GBR,2023,0.0,,4.055,,,,,,,,,-0.714682165144737,
Georgia,GEO,2001,8.685231,69.606,11.16,7.17,0.437776,0.188831,0.12792,0.705649,2.776171,2.607228,1.841656,6.44578529290918,39.6
Georgia,GEO,2002,8.694737,70.024,12.59,7.81,0.439267,0.189124,0.129053,0.705862,2.777238,2.606254,1.847939,6.42465284351501,37.2
Georgia,GEO,2003,8.710289,70.333,11.51,8.03,0.441408,0.189532,0.131324,0.706129,2.779253,2.605173,1.85747,11.8096106867876,36.7
Georgia,GEO,2004,8.727673,70.567,12.62,8.09,0.442886,0.18997,0.133759,0.706391,2.782174,2.604215,1.868278,6.44984993877193,36.2
Georgia,GEO,2005,8.745723,71.13,13.81,8.08,0.445558,0.190355,0.136479,0.70656,2.784664,2.603007,1.8791,10.2895785214873,37.4
Georgia,GEO,2006,8.771701,71.394,13.57,7.63,0.448084,0.190802,0.139095,0.706652,2.784744,2.60164,1.900684,10.0452966712851,36.9
Georgia,GEO,2007,8.813804,71.568,13.28,7.44,0.451574,0.191413,0.142197,0.706731,2.78403,2.600349,1.93751,13.1643509520424,38.1
Georgia,GEO,2008,8.860423,71.332,17.87,8.44,0.45525,0.192092,0.146511,0.706806,2.781577,2.599191,1.978996,2.7332346709434,38.5
Georgia,GEO,2009,8.905913,71.95,20.71,9.57,0.460296,0.192744,0.149798,0.706912,2.783439,2.598333,2.014391,-2.79118104819281,38.2
Georgia,GEO,2010,8.932113000000001,72.128,20.203,9.07,0.464117,0.193265,0.15333,0.707019,2.783825,2.597554,2.033003,7.02428366897674,39.5
Georgia,GEO,2011,8.947842000000001,72.39,19.632,8.01,0.466871,0.19372,0.156341,0.707202,2.786203,2.597258,2.040247,8.8036288733672,39.6
Georgia,GEO,2012,8.963740999999999,72.412,19.653,8.05,0.47082,0.194199,0.158729,0.707415,2.787449,2.597356,2.047773,7.36675215463949,39.0
Georgia,GEO,2013,8.982082,72.628,19.416,7.88,0.474956,0.194697,0.161859,0.707667,2.789678,2.597842,2.055383,5.44978265548417,38.6
Georgia,GEO,2014,8.999573000000002,73.099,17.439,7.9,0.478933,0.195209,0.164708,0.707955,2.791195,2.598647,2.062926,4.04162752314514,37.6
Georgia,GEO,2015,9.018297,73.297,16.506,7.42,0.483852,0.195737,0.166974,0.708309,2.793426,2.599692,2.070307,3.18839294862944,36.5
Georgia,GEO,2016,9.035517,73.569,16.604,8.0,0.488798,0.196261,0.169635,0.708685,2.79403,2.600914,2.077194,3.38835328316745,36.6
Georgia,GEO,2017,9.054756000000001,73.57,13.939,7.06,0.494333,0.196776,0.17164,0.709099,2.797379,2.602456,2.083073,5.14582677562736,37.9
Georgia,GEO,2018,0.0,73.341,12.667,7.11,,,,,,,,6.10344745087359,36.4
Georgia,GEO,2019,0.0,73.47,11.565,6.66,,,,,,,,5.56167165873158,35.9
Georgia,GEO,2020,0.0,72.765,11.73,8.43,,,,,,,,-6.35478715206467,34.5
Georgia,GEO,2021,0.0,71.694,11.794,8.42,,,,,,,,11.0650780067831,34.2
Georgia,GEO,2022,0.0,71.587,11.657,7.37,,,,,,,,10.8422088053808,33.5
Georgia,GEO,2023,0.0,,11.622,,,,,,,,,6.10651322007658,
Ghana,GHA,2001,8.718589,58.107,9.604,3.17077661,0.548104,0.16918,0.121926,0.63554,3.37207,2.897526,0.974243,1.27030341934484,
Ghana,GHA,2002,8.741389,58.608,8.698,2.88721824,0.558872,0.169492,0.123205,0.63601,3.378144,2.899303,0.976363,1.66705097481452,
Ghana,GHA,2003,8.762948999999999,59.111,7.722,2.82690215,0.568143,0.169859,0.124324,0.636556,3.384365,2.901286,0.978416,2.3828249421414,
Ghana,GHA,2004,8.782715999999999,59.191,6.757,2.76365352,0.576251,0.170201,0.125103,0.63705,3.390656,2.903238,0.980217,2.81890927634004,
Ghana,GHA,2005,8.795766,59.76,5.817,3.63137388,0.581164,0.170431,0.12625,0.637346,3.394195,2.904764,0.981616,3.12030742525397,42.8
Ghana,GHA,2006,8.801637,59.988,4.897,3.67091465,0.584756,0.170599,0.12712,0.63746,3.392917,2.905356,0.983429,3.62857797033644,
Ghana,GHA,2007,8.804789,60.224,5.092,3.80248857,0.588305,0.170802,0.127886,0.637533,3.388954,2.905144,0.986165,1.66321253085184,
Ghana,GHA,2008,8.804204,60.49,5.142,3.87511325,0.591365,0.171028,0.12871,0.637595,3.381607,2.904698,0.989201,6.37791278002531,
Ghana,GHA,2009,8.805029,60.946,5.349,4.37879181,0.593783,0.171267,0.129761,0.637682,3.376001,2.904623,0.991912,2.21956802326369,
Ghana,GHA,2010,8.808411999999999,61.157,5.384,4.22398996,0.597606,0.171515,0.130683,0.637855,3.371397,2.905608,0.993748,5.26723802894486,
Ghana,GHA,2011,8.816301,61.652,4.227,4.69264126,0.600392,0.171816,0.132494,0.638148,3.370711,2.907637,0.995103,11.3000726943874,
Ghana,GHA,2012,8.827388,62.081,3.141,4.00799608,0.604007,0.172222,0.134146,0.638583,3.37133,2.910347,0.996753,6.6363517017998,42.4
Ghana,GHA,2013,8.84008,62.42,2.173,4.59225416,0.607083,0.172728,0.136281,0.639171,3.372319,2.913824,0.998674,4.71277222596768,
Ghana,GHA,2014,8.857713,63.045,4.412,4.01644135,0.611094,0.173326,0.138663,0.639912,3.375781,2.918105,1.000832,0.40940094711712,
Ghana,GHA,2015,8.879896,63.175,6.806,4.5429678,0.615468,0.174007,0.141231,0.640804,3.382018,2.923209,1.003159,-0.265332917264004,
Ghana,GHA,2016,8.904133,63.89,5.237,3.39035821,0.620411,0.174769,0.144081,0.641861,3.388093,2.92928,1.005638,0.983231574681142,43.5
Ghana,GHA,2017,8.933392,64.013,3.369,3.73087549,0.625915,0.175606,0.147452,0.643099,3.396647,2.936416,1.008257,5.73907811296539,
Ghana,GHA,2018,0.0,64.122,3.251,3.80673027,,,,,,,,3.96954738010722,
Ghana,GHA,2019,0.0,64.74,3.156,4.29847813,,,,,,,,4.30597775008748,
Ghana,GHA,2020,0.0,64.114,3.285,4.01752424,,,,,,,,-1.5416365263868,
Ghana,GHA,2021,0.0,63.795,3.338,4.15176868,,,,,,,,2.98783641242667,
Ghana,GHA,2022,0.0,63.945,3.084,,,,,,,,,1.82389128548645,
Ghana,GHA,2023,0.0,,3.079,,,,,,,,,0.995480410956318,
Gibraltar,GIB,2001,0.0,81.087,,,,,,,,,,,
Gibraltar,GIB,2002,0.0,80.26,,,,,,,,,,,
Gibraltar,GIB,2003,0.0,79.694,,,,,,,,,,,
Gibraltar,GIB,2004,0.0,80.948,,,,,,,,,,,
Gibraltar,GIB,2005,0.0,81.442,,,,,,,,,,,
Gibraltar,GIB,2006,0.0,80.393,,,,,,,,,,,
Gibraltar,GIB,2007,0.0,78.514,,,,,,,,,,,
Gibraltar,GIB,2008,0.0,80.13,,,,,,,,,,,
Gibraltar,GIB,2009,0.0,81.243,,,,,,,,,,,
Gibraltar,GIB,2010,0.0,80.958,,,,,,,,,,,
Gibraltar,GIB,2011,0.0,81.871,,,,,,,,,,,
Gibraltar,GIB,2012,0.0,83.366,,,,,,,,,,,
Gibraltar,GIB,2013,0.0,80.55,,,,,,,,,,,
Gibraltar,GIB,2014,0.0,81.882,,,,,,,,,,,
Gibraltar,GIB,2015,0.0,80.427,,,,,,,,,,,
Gibraltar,GIB,2016,0.0,81.702,,,,,,,,,,,
Gibraltar,GIB,2017,0.0,81.83,,,,,,,,,,,
Gibraltar,GIB,2018,0.0,82.154,,,,,,,,,,,
Gibraltar,GIB,2019,0.0,82.363,,,,,,,,,,,
Gibraltar,GIB,2020,0.0,82.198,,,,,,,,,,,
Gibraltar,GIB,2021,0.0,79.329,,,,,,,,,,,
Gibraltar,GIB,2022,0.0,82.83,,,,,,,,,,,
Gibraltar,GIB,2023,0.0,,,,,,,,,,,,
Guinea,GIN,2001,8.662671000000001,52.662,4.595,4.89139318,0.425494,0.165122,0.108047,0.626928,3.520862,2.896689,0.919529,2.32360541906462,
Guinea,GIN,2002,8.669333000000002,53.278,4.549,5.36402321,0.427203,0.165116,0.107999,0.627096,3.524538,2.896587,0.920794,3.54538056696634,43.0
Guinea,GIN,2003,8.675466,53.678,4.651,4.78055525,0.429227,0.165116,0.107666,0.627278,3.527883,2.896229,0.922067,-0.995885504971653,
Guinea,GIN,2004,8.682587,54.117,4.757,4.78467607,0.432143,0.165118,0.107349,0.627445,3.531434,2.895921,0.923177,0.184086182243547,
Guinea,GIN,2005,8.688214,54.632,4.899,4.04512262,0.432593,0.165116,0.107126,0.627572,3.535905,2.895895,0.924007,0.979328740156433,
Guinea,GIN,2006,8.690652,55.108,4.958,3.61521959,0.433255,0.165074,0.107527,0.627631,3.536202,2.895316,0.925647,-0.876468729221926,
Guinea,GIN,2007,8.690644,55.553,4.834,3.46627593,0.433099,0.164985,0.106842,0.627667,3.535666,2.894023,0.928362,4.39564323238255,39.4
Guinea,GIN,2008,8.691684,56.044,4.844,3.26562262,0.43292,0.164884,0.106667,0.627684,3.535645,2.892437,0.931447,1.65524540504553,
Guinea,GIN,2009,8.693993,56.348,4.991,3.58147597,0.433785,0.164815,0.106636,0.627723,3.535604,2.891235,0.934195,-3.50582431742407,
Guinea,GIN,2010,8.698347,56.72,5.129,3.42782617,0.434597,0.164815,0.106579,0.627795,3.537796,2.890892,0.935873,2.26817828884663,
Guinea,GIN,2011,8.702029,57.019,5.123,3.78955102,0.435497,0.16489,0.107005,0.627921,3.538543,2.891207,0.936966,3.03408421699085,
Guinea,GIN,2012,8.708722999999999,57.406,4.891,3.50398517,0.437637,0.165015,0.107378,0.628105,3.54052,2.89185,0.938218,3.35318036178262,33.7
Guinea,GIN,2013,8.717203,57.791,4.977,3.46108699,0.440238,0.16519,0.107999,0.628347,3.542947,2.892857,0.939625,1.43775526659167,
Guinea,GIN,2014,8.72824,57.886,5.108,4.787992,0.443211,0.165411,0.109006,0.628632,3.546566,2.894246,0.941168,1.15353950301376,
Guinea,GIN,2015,8.740464,58.134,5.251,5.80919266,0.446693,0.165683,0.109931,0.628972,3.550241,2.896095,0.942849,1.21255318822197,
Guinea,GIN,2016,8.755918,58.763,5.019,5.39694929,0.450933,0.166012,0.111306,0.629384,3.555368,2.89844,0.944475,7.98776380538011,
Guinea,GIN,2017,8.773334,59.109,4.815,3.91512918,0.456326,0.166393,0.112388,0.629857,3.560933,2.901304,0.946133,7.50840564635335,
Guinea,GIN,2018,0.0,59.349,4.771,3.73843002,,,,,,,,3.69780652586307,29.6
Guinea,GIN,2019,0.0,59.72,5.018,4.08876228,,,,,,,,2.97045089645664,
Guinea,GIN,2020,0.0,59.327,5.993,3.876436,,,,,,,,2.31724101111628,
Guinea,GIN,2021,0.0,58.892,5.767,3.75556707,,,,,,,,1.39114155141465,
Guinea,GIN,2022,0.0,58.985,5.328,,,,,,,,,2.22640154376307,
Guinea,GIN,2023,0.0,,5.297,,,,,,,,,4.5626652448756,
Gambia,GMB,2001,9.437426,57.043,9.571,5.63960838,0.473559,0.168286,0.110976,0.642077,4.230066,2.88926,0.923202,2.80288577007927,
Gambia,GMB,2002,9.449289,57.08,9.965,6.27723551,0.474333,0.168567,0.111291,0.642553,4.234873,2.893623,0.924049,-5.96864550823142,
Gambia,GMB,2003,9.462932,57.586,9.93,5.32621098,0.475647,0.168892,0.111736,0.643081,4.240417,2.898203,0.924956,3.86543934628961,47.3
Gambia,GMB,2004,9.470434999999998,58.088,9.897,5.42000151,0.476347,0.169177,0.112609,0.643556,4.240772,2.902132,0.925842,3.99777441176781,
Gambia,GMB,2005,9.471613999999999,58.394,9.878,5.38602448,0.477454,0.169343,0.112734,0.643888,4.236921,2.904696,0.926578,-5.18307801057585,
Gambia,GMB,2006,9.459444,59.06,10.196,5.43720865,0.477698,0.169396,0.112815,0.644094,4.221721,2.905261,0.928459,-3.51492430641892,
Gambia,GMB,2007,9.431941000000002,59.394,10.383,4.95501947,0.477628,0.169414,0.112722,0.64427,4.19142,2.904281,0.932206,-0.0855611255520756,
Gambia,GMB,2008,9.400227,60.082,10.041,4.65938807,0.478114,0.169413,0.112417,0.644424,4.156638,2.902651,0.93657,3.00736886403152,
Gambia,GMB,2009,9.377078,60.427,9.769,4.46430683,0.478991,0.169412,0.112637,0.644572,4.129868,2.901293,0.940305,3.39570126431694,
Gambia,GMB,2010,9.36887,60.717,9.673,4.11944056,0.479674,0.169424,0.11266,0.64471,4.119213,2.901067,0.942122,2.67435327588794,43.6
Gambia,GMB,2011,9.372638,61.526,10.269,4.36967373,0.480905,0.169449,0.112748,0.644864,4.1203,2.901834,0.942538,-10.9320764425475,
Gambia,GMB,2012,9.378758,62.096,10.346,4.26872253,0.483208,0.169477,0.112822,0.645043,4.122449,2.902815,0.942944,2.03471037402096,
Gambia,GMB,2013,9.387619,62.114,9.468,3.91374874,0.485191,0.16951,0.112817,0.645256,4.12743,2.904112,0.943303,-0.218687977646155,
Gambia,GMB,2014,9.398135,62.269,8.224,3.05234575,0.488557,0.169544,0.112831,0.645481,4.132475,2.905716,0.943531,-4.29667510195249,
Gambia,GMB,2015,9.411416000000001,62.494,7.271,3.1761291,0.492627,0.169585,0.11323,0.645736,4.13884,2.907775,0.943623,1.09705048941071,35.9
Gambia,GMB,2016,9.428559,63.013,6.299,3.19523716,0.496933,0.16963,0.11326,0.646006,4.148847,2.910321,0.943562,-0.875473406735992,
Gambia,GMB,2017,9.445837999999998,62.995,5.162,3.35449266,0.501447,0.169677,0.113298,0.646285,4.158517,2.913376,0.943238,2.00630767513326,
Gambia,GMB,2018,0.0,63.04,4.127,3.34384227,,,,,,,,4.43949429425278,
Gambia,GMB,2019,0.0,63.755,4.532,3.158566,,,,,,,,3.51379371760613,
Gambia,GMB,2020,0.0,62.612,5.858,3.72824287,,,,,,,,-1.95308366905797,38.8
Gambia,GMB,2021,0.0,62.083,6.206,3.18962693,,,,,,,,2.62763565003918,
Gambia,GMB,2022,0.0,62.906,6.082,,,,,,,,,2.35589578935888,
Gambia,GMB,2023,0.0,,6.479,,,,,,,,,2.74535280067363,
Guinea-Bissau,GNB,2001,8.828327999999999,50.445,3.195,4.53104782,0.459087,0.161976,0.108758,0.609923,3.602998,2.896869,0.988717,2.57496414524174,
Guinea-Bissau,GNB,2002,8.838141,50.986,3.222,3.96902514,0.4597,0.161955,0.108929,0.610342,3.610025,2.899706,0.987484,1.37249458866995,35.6
Guinea-Bissau,GNB,2003,8.849938,51.405,3.284,3.53315258,0.461312,0.161946,0.10872,0.610857,3.618033,2.902965,0.986105,-2.55775288504572,
Guinea-Bissau,GNB,2004,8.862127,52.15,3.28,4.27734661,0.463426,0.161952,0.108397,0.611357,3.626225,2.90594,0.98483,-1.18321213572465,
Guinea-Bissau,GNB,2005,8.868806000000001,52.249,3.221,4.5516243,0.463712,0.161959,0.108388,0.611677,3.631591,2.907658,0.983821,4.03393366150402,
Guinea-Bissau,GNB,2006,8.872877,53.371,3.204,5.0809288,0.463909,0.16196,0.108266,0.611891,3.635534,2.907994,0.983323,0.170577084231425,
Guinea-Bissau,GNB,2007,8.878344,54.155,3.202,5.03941393,0.464377,0.161964,0.108037,0.612167,3.640708,2.907684,0.983407,-0.0194905283769486,
Guinea-Bissau,GNB,2008,8.880618,54.646,3.218,5.45864058,0.464535,0.161975,0.107487,0.612462,3.643305,2.907092,0.983762,1.86593937936865,
Guinea-Bissau,GNB,2009,8.885772,55.541,3.21,4.73428679,0.464856,0.162004,0.107201,0.61275,3.648185,2.906685,0.984091,-0.152497611943389,
Guinea-Bissau,GNB,2010,8.890834,56.23,3.197,5.26704073,0.465185,0.162056,0.107372,0.612987,3.652354,2.906811,0.984069,2.90839072286995,50.6
Guinea-Bissau,GNB,2011,8.89306,56.967,3.144,6.21634817,0.466012,0.162134,0.107267,0.613197,3.653309,2.907419,0.983722,5.27734574421932,
Guinea-Bissau,GNB,2012,8.896889,57.69,3.207,5.94134808,0.467892,0.162238,0.107462,0.613438,3.654301,2.908241,0.983317,-4.31170991612568,
Guinea-Bissau,GNB,2013,8.901291,58.232,3.226,7.03943443,0.469464,0.162363,0.108033,0.613681,3.655794,2.909167,0.982789,0.517015962619396,
Guinea-Bissau,GNB,2014,8.909748,58.61,3.316,9.96897411,0.472549,0.162516,0.108792,0.613949,3.659408,2.910359,0.982175,-1.67387050683585,
Guinea-Bissau,GNB,2015,8.915947000000001,59.128,3.224,8.13228226,0.475158,0.162693,0.109678,0.614228,3.660965,2.911761,0.981464,3.42811115478085,
Guinea-Bissau,GNB,2016,8.922537,59.674,3.192,8.32881451,0.478736,0.162894,0.110119,0.614515,3.66221,2.913378,0.980685,2.6871797591976,
Guinea-Bissau,GNB,2017,8.931961,60.066,3.137,7.00049543,0.482693,0.163117,0.110999,0.614791,3.66543,2.915177,0.979754,2.26523846204149,
Guinea-Bissau,GNB,2018,0.0,60.502,3.196,7.28130722,,,,,,,,1.32885094189365,34.8
Guinea-Bissau,GNB,2019,0.0,60.882,3.219,7.16052532,,,,,,,,2.08696581570172,
Guinea-Bissau,GNB,2020,0.0,59.999,3.614,9.02139282,,,,,,,,-0.784498727073895,
Guinea-Bissau,GNB,2021,0.0,59.652,3.628,8.2233429,,,,,,,,4.08201969053077,33.4
Guinea-Bissau,GNB,2022,0.0,59.861,3.204,,,,,,,,,1.98070640858421,
Guinea-Bissau,GNB,2023,0.0,,3.183,,,,,,,,,2.05381834819494,
Guinea Ecuatorial,GNQ,2001,0.0,53.636,8.16,1.20301282,,,,,,,,55.5903303752853,
Guinea Ecuatorial,GNQ,2002,0.0,54.085,8.245,2.74982452,,,,,,,,13.9428769312636,
Guinea Ecuatorial,GNQ,2003,0.0,54.581,8.265,1.82749987,,,,,,,,8.8228836610464,
Guinea Ecuatorial,GNQ,2004,0.0,55.036,8.166,1.45293343,,,,,,,,31.8742823872191,
Guinea Ecuatorial,GNQ,2005,0.0,55.464,8.12,1.29643106,,,,,,,,11.568141224778,
Guinea Ecuatorial,GNQ,2006,0.0,56.046,8.024,1.29171956,,,,,,,,2.86435942545225,
Guinea Ecuatorial,GNQ,2007,0.0,56.54,7.974,1.30166054,,,,,,,,10.0094444440669,
Guinea Ecuatorial,GNQ,2008,0.0,57.074,7.943,1.11555648,,,,,,,,12.3343734975993,
Guinea Ecuatorial,GNQ,2009,0.0,57.431,8.098,1.76790214,,,,,,,,-3.38693769075344,
Guinea Ecuatorial,GNQ,2010,0.0,57.878,8.292,1.62134683,,,,,,,,-13.1544282595757,
Guinea Ecuatorial,GNQ,2011,0.0,58.412,8.234,1.42923808,,,,,,,,1.86459318732265,
Guinea Ecuatorial,GNQ,2012,0.0,58.865,8.116,1.51459265,,,,,,,,3.86216012142957,
Guinea Ecuatorial,GNQ,2013,0.0,59.224,8.039,1.64174569,,,,,,,,-8.01005395458195,
Guinea Ecuatorial,GNQ,2014,0.0,59.595,8.044,1.75401485,,,,,,,,-3.55770729674903,
Guinea Ecuatorial,GNQ,2015,0.0,60.103,8.178,2.34058356,,,,,,,,-12.6046850421249,
Guinea Ecuatorial,GNQ,2016,0.0,60.479,8.232,2.8594172,,,,,,,,-12.2028354363772,
Guinea Ecuatorial,GNQ,2017,0.0,60.821,8.329,2.74714279,,,,,,,,-9.0336974373561,
Guinea Ecuatorial,GNQ,2018,0.0,61.191,8.256,2.85223937,,,,,,,,-9.44484525853233,
Guinea Ecuatorial,GNQ,2019,0.0,61.644,8.367,3.16833544,,,,,,,,-8.58205700032325,
Guinea Ecuatorial,GNQ,2020,0.0,60.708,9.075,3.89984655,,,,,,,,-7.3572284174536,
Guinea Ecuatorial,GNQ,2021,0.0,60.594,9.194,3.40450907,,,,,,,,-1.51038137005381,
Guinea Ecuatorial,GNQ,2022,0.0,61.19,8.746,,,,,,,,,1.21170414780588,
Guinea Ecuatorial,GNQ,2023,0.0,,8.666,,,,,,,,,-7.87858351662859,
Grecia,GRC,2001,0.0,78.3878048780488,10.764,7.9878397,,,,,,,,3.5916527118378,
Grecia,GRC,2002,0.0,78.6414634146341,10.346,8.23377991,,,,,,,,3.54262270573152,
Grecia,GRC,2003,0.0,78.8414634146341,9.839,8.44915581,,,,,,,,5.54236124450642,32.8
Grecia,GRC,2004,0.0,79.0390243902439,10.628,8.0939045,,,,,,,,4.80137866107285,33.6
Grecia,GRC,2005,0.0,79.2390243902439,10.074,8.56466961,,,,,,,,0.304568112754566,34.6
Grecia,GRC,2006,0.0,79.4390243902439,8.906,8.25866985,,,,,,,,5.33560169088059,35.1
Grecia,GRC,2007,0.0,79.4390243902439,8.351,8.39808273,,,,,,,,3.0109840216769,34.0
Grecia,GRC,2008,0.0,79.9390243902439,7.664,8.82774162,,,,,,,,-0.599389790154333,33.6
Grecia,GRC,2009,0.0,80.1878048780488,9.546,9.40688515,,,,,,,,-4.55211707597449,33.6
Grecia,GRC,2010,0.0,80.3878048780488,12.719,9.59662342,,,,,,,,-5.5995501914707,34.1
Grecia,GRC,2011,0.0,80.7317073170732,17.973,9.19330311,,,,,,,,-10.0162812051982,34.8
Grecia,GRC,2012,0.0,80.6341463414634,24.731,8.92415524,,,,,,,,-6.58290444947292,36.3
Grecia,GRC,2013,0.0,81.2853658536585,27.686,8.43796444,,,,,,,,-1.80655137341328,36.1
Grecia,GRC,2014,0.0,81.3853658536585,26.708,7.89141178,,,,,,,,1.14721195681824,35.8
Grecia,GRC,2015,0.0,81.0365853658537,24.981,8.22004509,,,,,,,,0.463652786270188,36.0
Grecia,GRC,2016,0.0,81.3878048780488,23.514,8.44874668,,,,,,,,-0.0724245841387301,35.0
Grecia,GRC,2017,0.0,81.2878048780488,21.414,8.13515854,,,,,,,,1.29229029026882,34.4
Grecia,GRC,2018,0.0,81.7878048780488,19.179,8.12024307,,,,,,,,1.87490316346144,32.9
Grecia,GRC,2019,0.0,81.6390243902439,17.045,8.19811249,,,,,,,,1.98686576653837,33.1
Grecia,GRC,2020,0.0,81.2878048780488,15.899,9.50363827,,,,,,,,-9.1216270466723,33.6
Grecia,GRC,2021,0.0,80.0829268292683,14.657,9.17298794,,,,,,,,9.70676969266229,32.9
Grecia,GRC,2022,0.0,80.6365853658537,12.426,,,,,,,,,6.99774473198337,
Grecia,GRC,2023,0.0,,10.997,,,,,,,,,2.65761817842774,
Granada,GRD,2001,0.0,73.118,,5.62456989,,,,,,,,-2.48139294743824,
Granada,GRD,2002,0.0,73.167,,6.17569733,,,,,,,,3.15538942155749,
Granada,GRD,2003,0.0,73.188,,5.28485727,,,,,,,,8.95158459063008,
Granada,GRD,2004,0.0,71.788,,5.36568451,,,,,,,,-1.35143492613926,
Granada,GRD,2005,0.0,73.521,,5.14460278,,,,,,,,12.5179589059532,
Granada,GRD,2006,0.0,73.7,,5.11352158,,,,,,,,-4.63023858655237,
Granada,GRD,2007,0.0,74.317,,5.23867893,,,,,,,,5.42340186844179,
Granada,GRD,2008,0.0,74.656,,5.386199,,,,,,,,0.271734914986155,
Granada,GRD,2009,0.0,75.036,,5.43471003,,,,,,,,-7.24905879486647,
Granada,GRD,2010,0.0,74.999,,5.4188118,,,,,,,,-1.20035070941726,
Granada,GRD,2011,0.0,75.295,,5.80423355,,,,,,,,-0.0059693789739157,
Granada,GRD,2012,0.0,75.042,,5.82235765,,,,,,,,-2.00248198755793,
Granada,GRD,2013,0.0,75.116,,5.62652922,,,,,,,,1.44700904973185,
Granada,GRD,2014,0.0,74.985,,4.77353573,,,,,,,,6.40766187355115,
Granada,GRD,2015,0.0,75.013,,4.64675617,,,,,,,,5.54341792813746,
Granada,GRD,2016,0.0,74.762,,4.43910027,,,,,,,,2.88696863002274,
Granada,GRD,2017,0.0,74.765,,4.65701056,,,,,,,,3.61384842471548,
Granada,GRD,2018,0.0,74.808,,4.58373737,,,,,,,,3.57597575337994,43.8
Granada,GRD,2019,0.0,74.863,,4.93189621,,,,,,,,-0.0503174827996276,
Granada,GRD,2020,0.0,74.924,,5.55900049,,,,,,,,-14.4114869434991,
Granada,GRD,2021,0.0,74.936,,5.6984539,,,,,,,,3.89188357961443,
Granada,GRD,2022,0.0,75.335,,,,,,,,,,6.61233029942913,
Granada,GRD,2023,0.0,,,,,,,,,,,4.19047993799965,
Groenlandia,GRL,2001,0.0,66.1965853658537,,,,,,,,,,0.999463557078386,
Groenlandia,GRL,2002,0.0,66.6117073170732,,,,,,,,,,-1.42425835920091,
Groenlandia,GRL,2003,0.0,67.1817073170732,,,,,,,,,,4.14305396336472,
Groenlandia,GRL,2004,0.0,67.7263414634146,,,,,,,,,,6.63232371121644,
Groenlandia,GRL,2005,0.0,68.2351219512195,,,,,,,,,,4.94323604415207,
Groenlandia,GRL,2006,0.0,68.6165853658537,,,,,,,,,,5.85503028106271,
Groenlandia,GRL,2007,0.0,69.0482926829268,,,,,,,,,,2.74878107936594,
Groenlandia,GRL,2008,0.0,69.37,,,,,,,,,,6.59397874864722,
Groenlandia,GRL,2009,0.0,69.779512195122,,,,,,,,,,0.874906570700134,
Groenlandia,GRL,2010,0.0,70.0807317073171,,,,,,,,,,0.69531455570224,
Groenlandia,GRL,2011,0.0,70.2648780487805,,,,,,,,,,-0.470283635075262,
Groenlandia,GRL,2012,0.0,70.5463414634146,,,,,,,,,,1.53697694464276,
Groenlandia,GRL,2013,0.0,70.8385365853659,,,,,,,,,,-0.726861643140481,
Groenlandia,GRL,2014,0.0,71.0609756097561,,,,,,,,,,5.09192733313645,
Groenlandia,GRL,2015,0.0,71.4790243902439,,,,,,,,,,-2.2149188822392,
Groenlandia,GRL,2016,0.0,71.8385365853659,,,,,,,,,,4.54780858066064,
Groenlandia,GRL,2017,0.0,71.9321951219512,,,,,,,,,,0.0776647739674274,
Groenlandia,GRL,2018,0.0,71.9675609756098,,,,,,,,,,0.89068474112419,
Groenlandia,GRL,2019,0.0,71.9443902439024,,,,,,,,,,2.46273159433217,
Groenlandia,GRL,2020,0.0,71.8507317073171,,,,,,,,,,-0.0647842810666504,
Groenlandia,GRL,2021,0.0,71.8139024390244,,,,,,,,,,0.778869513715492,
Groenlandia,GRL,2022,0.0,71.5404878048781,,,,,,,,,,,
Groenlandia,GRL,2023,0.0,,,,,,,,,,,,
Guatemala,GTM,2001,11.179858000000001,67.946,2.746,6.07023716,0.70597,0.189095,0.212719,0.732444,3.486581,2.853277,2.999772,-0.0965681262265718,
Guatemala,GTM,2002,11.123374,68.386,2.748,6.01301289,0.70422,0.189344,0.213666,0.733344,3.487929,2.858475,2.936396,1.48038851969432,
Guatemala,GTM,2003,11.066524,68.797,2.807,6.15306854,0.701601,0.189625,0.215755,0.734329,3.487568,2.864035,2.873611,0.348007859398564,
Guatemala,GTM,2004,11.015711999999999,69.165,2.971,6.26182795,0.69895,0.18991,0.216383,0.735319,3.48479,2.869514,2.820846,0.968363113159469,
Guatemala,GTM,2005,10.983123,69.168,3.06,6.14826393,0.696271,0.190159,0.217593,0.736185,3.480905,2.874119,2.787891,1.15293409239077,
Guatemala,GTM,2006,10.954121,69.812,2.95,6.36362219,0.69359,0.19041,0.218648,0.736977,3.466441,2.878226,2.769829,3.23821937056923,54.6
Guatemala,GTM,2007,10.916124,70.1,2.825,6.1918335,0.690712,0.190724,0.219789,0.737838,3.438977,2.882478,2.755606,4.25714892993594,
Guatemala,GTM,2008,10.874509,70.356,2.874,6.08129978,0.686783,0.191056,0.220678,0.738682,3.406449,2.886498,2.744363,1.32165978349745,
Guatemala,GTM,2009,10.835126,70.641,3.209,6.33938646,0.683366,0.191358,0.221864,0.739416,3.374171,2.890026,2.734925,-1.39547065582242,
Guatemala,GTM,2010,10.802648,70.878,3.497,6.1247797,0.681025,0.191585,0.221966,0.739943,3.348861,2.892567,2.726701,1.0118948603419,
Guatemala,GTM,2011,10.775077,71.177,3.171,5.96306896,0.67999,0.191773,0.223332,0.740344,3.327176,2.894485,2.717977,2.28579516997895,
Guatemala,GTM,2012,10.747424,71.463,2.765,6.07316971,0.680093,0.191989,0.224417,0.740777,3.305923,2.896401,2.707824,1.16050888968185,
Guatemala,GTM,2013,10.717652,71.728,3.017,5.77188921,0.678452,0.19223,0.225906,0.741241,3.28505,2.898381,2.696392,1.88864258053816,
Guatemala,GTM,2014,10.689601,71.964,2.717,5.8885684,0.677763,0.192491,0.227451,0.741737,3.265867,2.900451,2.683841,2.65391190936224,48.3
Guatemala,GTM,2015,10.663794000000001,72.103,2.506,6.00602007,0.677789,0.192765,0.228957,0.742245,3.249042,2.902515,2.670481,2.34629514622338,
Guatemala,GTM,2016,10.636429,72.355,2.583,6.07008219,0.677471,0.193053,0.230272,0.742788,3.231614,2.904734,2.656497,0.989365749396498,
Guatemala,GTM,2017,10.61196,72.551,2.462,6.13563824,0.678176,0.193344,0.23211,0.743332,3.216025,2.906947,2.642026,1.41564884120322,
Guatemala,GTM,2018,0.0,72.726,2.283,6.10662699,,,,,,,,1.76513639905617,
Guatemala,GTM,2019,0.0,73.129,2.193,6.17457819,,,,,,,,2.40741472209567,
Guatemala,GTM,2020,0.0,71.797,2.953,6.46693325,,,,,,,,-3.27332196778804,
Guatemala,GTM,2021,0.0,69.237,2.174,6.9008255,,,,,,,,6.41540555186262,
Guatemala,GTM,2022,0.0,68.674,3.051,,,,,,,,,2.62958319708591,
Guatemala,GTM,2023,0.0,,2.705,,,,,,,,,2.04680754988371,
Guam,GUM,2001,9.744608,75.41,13.213,,0.789588,0.260766,0.240416,0.4789,3.439942,3.320364,1.214632,,
Guam,GUM,2002,9.751808,75.793,11.39,,0.789821,0.260862,0.241534,0.479033,3.441442,3.322104,1.217012,,
Guam,GUM,2003,9.760451999999999,76.504,9.691,,0.790119,0.260966,0.24309,0.479146,3.443596,3.323118,1.220417,0.371784091097084,
Guam,GUM,2004,9.770551000000001,76.923,7.7,,0.791048,0.261055,0.245252,0.479219,3.446458,3.323427,1.224092,6.09185017990808,
Guam,GUM,2005,9.779683,77.182,7.0,,0.791253,0.261118,0.246134,0.479256,3.451433,3.323145,1.227344,3.37380314166016,
Guam,GUM,2006,9.795661,77.136,7.4,,0.793239,0.261165,0.246544,0.479251,3.462351,3.322772,1.230339,-3.79586103292689,
Guam,GUM,2007,9.819462000000001,77.098,8.3,,0.795336,0.261225,0.247085,0.479233,3.479344,3.322979,1.23426,0.663420001287491,
Guam,GUM,2008,9.845341,77.185,8.889,,0.796089,0.261275,0.248284,0.479181,3.498779,3.323228,1.238505,2.05812610091698,
Guam,GUM,2009,9.867721,77.094,9.3,,0.798196,0.26132,0.248807,0.479122,3.514411,3.323147,1.242718,0.527173492282913,
Guam,GUM,2010,9.878134,76.879,8.2,,0.799876,0.261332,0.249634,0.479026,3.520005,3.32188,1.246381,2.06170827793916,
Guam,GUM,2011,9.880147000000001,76.872,13.3,,0.800996,0.261324,0.249656,0.478919,3.519842,3.319812,1.249598,-0.371836420369732,
Guam,GUM,2012,9.882575,76.707,12.2,,0.801478,0.261313,0.25007,0.478805,3.519789,3.317791,1.253329,1.67778633037877,
Guam,GUM,2013,9.884767,76.72,11.5,,0.802913,0.261305,0.250873,0.478692,3.517599,3.315904,1.257481,1.28743057544523,
Guam,GUM,2014,9.885280999999999,76.749,7.6,,0.804113,0.261292,0.250894,0.47857,3.514454,3.314056,1.261902,1.49595325425531,
Guam,GUM,2015,9.884639,76.616,6.9,,0.804863,0.261287,0.251294,0.47846,3.50987,3.312318,1.266547,0.564587367873969,
Guam,GUM,2016,9.881810000000002,76.877,5.4,,0.805646,0.261274,0.252103,0.478342,3.502616,3.310477,1.271352,-0.0370116024855349,
Guam,GUM,2017,9.876846,77.155,5.417,,0.80633,0.261254,0.253393,0.478223,3.492856,3.308606,1.276184,0.734521661801594,
Guam,GUM,2018,0.0,77.439,5.447,,,,,,,,,-0.870563254029548,
Guam,GUM,2019,0.0,77.717,5.402,,,,,,,,,2.55643410066686,
Guam,GUM,2020,0.0,76.612,6.227,,,,,,,,,-10.8398117152108,
Guam,GUM,2021,0.0,76.656,6.001,,,,,,,,,1.27838677826735,
Guam,GUM,2022,0.0,78.33,5.527,,,,,,,,,4.34117067824317,
Guam,GUM,2023,0.0,,5.418,,,,,,,,,,
Guyana,GUY,2001,12.468055,64.788,11.802,3.05506778,0.708337,0.182825,0.203064,0.83859,4.056874,4.489447,1.988918,2.17748565093585,
Guyana,GUY,2002,12.511741,64.728,11.81,3.19353795,0.711114,0.182777,0.203902,0.838541,4.085056,4.48842,2.001931,1.06425842617712,
Guyana,GUY,2003,12.55332,64.6,11.532,3.26884198,0.713981,0.182704,0.204444,0.838544,4.111298,4.488321,2.014028,-0.663450848034557,
Guyana,GUY,2004,12.591332000000001,64.93,11.279,3.43770432,0.715895,0.182651,0.205609,0.838618,4.135617,4.489022,2.02392,1.58178359408005,
Guyana,GUY,2005,12.62142,65.132,11.066,3.79409742,0.717255,0.182667,0.206505,0.838806,4.155303,4.490554,2.03033,-1.85867875493553,
Guyana,GUY,2006,12.650148,65.667,10.7,3.93144464,0.716306,0.182803,0.207501,0.839173,4.176679,4.493263,2.034423,5.31564583896002,
Guyana,GUY,2007,12.679183,66.254,10.891,4.28126192,0.714952,0.183044,0.209115,0.839702,4.197154,4.497048,2.038168,7.45279543337966,
Guyana,GUY,2008,12.709914000000001,66.288,11.111,4.20242214,0.712516,0.183344,0.211234,0.840331,4.219658,4.501454,2.041377,2.0751354960645,
Guyana,GUY,2009,12.733471,66.563,11.42,4.35117149,0.710962,0.183647,0.212965,0.840966,4.235203,4.506029,2.043699,4.01036543277935,
Guyana,GUY,2010,12.749862,66.743,11.758,4.21897697,0.71009,0.183889,0.215626,0.841484,4.243912,4.510187,2.044674,4.6015377876125,
Guyana,GUY,2011,12.758685,66.982,11.977,4.17213488,0.710751,0.184115,0.217457,0.841971,4.244611,4.514531,2.045249,5.71952598277396,
Guyana,GUY,2012,12.765683999999998,67.23,12.231,3.7081871,0.712392,0.1844,0.220109,0.842545,4.239977,4.519602,2.046659,5.31368844499742,
Guyana,GUY,2013,12.770141,67.473,12.528,3.80231309,0.714233,0.184738,0.223114,0.843181,4.23094,4.524978,2.048957,3.1743781661838,
Guyana,GUY,2014,12.772252,67.882,12.887,3.94755435,0.71681,0.185126,0.226556,0.843879,4.217238,4.530527,2.052116,1.18626266545785,
Guyana,GUY,2015,12.770249,68.201,13.273,4.02264786,0.720859,0.185546,0.230387,0.844592,4.196997,4.536003,2.055865,0.165185136879359,
Guyana,GUY,2016,12.76576,68.384,13.563,4.01842117,0.726174,0.185998,0.233461,0.845338,4.173174,4.541543,2.060072,3.25278592612473,
Guyana,GUY,2017,12.755891,68.667,13.813,4.3191123,0.732391,0.186468,0.237636,0.846088,4.141724,4.547027,2.064557,3.1684214177762,
Guyana,GUY,2018,0.0,68.896,14.019,4.90492535,,,,,,,,1.48098651471342,
Guyana,GUY,2019,0.0,69.124,13.525,4.90331507,,,,,,,,3.60666036626233,
Guyana,GUY,2020,0.0,68.486,15.701,5.50584173,,,,,,,,43.7587992099722,
Guyana,GUY,2021,0.0,65.673,14.927,4.94385052,,,,,,,,18.9089817486352,
Guyana,GUY,2022,0.0,65.989,12.423,,,,,,,,,62.5993492898276,
Guyana,GUY,2023,0.0,,12.43,,,,,,,,,32.182007277688,
Ingreso alto,HIC,2001,0.0,76.2839015654105,6.91114477294699,9.83297910741994,,,,,,,,1.10450415428814,
Ingreso alto,HIC,2002,0.0,76.4105520660547,7.22372835984148,10.2529666063488,,,,,,,,1.14248916186904,
Ingreso alto,HIC,2003,0.0,76.5177421071177,7.34337989875998,10.4233088175703,,,,,,,,1.81470914265908,
Ingreso alto,HIC,2004,0.0,76.9607279945773,7.14824729521064,10.3434904199869,,,,,,,,2.99503074176135,
Ingreso alto,HIC,2005,0.0,77.0817865103917,6.81782511964929,10.3643629546141,,,,,,,,2.43064712941015,
Ingreso alto,HIC,2006,0.0,77.5098127384798,6.33602817610293,10.3968245667501,,,,,,,,2.58300823845006,
Ingreso alto,HIC,2007,0.0,77.8199486377247,5.72123718172765,10.3327328167925,,,,,,,,2.14891041486194,
Ingreso alto,HIC,2008,0.0,78.012580714602,5.95501170979262,10.4643332675907,,,,,,,,-0.0517713368459738,
Ingreso alto,HIC,2009,0.0,78.365674412138,8.04002863349198,11.4653323013778,,,,,,,,-4.01034540355718,
Ingreso alto,HIC,2010,0.0,78.5533631036865,8.1902650093617,11.3149022792891,,,,,,,,2.47475826991941,
Ingreso alto,HIC,2011,0.0,78.8918823622061,7.82180417691254,11.2660669127716,,,,,,,,1.62569653996383,
Ingreso alto,HIC,2012,0.0,79.0435100709487,7.73450506784097,11.3687610565479,,,,,,,,0.952594833722031,
Ingreso alto,HIC,2013,0.0,79.2733851059478,7.64436518617807,11.3802844061398,,,,,,,,1.05896358907873,
Ingreso alto,HIC,2014,0.0,79.5183302804555,7.06204225859806,11.5911787525246,,,,,,,,1.59560856602093,
Ingreso alto,HIC,2015,0.0,79.4667073077168,6.57599324756492,12.0548574293804,,,,,,,,1.79147323995772,
Ingreso alto,HIC,2016,0.0,79.6611923316402,6.1350678610476,12.2327917030328,,,,,,,,1.29591949822986,
Ingreso alto,HIC,2017,0.0,79.7827279432975,5.5904800410676,12.1495786821731,,,,,,,,1.99939856592269,
Ingreso alto,HIC,2018,0.0,79.8872244357968,5.08423937936413,12.0636612302603,,,,,,,,1.92424321316487,
Ingreso alto,HIC,2019,0.0,80.1270377077866,4.76129186481174,12.2694815378165,,,,,,,,1.4633593015311,
Ingreso alto,HIC,2020,0.0,79.1332543709209,6.45454672929744,13.7364222994294,,,,,,,,-4.24407025177025,
Ingreso alto,HIC,2021,0.0,78.7883989599385,5.55748978604597,13.1280554760148,,,,,,,,5.65914410979627,
Ingreso alto,HIC,2022,0.0,79.5021131471029,4.49389346917888,,,,,,,,,2.42277019236705,
Ingreso alto,HIC,2023,0.0,,4.38700603790303,,,,,,,,,1.13115737649024,
Honduras,HND,2001,9.049163,69.006,4.0,5.92998314,0.671934,0.186068,0.181864,0.741452,2.679205,2.822469,1.766171,0.0020399276373268,55.4
Honduras,HND,2002,9.063689,69.366,4.02,6.2445755,0.674504,0.186192,0.182436,0.741961,2.688082,2.825221,1.765293,1.06368066959264,55.7
Honduras,HND,2003,9.081175000000002,69.507,5.3,6.89004707,0.678239,0.186329,0.183376,0.742504,2.698531,2.828205,1.763991,1.90540343489569,58.1
Honduras,HND,2004,9.095579999999998,69.796,5.99,6.85484362,0.680121,0.186477,0.184591,0.743081,2.707266,2.831323,1.762721,3.62051073154228,58.1
Honduras,HND,2005,9.108049000000001,70.104,4.909,7.50086403,0.682406,0.186628,0.185428,0.743659,2.713694,2.834378,1.761856,3.51021746268962,59.5
Honduras,HND,2006,9.11723,70.261,3.575,7.86318684,0.682463,0.186847,0.186976,0.744357,2.717066,2.837612,1.761909,4.08252284588259,57.5
Honduras,HND,2007,9.128157999999999,70.376,3.211,8.08494949,0.682868,0.187164,0.188212,0.745238,2.720641,2.841237,1.762798,3.78620423344134,55.8
Honduras,HND,2008,9.140358,70.441,3.156,8.60362625,0.682917,0.187524,0.190266,0.746205,2.724235,2.845082,1.764129,1.95039363236373,55.5
Honduras,HND,2009,9.152056,70.911,3.292,8.99592495,0.683492,0.18786,0.191746,0.747111,2.727727,2.848776,1.765344,-4.50062192122161,51.3
Honduras,HND,2010,9.160243,71.088,4.119,8.72536373,0.683614,0.1881,0.193043,0.747808,2.729848,2.851968,1.765862,1.59990328102285,53.1
Honduras,HND,2011,9.167943999999999,71.439,4.475,8.79187012,0.684215,0.188283,0.194495,0.74835,2.731877,2.854812,1.765912,1.76956308676944,52.6
Honduras,HND,2012,9.180547,71.734,3.755,8.65655136,0.686766,0.188486,0.196186,0.748905,2.736479,2.857843,1.765882,2.11698699879715,53.4
Honduras,HND,2013,9.192283,71.963,5.646,8.47723007,0.689584,0.188718,0.197404,0.749515,2.739904,2.861206,1.765952,0.861032610676844,50.0
Honduras,HND,2014,9.204118,72.259,7.078,7.91455746,0.692461,0.188971,0.198699,0.75014,2.74293,2.864642,1.766275,1.17043067945457,49.9
Honduras,HND,2015,9.218295999999999,72.487,6.147,7.4837904,0.696499,0.189238,0.201099,0.750783,2.74576,2.868273,1.766644,1.97813209013502,49.2
Honduras,HND,2016,9.232441999999999,72.588,6.727,7.709445,0.699991,0.18952,0.202624,0.751426,2.74957,2.87193,1.767381,2.06683934614527,49.8
Honduras,HND,2017,9.24739,72.692,5.528,7.00668859,0.705705,0.189815,0.203339,0.752072,2.752301,2.875551,1.768607,3.03458083540451,49.4
Honduras,HND,2018,0.0,72.814,5.622,7.22820663,,,,,,,,2.08461858788954,48.9
Honduras,HND,2019,0.0,72.881,5.551,7.30497599,,,,,,,,0.850322382729289,48.2
Honduras,HND,2020,0.0,71.462,10.679,9.03509808,,,,,,,,-10.4305071089027,
Honduras,HND,2021,0.0,70.123,7.94,9.16101742,,,,,,,,10.8504463017043,
Honduras,HND,2022,0.0,70.728,7.037,,,,,,,,,2.60115243083914,
Honduras,HND,2023,0.0,,6.062,,,,,,,,,2.00900584181021,
Países pobres muy endeudados (PPME),HPC,2001,0.0,53.1310992050947,5.06005749401549,4.25958855088376,,,,,,,,0.886887372609266,
Países pobres muy endeudados (PPME),HPC,2002,0.0,53.6299965169525,5.03012043434769,4.45941887797855,,,,,,,,0.824732026904513,
Países pobres muy endeudados (PPME),HPC,2003,0.0,54.2296688765239,4.98331641585811,4.64510903587915,,,,,,,,0.844513668019303,
Países pobres muy endeudados (PPME),HPC,2004,0.0,54.740409284175,4.84526558070086,4.76345462745173,,,,,,,,2.69990387376602,
Países pobres muy endeudados (PPME),HPC,2005,0.0,55.4083228176931,4.6827980760667,4.81906922544794,,,,,,,,2.60859545860055,
Países pobres muy endeudados (PPME),HPC,2006,0.0,56.2336206746725,4.59423793743216,4.97467192607904,,,,,,,,2.86012387648047,
Países pobres muy endeudados (PPME),HPC,2007,0.0,56.889887989301,4.54228344736008,5.00450917392955,,,,,,,,2.5627021582134,
Países pobres muy endeudados (PPME),HPC,2008,0.0,57.5040701855321,4.52189386175072,4.83129899629906,,,,,,,,2.72942578356934,
Países pobres muy endeudados (PPME),HPC,2009,0.0,58.2403116950517,4.58942557947605,5.18152094011323,,,,,,,,0.8240606946041,
Países pobres muy endeudados (PPME),HPC,2010,0.0,58.577688567925,4.80398245164302,5.02672882101034,,,,,,,,3.17163807459902,
Países pobres muy endeudados (PPME),HPC,2011,0.0,59.4752203982531,4.76586681682752,5.00741285295409,,,,,,,,1.5686660466732,
Países pobres muy endeudados (PPME),HPC,2012,0.0,60.0780176229233,4.58537469638735,4.86694815236133,,,,,,,,1.08083786057176,
Países pobres muy endeudados (PPME),HPC,2013,0.0,60.6445607537013,4.35588475917458,4.9549377216314,,,,,,,,2.70192150496304,
Países pobres muy endeudados (PPME),HPC,2014,0.0,61.1470730930553,4.37204689259815,4.88482079799518,,,,,,,,2.8505113397562,
Países pobres muy endeudados (PPME),HPC,2015,0.0,61.6125477293904,4.53651404370612,4.98650742036573,,,,,,,,1.85936215080977,
Países pobres muy endeudados (PPME),HPC,2016,0.0,62.1619619402239,4.50307279627057,4.92565160461485,,,,,,,,1.48040938456724,
Países pobres muy endeudados (PPME),HPC,2017,0.0,62.5497604688077,4.52973789368646,4.79666921148337,,,,,,,,2.0003173079989,
Países pobres muy endeudados (PPME),HPC,2018,0.0,62.9475759474084,4.42870182767585,4.64838728317207,,,,,,,,1.27160117282108,
Países pobres muy endeudados (PPME),HPC,2019,0.0,63.3380569471644,4.42264514071187,4.74264153172702,,,,,,,,1.54048407056958,
Países pobres muy endeudados (PPME),HPC,2020,0.0,62.7617201814617,5.14928541148268,4.92946767918599,,,,,,,,-2.51055616667836,
Países pobres muy endeudados (PPME),HPC,2021,0.0,62.3027853999622,5.00277864750535,4.93453350473528,,,,,,,,1.40136058801619,
Países pobres muy endeudados (PPME),HPC,2022,0.0,62.8432462611607,4.53413252881047,,,,,,,,,2.05505360635779,
Países pobres muy endeudados (PPME),HPC,2023,0.0,,4.62453871067687,,,,,,,,,1.68569767020669,
Croacia,HRV,2001,0.0,74.5129268292683,15.822,7.17,,,,,,,,7.16593728231211,
Croacia,HRV,2002,0.0,74.7173170731707,15.053,6.14,,,,,,,,5.75829814489448,
Croacia,HRV,2003,0.0,74.6139024390244,13.924,6.3,,,,,,,,5.56957371639231,
Croacia,HRV,2004,0.0,75.520243902439,13.664,6.5,,,,,,,,4.15088193279563,
Croacia,HRV,2005,0.0,75.2446341463415,12.598,6.84,,,,,,,,4.17330140937484,
Croacia,HRV,2006,0.0,75.8368292682927,11.13,6.91,,,,,,,,5.05212096498866,
Croacia,HRV,2007,0.0,75.7056097560976,9.909,7.41,,,,,,,,5.09798602484078,
Croacia,HRV,2008,0.0,75.9121951219512,8.53,7.65,,,,,,,,2.03164187475188,
Croacia,HRV,2009,0.0,76.1682926829268,9.202,8.08,,,,,,,,-7.11761935444765,32.6
Croacia,HRV,2010,0.0,76.4756097560976,11.62,7.99,,,,,,,,-1.00056684194311,32.4
Croacia,HRV,2011,0.0,76.7756097560976,13.678,7.66,,,,,,,,0.287412572836459,32.3
Croacia,HRV,2012,0.0,76.9243902439024,15.935,7.68,,,,,,,,-1.99916696268953,32.5
Croacia,HRV,2013,0.0,77.1268292682927,17.251,6.43,,,,,,,,-0.0287967056778058,32.0
Croacia,HRV,2014,0.0,77.4780487804878,17.29,6.61,,,,,,,,0.0650966653784906,32.1
Croacia,HRV,2015,0.0,77.2756097560976,16.175,6.69,,,,,,,,3.39772799785587,31.1
Croacia,HRV,2016,0.0,78.0219512195122,13.103,6.73,,,,,,,,4.37559995928669,30.9
Croacia,HRV,2017,0.0,77.8268292682927,11.208,6.66,,,,,,,,4.61329138147725,30.4
Croacia,HRV,2018,0.0,78.0707317073171,8.432,6.75,,,,,,,,3.90764287231096,29.7
Croacia,HRV,2019,0.0,78.4243902439025,6.617,6.8,,,,,,,,4.01755825514675,28.9
Croacia,HRV,2020,0.0,77.7243902439024,7.507,7.72,,,,,,,,-8.1232796775468,29.5
Croacia,HRV,2021,0.0,76.4243902439025,7.608,8.1,,,,,,,,17.9573644892955,28.9
Croacia,HRV,2022,0.0,77.5756097560976,6.96,,,,,,,,,7.67511179137763,
Croacia,HRV,2023,0.0,,6.063,,,,,,,,,3.12616029092764,
Haití,HTI,2001,0.0,58.489,9.744,3.7502923,,,,,,,,-2.11657955027013,
Haití,HTI,2002,0.0,58.855,11.044,3.43250132,,,,,,,,-0.696064318102501,
Haití,HTI,2003,0.0,59.507,12.184,3.53695321,,,,,,,,1.71114554390788,
Haití,HTI,2004,0.0,58.475,13.458,3.42928433,,,,,,,,-2.96130214978088,
Haití,HTI,2005,0.0,60.415,14.589,3.30554652,,,,,,,,1.37075120676454,
Haití,HTI,2006,0.0,60.763,15.914,3.48013902,,,,,,,,0.0731553582621132,
Haití,HTI,2007,0.0,61.103,16.8,3.64734101,,,,,,,,2.98893769032908,
Haití,HTI,2008,0.0,61.332,16.194,3.75722051,,,,,,,,1.00245558977583,
Haití,HTI,2009,0.0,61.741,15.342,3.50277376,,,,,,,,4.19938891519173,
Haití,HTI,2010,0.0,46.019,15.255,4.54871035,,,,,,,,-6.7274022333787,
Haití,HTI,2011,0.0,61.623,14.482,5.91197777,,,,,,,,3.92170791200381,
Haití,HTI,2012,0.0,62.291,14.1,5.56462336,,,,,,,,-1.03095123146231,41.1
Haití,HTI,2013,0.0,62.605,13.639,4.10524035,,,,,,,,2.77263207563672,
Haití,HTI,2014,0.0,62.987,13.766,4.52035809,,,,,,,,1.39145794461672,
Haití,HTI,2015,0.0,63.237,13.745,5.07518148,,,,,,,,-0.0495906816560421,
Haití,HTI,2016,0.0,63.392,13.888,4.80760574,,,,,,,,0.386161159380748,
Haití,HTI,2017,0.0,63.854,13.929,3.8199389,,,,,,,,1.09773286156684,
Haití,HTI,2018,0.0,64.019,13.937,4.31650305,,,,,,,,0.293353843250884,
Haití,HTI,2019,0.0,64.255,14.133,3.91107917,,,,,,,,-3.02650931532729,
Haití,HTI,2020,0.0,64.052,15.56,3.22171092,,,,,,,,-4.55718543669329,
Haití,HTI,2021,0.0,63.192,15.253,3.47919273,,,,,,,,-3.00580329140145,
Haití,HTI,2022,0.0,63.728,14.719,,,,,,,,,-2.84828130642339,
Haití,HTI,2023,0.0,,14.623,,,,,,,,,-3.03373219833837,
Hungría,HUN,2001,0.0,72.2487804878049,5.671,6.83,,,,,,,,4.31308632728143,
Hungría,HUN,2002,0.0,72.3487804878049,5.608,7.12,,,,,,,,5.03996384446272,
Hungría,HUN,2003,0.0,72.3,5.79,8.12,,,,,,,,4.37278036207435,
Hungría,HUN,2004,0.0,72.6487804878049,5.832,7.76,,,,,,,,5.23739990857321,29.9
Hungría,HUN,2005,0.0,72.6487804878049,7.189,7.98,,,,,,,,4.50190325627216,34.7
Hungría,HUN,2006,0.0,73.0975609756098,7.494,7.78,,,,,,,,4.10805412926589,28.3
Hungría,HUN,2007,0.0,73.1512195121951,7.406,7.2,,,,,,,,0.432838011374443,27.9
Hungría,HUN,2008,0.0,73.7024390243903,7.817,7.09,,,,,,,,1.18095319914788,27.5
Hungría,HUN,2009,0.0,73.9048780487805,10.03,7.22,,,,,,,,-6.45306695717771,27.0
Hungría,HUN,2010,0.0,74.2073170731707,11.172,7.45,,,,,,,,1.30495875677843,29.4
Hungría,HUN,2011,0.0,74.8585365853659,11.029,7.48,,,,,,,,2.15589713714503,29.2
Hungría,HUN,2012,0.0,75.0634146341463,11.003,7.41,,,,,,,,-0.738925917657525,30.8
Hungría,HUN,2013,0.0,75.5658536585366,10.177,7.23,,,,,,,,2.0832407689698,31.5
Hungría,HUN,2014,0.0,75.7634146341463,7.725,7.05,,,,,,,,4.51336776781454,30.9
Hungría,HUN,2015,0.0,75.5682926829269,6.813,6.85,,,,,,,,3.95428261265434,30.4
Hungría,HUN,2016,0.0,76.0634146341464,5.115,6.99,,,,,,,,2.50305336152638,30.3
Hungría,HUN,2017,0.0,75.8170731707317,4.156,6.74,,,,,,,,4.54956329828929,30.6
Hungría,HUN,2018,0.0,76.0658536585366,3.709,6.58,,,,,,,,5.49601879186557,29.6
Hungría,HUN,2019,0.0,76.3195121951219,3.419,6.28,,,,,,,,4.91169352525995,30.0
Hungría,HUN,2020,0.0,75.5682926829269,4.25,7.29,,,,,,,,-4.28140735132469,29.7
Hungría,HUN,2021,0.0,74.1634146341463,4.045,7.38,,,,,,,,7.50510516201774,29.2
Hungría,HUN,2022,0.0,76.0170731707317,3.609,,,,,,,,,5.30835156196619,
Hungría,HUN,2023,0.0,,4.126,,,,,,,,,-0.358217423964163,
Sólo BIRF,IBD,2001,0.0,68.660859544077,6.70343779361772,5.22437319678431,,,,,,,,2.41166408800019,
Sólo BIRF,IBD,2002,0.0,68.994274429816,6.95062019023269,5.1216053238647,,,,,,,,3.39352650315881,
Sólo BIRF,IBD,2003,0.0,69.2634982291251,7.07151200694055,5.14426418783242,,,,,,,,4.77695046866859,
Sólo BIRF,IBD,2004,0.0,69.5082816342081,6.96133539542483,5.09014324435725,,,,,,,,6.46617854350602,
Sólo BIRF,IBD,2005,0.0,69.9308511611966,6.92743531275902,5.07390657172101,,,,,,,,6.04083842624989,
Sólo BIRF,IBD,2006,0.0,70.2872975442934,6.68854722780166,4.99738513713771,,,,,,,,7.18544684922178,
Sólo BIRF,IBD,2007,0.0,70.5786901294306,6.49151512378086,4.91931546197678,,,,,,,,7.87823868521053,
Sólo BIRF,IBD,2008,0.0,70.7963249543807,6.44317636012131,4.9898804551589,,,,,,,,4.85016990313419,
Sólo BIRF,IBD,2009,0.0,71.1741688057998,6.74702325269589,5.34567175044606,,,,,,,,1.7550827087961,
Sólo BIRF,IBD,2010,0.0,71.4587127892124,6.51147800670515,5.1418867488366,,,,,,,,6.75075032518835,
Sólo BIRF,IBD,2011,0.0,71.80122803287,6.37051709567567,5.10046558105045,,,,,,,,5.29998374731626,
Sólo BIRF,IBD,2012,0.0,72.147716276105,6.26398006499908,5.16320825314301,,,,,,,,4.32901194707107,
Sólo BIRF,IBD,2013,0.0,72.4972787966662,6.25291143979254,5.25262966972484,,,,,,,,4.09047462351941,
Sólo BIRF,IBD,2014,0.0,72.8541258790001,6.21740041305352,5.29528387964632,,,,,,,,3.68697707714243,
Sólo BIRF,IBD,2015,0.0,73.1540007584261,6.33955759338101,5.39152870100125,,,,,,,,3.34802253930782,
Sólo BIRF,IBD,2016,0.0,73.4213080439374,6.43501732012467,5.41600270280559,,,,,,,,3.54673179357108,
Sólo BIRF,IBD,2017,0.0,73.6432107719087,6.38365785226418,5.43367901927305,,,,,,,,4.25930856961938,
Sólo BIRF,IBD,2018,0.0,73.9359811080562,6.25104228526483,5.39228216429735,,,,,,,,4.02907272195989,
Sólo BIRF,IBD,2019,0.0,74.1322283571087,6.03343538961832,5.46624682350293,,,,,,,,3.15576036990825,
Sólo BIRF,IBD,2020,0.0,73.382338481379,6.90114930060324,5.82987987412903,,,,,,,,-2.09494246369611,
Sólo BIRF,IBD,2021,0.0,72.1418529500945,6.26635804865074,5.72609214307998,,,,,,,,7.01634839375589,
Sólo BIRF,IBD,2022,0.0,72.9350464590903,5.5429437498218,,,,,,,,,3.22876638485118,
Sólo BIRF,IBD,2023,0.0,,5.11937184371446,,,,,,,,,3.92502639579833,
BIRF y la AIF,IBT,2001,0.0,66.0855327295897,6.29014557657023,5.0903085625565,,,,,,,,2.15686270903291,
BIRF y la AIF,IBT,2002,0.0,66.4081392353918,6.48438696791859,4.98920586629122,,,,,,,,3.15833597704291,
BIRF y la AIF,IBT,2003,0.0,66.6892946894752,6.57235181693598,5.04768870448386,,,,,,,,4.3761406473924,
BIRF y la AIF,IBT,2004,0.0,66.9256871452095,6.4581315121828,4.99758738589054,,,,,,,,6.07691525279421,
BIRF y la AIF,IBT,2005,0.0,67.3222546092343,6.40489657106608,4.99045066247651,,,,,,,,5.64764330735611,
BIRF y la AIF,IBT,2006,0.0,67.7174414847827,6.17712008106878,4.92803653916259,,,,,,,,6.67421247801904,
BIRF y la AIF,IBT,2007,0.0,67.9961909319204,6.01187443501485,4.85393669291528,,,,,,,,7.29162312999946,
BIRF y la AIF,IBT,2008,0.0,68.1797797983643,5.98104222955032,4.91060339130537,,,,,,,,4.46032423664127,
BIRF y la AIF,IBT,2009,0.0,68.6035800323798,6.23397038586746,5.2463892679026,,,,,,,,1.62207633483283,
BIRF y la AIF,IBT,2010,0.0,68.9006803255735,6.02490469620953,5.05281180378776,,,,,,,,6.26857977158302,
BIRF y la AIF,IBT,2011,0.0,69.2698378110735,5.91375954283212,5.0106863616231,,,,,,,,4.7851300696469,
BIRF y la AIF,IBT,2012,0.0,69.5860133097638,5.89138753534802,5.07032308100771,,,,,,,,3.86619783401068,
BIRF y la AIF,IBT,2013,0.0,69.9111983022149,5.84499148161993,5.16216764077929,,,,,,,,3.81826201248758,
BIRF y la AIF,IBT,2014,0.0,70.2366822832833,5.79080587385922,5.1923676548824,,,,,,,,3.46954815238993,
BIRF y la AIF,IBT,2015,0.0,70.5236790616851,5.94812577845476,5.28294832492367,,,,,,,,2.98820062850022,
BIRF y la AIF,IBT,2016,0.0,70.8052133964315,5.99513667842469,5.30450309513521,,,,,,,,3.13757680107133,
BIRF y la AIF,IBT,2017,0.0,71.0422877811609,5.99271648498028,5.32232849385419,,,,,,,,3.82861706249659,
BIRF y la AIF,IBT,2018,0.0,71.3213944245514,5.90275075836632,5.2699643709688,,,,,,,,3.62440290920122,
BIRF y la AIF,IBT,2019,0.0,71.5254383692497,5.7571242987576,5.33852270826601,,,,,,,,2.76698380630027,
BIRF y la AIF,IBT,2020,0.0,70.8217187712498,6.60512581745327,5.68816790710676,,,,,,,,-2.44828134148716,
BIRF y la AIF,IBT,2021,0.0,69.7899671680861,6.12599755797436,5.61600141246384,,,,,,,,6.30027576224978,
BIRF y la AIF,IBT,2022,0.0,70.511910539194,5.42348763382878,,,,,,,,,2.76756247633342,
BIRF y la AIF,IBT,2023,0.0,,5.08018735510528,,,,,,,,,3.35864145582066,
total de la AIF,IDA,2001,0.0,57.0112433958694,4.43942339834433,3.51043954627506,,,,,,,,1.50598524239443,
total de la AIF,IDA,2002,0.0,57.4175623707504,4.42727495069254,3.52291911563636,,,,,,,,2.87126360645968,
total de la AIF,IDA,2003,0.0,57.8588658684076,4.39926066468585,3.97611243917499,,,,,,,,2.37562222170911,
total de la AIF,IDA,2004,0.0,58.1796029960722,4.2942013867647,3.95355022795307,,,,,,,,4.17735619009265,
total de la AIF,IDA,2005,0.0,58.6005394842409,4.18402152438352,4.02283658010701,,,,,,,,3.71789939672891,
total de la AIF,IDA,2006,0.0,59.238736136939,4.02461922387437,4.13166825208969,,,,,,,,3.60222629150724,
total de la AIF,IDA,2007,0.0,59.5910104996775,4.01164556257823,4.06036297432513,,,,,,,,3.46239841076176,
total de la AIF,IDA,2008,0.0,59.7736842740888,4.07693651057225,3.94528301308037,,,,,,,,2.6416782623125,
total de la AIF,IDA,2009,0.0,60.4514322224133,4.1473888041472,4.04680946472928,,,,,,,,2.68434060305442,
total de la AIF,IDA,2010,0.0,60.8985269624346,4.077740607341,3.92628054189551,,,,,,,,3.7139679754346,
total de la AIF,IDA,2011,0.0,61.4553608509201,4.11011032295405,3.81455676108465,,,,,,,,1.75686344147148,
total de la AIF,IDA,2012,0.0,61.7709808557056,4.43822965160758,3.82963789666248,,,,,,,,1.09660279499866,
total de la AIF,IDA,2013,0.0,62.1051502446913,4.2768974863619,3.97195007489097,,,,,,,,3.00937653308944,
total de la AIF,IDA,2014,0.0,62.4180887324393,4.17076476017499,3.90129109054843,,,,,,,,3.28466037396507,
total de la AIF,IDA,2015,0.0,62.7517170614137,4.48448949652961,3.96466691121616,,,,,,,,1.25422315696096,
total de la AIF,IDA,2016,0.0,63.1656533152546,4.37558670626809,3.92368581286982,,,,,,,,1.05185459031389,
total de la AIF,IDA,2017,0.0,63.5411694581077,4.58345571310177,3.85235080193017,,,,,,,,1.69913367935224,
total de la AIF,IDA,2018,0.0,63.8811011969586,4.66995645285721,3.6778419712016,,,,,,,,2.05636898557854,
total de la AIF,IDA,2019,0.0,64.212406439716,4.79765160867445,3.70068185740403,,,,,,,,1.63145028361373,
total de la AIF,IDA,2020,0.0,63.7482483446558,5.6126747960257,3.90902189567774,,,,,,,,-2.99996649819403,
total de la AIF,IDA,2021,0.0,63.400664245651,5.6582175777984,4.11120002495394,,,,,,,,2.12012364966061,
total de la AIF,IDA,2022,0.0,64.0489235208186,5.03283381694065,,,,,,,,,2.04208983980038,
total de la AIF,IDA,2023,0.0,,4.95281977990232,,,,,,,,,1.04974137031893,
mezcla de la AIF,IDB,2001,0.0,56.0092268684295,3.60551386881708,3.09087460546313,,,,,,,,1.56121218104248,
mezcla de la AIF,IDB,2002,0.0,56.3584315517553,3.40153310559902,2.87117425448756,,,,,,,,4.35513001675669,
mezcla de la AIF,IDB,2003,0.0,56.6746854377267,3.25355683524923,3.71724137084427,,,,,,,,2.58411219479682,
mezcla de la AIF,IDB,2004,0.0,56.9971444858111,3.09120727251871,3.55681492938724,,,,,,,,5.05777171873176,
mezcla de la AIF,IDB,2005,0.0,57.0334137108178,3.01261584647932,3.67392845980773,,,,,,,,3.75659931952357,
mezcla de la AIF,IDB,2006,0.0,57.8362584840102,2.90355670559137,3.78805479817617,,,,,,,,3.41381049654976,
mezcla de la AIF,IDB,2007,0.0,58.0849511537945,2.74212820525229,3.62278171621114,,,,,,,,3.13760266190309,
mezcla de la AIF,IDB,2008,0.0,58.3761982313352,2.77936953603576,3.50937515196389,,,,,,,,1.68145541047558,
mezcla de la AIF,IDB,2009,0.0,58.7117003669273,2.84135479224355,3.42322036182452,,,,,,,,3.42289517185348,
mezcla de la AIF,IDB,2010,0.0,59.0590516367715,2.90235153310662,3.44863203631963,,,,,,,,3.29827503177941,
mezcla de la AIF,IDB,2011,0.0,59.4450948811862,2.93192664121768,3.33437406101004,,,,,,,,2.0697259226569,
mezcla de la AIF,IDB,2012,0.0,59.6398426020364,3.96081732843466,3.38797983321285,,,,,,,,2.08102759553822,
mezcla de la AIF,IDB,2013,0.0,59.9502681776118,3.67871483464332,3.49553381533654,,,,,,,,3.31533421783658,
mezcla de la AIF,IDB,2014,0.0,60.1214982368301,3.3297977541972,3.41224295032932,,,,,,,,3.47391892897129,
mezcla de la AIF,IDB,2015,0.0,60.3574818379658,4.06531889057804,3.48595360075008,,,,,,,,1.72099546088123,
mezcla de la AIF,IDB,2016,0.0,60.5640802440301,3.73569867015158,3.54705246450231,,,,,,,,0.15523699558706,
mezcla de la AIF,IDB,2017,0.0,60.8795193391654,4.33948088709596,3.51014214147743,,,,,,,,0.569516398222916,
mezcla de la AIF,IDB,2018,0.0,61.0824741753045,4.81834732009468,3.2653883453901,,,,,,,,1.7763107974325,
mezcla de la AIF,IDB,2019,0.0,61.3385640483831,5.20260195436894,3.26222010826985,,,,,,,,0.706317215317199,
mezcla de la AIF,IDB,2020,0.0,61.0116407687852,6.03722074655765,3.60792217372763,,,,,,,,-3.44419612547789,
mezcla de la AIF,IDB,2021,0.0,60.6795925382356,6.03506508265734,3.95573578819761,,,,,,,,2.97931343258932,
mezcla de la AIF,IDB,2022,0.0,61.2838224440537,5.14842501363786,,,,,,,,,2.03750524914008,
mezcla de la AIF,IDB,2023,0.0,,4.8103699956364,,,,,,,,,0.350697308701228,
Indonesia,IDN,2001,7.879106999999999,66.758,6.082,2.11850214,0.546554,0.220731,0.120529,0.536613,2.625586,3.254456,0.574638,2.19224697535924,31.2
Indonesia,IDN,2002,7.888957,67.134,6.604,1.98062706,0.547179,0.221073,0.121129,0.537231,2.628493,3.258327,0.575525,3.07396717215921,30.2
Indonesia,IDN,2003,7.90014,67.413,6.658,2.24837184,0.548351,0.22143,0.121749,0.537891,2.631728,3.262491,0.5765,3.38769983664584,29.3
Indonesia,IDN,2004,7.90971,65.75,7.303,2.12002277,0.549071,0.221777,0.122269,0.53847,2.634367,3.266157,0.577599,3.70207032744014,30.4
Indonesia,IDN,2005,7.915919,67.649,7.945,2.53189397,0.549916,0.222085,0.122975,0.538811,2.635058,3.268223,0.578851,4.36841866653896,29.9
Indonesia,IDN,2006,7.924351999999999,67.914,7.551,2.61946416,0.551714,0.222437,0.123953,0.538913,2.632224,3.268861,0.58625,4.13903544058229,31.5
Indonesia,IDN,2007,7.939325,68.189,8.06,2.82385564,0.5548,0.2229,0.125266,0.538915,2.625918,3.269533,0.601993,4.95904841842633,33.2
Indonesia,IDN,2008,7.956692,68.226,7.209,2.54842305,0.558683,0.223427,0.126898,0.53887,2.618158,3.270112,0.620544,4.64217359780631,32.6
Indonesia,IDN,2009,7.973250999999999,68.494,6.106,2.62324095,0.562511,0.223974,0.128568,0.538839,2.612387,3.27062,0.636352,3.30690394106003,33.4
Indonesia,IDN,2010,7.984515000000001,68.679,5.614,2.7908783,0.565929,0.224499,0.130405,0.538881,2.609842,3.2711,0.643859,4.90272857873705,34.6
Indonesia,IDN,2011,7.992904,68.823,5.153,2.98942471,0.56906,0.225059,0.132299,0.539009,2.610547,3.271588,0.645342,4.84490570055715,37.9
Indonesia,IDN,2012,8.003212000000001,68.973,4.468,2.91427088,0.572218,0.225729,0.134503,0.539179,2.612448,3.272439,0.646696,4.70670292023203,37.1
Indonesia,IDN,2013,8.015302,69.264,4.336,2.86934805,0.575353,0.226495,0.136988,0.539385,2.615656,3.273531,0.647894,4.28477845676873,38.9
Indonesia,IDN,2014,8.028637,69.533,4.049,2.96433568,0.578526,0.227347,0.139724,0.539632,2.619625,3.274875,0.648908,3.79614076779593,38.8
Indonesia,IDN,2015,8.044443,69.699,4.514,2.92428517,0.581601,0.228273,0.142546,0.539916,2.625926,3.276482,0.649699,3.71774546908827,38.2
Indonesia,IDN,2016,8.061634,69.798,4.301,3.02147198,0.585003,0.22926,0.145616,0.540234,2.633091,3.278178,0.650252,3.92669809073649,36.9
Indonesia,IDN,2017,8.081211,69.936,3.783,2.90417194,0.588079,0.230297,0.148782,0.540591,2.642736,3.28022,0.650506,4.0176256075747,36.4
Indonesia,IDN,2018,0.0,70.338,4.387,2.86757827,,,,,,,,4.16298429125608,36.3
Indonesia,IDN,2019,0.0,70.518,3.59,2.87862897,,,,,,,,4.03913565656795,35.4
Indonesia,IDN,2020,0.0,68.808,4.255,3.42067289,,,,,,,,-2.88509409342301,35.3
Indonesia,IDN,2021,0.0,67.57,3.827,3.70636249,,,,,,,,2.9849400734317,35.5
Indonesia,IDN,2022,0.0,68.25,3.462,,,,,,,,,4.6392086044409,35.5
Indonesia,IDN,2023,0.0,,3.417,,,,,,,,,4.27868685362591,36.1
Sólo AIF,IDX,2001,0.0,57.5152759256641,4.81296054922816,3.84752992547011,,,,,,,,1.34503770508132,
Sólo AIF,IDX,2002,0.0,57.9502826762247,4.88749470203625,4.06120235801679,,,,,,,,1.4979833200468,
Sólo AIF,IDX,2003,0.0,58.4536305480845,4.91379677829506,4.19199516966952,,,,,,,,2.2210999600308,
Sólo AIF,IDX,2004,0.0,58.7734572624152,4.83526974417187,4.30983401928365,,,,,,,,3.33892999676692,
Sólo AIF,IDX,2005,0.0,59.3874159141877,4.70977562823285,4.3497654776405,,,,,,,,3.68713380890505,
Sólo AIF,IDX,2006,0.0,59.9426398015175,4.52778295294633,4.47916571395951,,,,,,,,3.79898501610778,
Sólo AIF,IDX,2007,0.0,60.3471701757668,4.58389401639383,4.49296498747287,,,,,,,,3.76532049779543,
Sólo AIF,IDX,2008,0.0,60.4763747718292,4.66383872210609,4.36301967331304,,,,,,,,3.51993174819727,
Sólo AIF,IDX,2009,0.0,61.3279976044791,4.74210060050039,4.58553497241951,,,,,,,,1.94770672339904,
Sólo AIF,IDX,2010,0.0,61.8275674492194,4.61656616552316,4.35939951360596,,,,,,,,4.03173083571417,
Sólo AIF,IDX,2011,0.0,62.4720847457378,4.65129745631257,4.2590335850559,,,,,,,,1.42596654806997,
Sólo AIF,IDX,2012,0.0,62.8485146168041,4.65852164236269,4.28304417430672,,,,,,,,0.184800484390863,
Sólo AIF,IDX,2013,0.0,63.1940957587241,4.55304113572347,4.47408253528698,,,,,,,,2.73470765799377,
Sólo AIF,IDX,2014,0.0,63.5775127520473,4.55708769890908,4.42056096011643,,,,,,,,3.13412527301296,
Sólo AIF,IDX,2015,0.0,63.9578892057894,4.67812536837399,4.44591171849893,,,,,,,,0.872327925592515,
Sólo AIF,IDX,2016,0.0,64.471642932639,4.6691680805188,4.26302182452007,,,,,,,,2.02229890817125,
Sólo AIF,IDX,2017,0.0,64.872728648715,4.69410672669928,4.13224542301852,,,,,,,,2.86301602490558,
Sólo AIF,IDX,2018,0.0,65.277193059858,4.60310662839116,4.02308659319169,,,,,,,,2.39408071519243,
Sólo AIF,IDX,2019,0.0,65.6417933972898,4.61487334501369,4.05635620782097,,,,,,,,2.55356593039721,
Sólo AIF,IDX,2020,0.0,65.1059048304073,5.42075528212085,4.1327143249342,,,,,,,,-2.53983508621003,
Sólo AIF,IDX,2021,0.0,64.7477851426932,5.48651888609627,4.22722192440979,,,,,,,,1.41985488808957,
Sólo AIF,IDX,2022,0.0,65.4160744865148,4.98009182157722,,,,,,,,,2.08218153444679,
Sólo AIF,IDX,2023,0.0,,5.017920411237,,,,,,,,,1.70912227084317,
Isla de Man,IMN,2001,0.0,75.51,,,,,,,,,,4.24663900625875,
Isla de Man,IMN,2002,0.0,75.42,,,,,,,,,,5.11987694303788,
Isla de Man,IMN,2003,0.0,76.096,,,,,,,,,,4.97181097946677,
Isla de Man,IMN,2004,0.0,76.966,,,,,,,,,,4.21321405143308,
Isla de Man,IMN,2005,0.0,77.623,,,,,,,,,,4.91587543587634,
Isla de Man,IMN,2006,0.0,78.191,,,,,,,,,,6.60860793932187,
Isla de Man,IMN,2007,0.0,78.331,,,,,,,,,,6.34414326070861,
Isla de Man,IMN,2008,0.0,78.449,,,,,,,,,,3.75245534795337,
Isla de Man,IMN,2009,0.0,78.681,,,,,,,,,,0.96959201939228,
Isla de Man,IMN,2010,0.0,78.983,,,,,,,,,,2.27383295942414,
Isla de Man,IMN,2011,0.0,79.19,,,,,,,,,,1.36877235566702,
Isla de Man,IMN,2012,0.0,79.337,,,,,,,,,,7.31915799814618,
Isla de Man,IMN,2013,0.0,79.473,,,,,,,,,,4.3819692421271,
Isla de Man,IMN,2014,0.0,80.037,,,,,,,,,,5.46594261668328,
Isla de Man,IMN,2015,0.0,78.905,,,,,,,,,,-0.024795387361678,
Isla de Man,IMN,2016,0.0,80.314,,,,,,,,,,7.13557722748386,
Isla de Man,IMN,2017,0.0,80.457,,,,,,,,,,2.67780397565799,
Isla de Man,IMN,2018,0.0,80.596,,,,,,,,,,1.97547836946681,
Isla de Man,IMN,2019,0.0,80.737,,,,,,,,,,0.0661536023615099,
Isla de Man,IMN,2020,0.0,80.588,,,,,,,,,,-8.95938646502685,
Isla de Man,IMN,2021,0.0,80.525,,,,,,,,,,3.57042617039616,
Isla de Man,IMN,2022,0.0,80.762,,,,,,,,,,,
Isla de Man,IMN,2023,0.0,,,,,,,,,,,,
India,IND,2001,10.164458,63.091,8.039,4.26,0.503517,0.261885,0.116833,0.553012,3.932223,3.284843,1.512145,2.94531936072761,
India,IND,2002,10.186319000000001,63.616,8.248,4.24,0.503091,0.261983,0.118564,0.553141,3.95214,3.291147,1.506253,1.97590798376778,
India,IND,2003,10.207881,64.094,8.397,4.01,0.502613,0.262116,0.120365,0.5533,3.972797,3.298745,1.497945,6.01652056440179,
India,IND,2004,10.222774000000001,64.524,8.551,3.96,0.502077,0.262264,0.122223,0.553467,3.98767,3.305828,1.489245,6.13260616679665,34.0
India,IND,2005,10.225284000000002,64.996,8.697,3.79,0.501926,0.262404,0.124111,0.553622,3.990432,3.310625,1.482164,6.20601103217038,
India,IND,2006,10.145045,65.412,8.614,3.63,0.501409,0.262612,0.126231,0.5538,3.939382,3.309677,1.451934,6.42604471329771,
India,IND,2007,9.961798000000002,65.788,8.534,3.52,0.500222,0.262923,0.128591,0.554041,3.826047,3.303176,1.386798,6.09362578143026,
India,IND,2008,9.74257,66.149,8.486,3.51,0.499075,0.263258,0.131158,0.554323,3.691869,3.294631,1.308256,1.63078058917779,
India,IND,2009,9.554108999999999,66.513,8.406,3.49,0.499124,0.263537,0.133841,0.554619,3.577715,3.287489,1.237784,6.37170938841676,34.9
India,IND,2010,9.463473,66.909,8.318,3.27,0.500607,0.263676,0.13647,0.554888,3.5259,3.285098,1.196834,7.01317458100183,
India,IND,2011,9.445955,67.359,8.222,3.25,0.503234,0.263563,0.139099,0.555144,3.520174,3.286323,1.178418,3.8180743120835,35.4
India,IND,2012,9.432074,67.887,8.156,3.33,0.506062,0.263156,0.141892,0.555425,3.51598,3.287912,1.161647,4.06082238436569,
India,IND,2013,9.422921,68.46,8.088,3.75,0.509329,0.262489,0.144873,0.555729,3.5134,3.289877,1.147224,5.01461186438419,
India,IND,2014,9.41984,69.074,7.992,3.62,0.513028,0.261596,0.147937,0.55605,3.513171,3.292164,1.135894,6.08618022720231,
India,IND,2015,9.424011,69.636,7.894,3.6,0.517256,0.260509,0.15115,0.55639,3.515554,3.294846,1.128306,6.72106763062213,34.7
India,IND,2016,9.436394,70.117,7.8,3.5,0.522072,0.259256,0.154442,0.556744,3.520805,3.298067,1.125008,6.98098970132099,34.7
India,IND,2017,9.458544,70.467,7.723,2.94,0.527411,0.257864,0.157758,0.557112,3.529853,3.301939,1.126607,5.56833351357884,35.9
India,IND,2018,0.0,70.71,7.652,2.86,,,,,,,,5.30240867857299,34.5
India,IND,2019,0.0,70.91,6.51,2.95,,,,,,,,2.81187310225657,33.8
India,IND,2020,0.0,70.15,7.859,3.34,,,,,,,,-6.6734705465819,33.8
India,IND,2021,0.0,67.24,6.38,3.28,,,,,,,,8.81860584308893,32.8
India,IND,2022,0.0,67.744,4.822,,,,,,,,,6.2615994901934,
India,IND,2023,0.0,,4.172,,,,,,,,,6.72138141442038,
No clasificado,INX,2001,0.0,,,,,,,,,,,,
No clasificado,INX,2002,0.0,,,,,,,,,,,,
No clasificado,INX,2003,0.0,,,,,,,,,,,,
No clasificado,INX,2004,0.0,,,,,,,,,,,,
No clasificado,INX,2005,0.0,,,,,,,,,,,,
No clasificado,INX,2006,0.0,,,,,,,,,,,,
No clasificado,INX,2007,0.0,,,,,,,,,,,,
No clasificado,INX,2008,0.0,,,,,,,,,,,,
No clasificado,INX,2009,0.0,,,,,,,,,,,,
No clasificado,INX,2010,0.0,,,,,,,,,,,,
No clasificado,INX,2011,0.0,,,,,,,,,,,,
No clasificado,INX,2012,0.0,,,,,,,,,,,,
No clasificado,INX,2013,0.0,,,,,,,,,,,,
No clasificado,INX,2014,0.0,,,,,,,,,,,,
No clasificado,INX,2015,0.0,,,,,,,,,,,,
No clasificado,INX,2016,0.0,,,,,,,,,,,,
No clasificado,INX,2017,0.0,,,,,,,,,,,,
No clasificado,INX,2018,0.0,,,,,,,,,,,,
No clasificado,INX,2019,0.0,,,,,,,,,,,,
No clasificado,INX,2020,0.0,,,,,,,,,,,,
No clasificado,INX,2021,0.0,,,,,,,,,,,,
No clasificado,INX,2022,0.0,,,,,,,,,,,,
No clasificado,INX,2023,0.0,,,,,,,,,,,,
Irlanda,IRL,2001,0.0,77.1341463414634,3.684,6.3924942,,,,,,,,3.64246999666096,
Irlanda,IRL,2002,0.0,77.6341463414634,4.216,6.67263079,,,,,,,,4.12975548131233,32.3
Irlanda,IRL,2003,0.0,78.1390243902439,4.478,7.00761366,,,,,,,,1.34938713004821,32.9
Irlanda,IRL,2004,0.0,78.5390243902439,4.491,7.21972942,,,,,,,,4.85345757745333,33.6
Irlanda,IRL,2005,0.0,78.9439024390244,4.343,7.64242792,,,,,,,,3.46094059357864,33.8
Irlanda,IRL,2006,0.0,79.2414634146342,4.415,7.516469,,,,,,,,2.19518969027396,32.7
Irlanda,IRL,2007,0.0,79.6414634146341,4.98,7.80773783,,,,,,,,2.30923104603731,31.9
Irlanda,IRL,2008,0.0,80.0951219512195,6.774,9.12564754,,,,,,,,-6.41164596990882,30.9
Irlanda,IRL,2009,0.0,80.190243902439,12.609,10.52275658,,,,,,,,-6.05481196628648,32.7
Irlanda,IRL,2010,0.0,80.7439024390244,14.534,10.52404499,,,,,,,,1.1304241269158,32.3
Irlanda,IRL,2011,0.0,80.7463414634146,15.354,10.60614967,,,,,,,,0.840056220177161,32.9
Irlanda,IRL,2012,0.0,80.8463414634146,15.451,10.59787655,,,,,,,,-0.551990987453394,33.2
Irlanda,IRL,2013,0.0,80.9487804878049,13.735,10.27730751,,,,,,,,0.643273342903683,33.5
Irlanda,IRL,2014,0.0,81.3487804878049,11.858,9.51343918,,,,,,,,8.03635788585953,31.9
Irlanda,IRL,2015,0.0,81.4536585365854,9.908,7.33597517,,,,,,,,23.3046934445227,31.8
Irlanda,IRL,2016,0.0,81.6536585365854,8.374,7.46859169,,,,,,,,0.623252100614778,32.8
Irlanda,IRL,2017,0.0,82.1560975609756,6.713,7.12621927,,,,,,,,8.12766876172294,31.4
Irlanda,IRL,2018,0.0,82.2048780487805,5.741,6.49550152,,,,,,,,7.13477339709543,30.6
Irlanda,IRL,2019,0.0,82.7024390243903,4.95,6.7090106,,,,,,,,3.86745063863189,30.8
Irlanda,IRL,2020,0.0,82.5560975609756,5.623,7.1091466,,,,,,,,5.52561234818658,29.2
Irlanda,IRL,2021,0.0,82.3536585365854,6.194,6.71662664,,,,,,,,14.0322863534396,30.1
Irlanda,IRL,2022,0.0,83.0560975609756,4.479,6.07060957,,,,,,,,7.42658177833613,
Irlanda,IRL,2023,0.0,,4.34,,,,,,,,,-5.68600291848209,
Iraq,IRQ,2001,11.827319,67.034,8.288,,1.798996,0.184597,0.169427,0.662083,3.680931,4.682812,0.648473,-1.42758350962424,
Iraq,IRQ,2002,11.805408000000002,67.084,8.636,,1.77632,0.184989,0.170858,0.662474,3.678887,4.683708,0.648172,-11.0994372024148,
Iraq,IRQ,2003,11.781013999999999,65.643,8.965,2.99693584,1.749491,0.185398,0.172481,0.662874,3.678336,4.684695,0.647739,-38.5617199624458,
Iraq,IRQ,2004,11.763337,65.031,8.736,3.90128636,1.727968,0.185751,0.174095,0.663216,3.679442,4.685506,0.647359,49.0316374560103,
Iraq,IRQ,2005,11.755247999999998,64.844,8.596,3.01704645,1.716263,0.185983,0.175876,0.663476,3.679807,4.686576,0.647267,-1.30307417239031,
Iraq,IRQ,2006,11.764202999999998,63.587,8.434,2.49370432,1.719093,0.186128,0.177768,0.663618,3.681522,4.687964,0.64811,4.89002068704167,28.6
Iraq,IRQ,2007,11.782133,63.553,8.646,3.2148056,1.729611,0.186292,0.179811,0.663721,3.683579,4.689106,0.650013,2.75551860364405,
Iraq,IRQ,2008,11.804348999999998,64.942,8.467,3.06604242,1.74307,0.18647,0.181688,0.663798,3.687278,4.68976,0.652285,6.16308781540116,
Iraq,IRQ,2009,11.825662000000001,66.446,8.41,3.77203989,1.753418,0.186658,0.183805,0.663875,3.693152,4.690577,0.654177,-0.274959244203714,
Iraq,IRQ,2010,11.837369,67.062,8.262,3.23955345,1.7559,0.186861,0.186125,0.664014,3.697384,4.692134,0.654951,3.08154255163578,
Iraq,IRQ,2011,11.848963,67.659,8.186,2.80316377,1.751559,0.187105,0.188519,0.664217,3.708303,4.694393,0.654867,3.84892964320558,
Iraq,IRQ,2012,11.86012,68.023,7.965,2.69365859,1.738102,0.187411,0.191375,0.664458,3.72696,4.697119,0.654695,8.93550650001869,29.5
Iraq,IRQ,2013,11.868694999999999,68.253,9.208,2.80868459,1.718023,0.187774,0.19421,0.664742,3.749134,4.700384,0.654428,2.72258015575287,
Iraq,IRQ,2014,11.878339,68.914,10.59,2.78786659,1.689909,0.188192,0.197429,0.665088,3.778974,4.704734,0.654013,-3.2514207204341,
Iraq,IRQ,2015,11.88849,69.44,10.838,3.15587044,1.656386,0.188659,0.201027,0.665481,3.813491,4.710038,0.653408,1.91791208865786,
Iraq,IRQ,2016,11.893474,68.988,10.82,4.58949184,1.614594,0.189173,0.204729,0.665932,3.850367,4.716061,0.652618,11.0230161898181,
Iraq,IRQ,2017,11.899851,70.413,13.02,4.04064989,1.569569,0.189729,0.208672,0.666431,3.891163,4.722673,0.651614,-4.10746396999446,
Iraq,IRQ,2018,0.0,71.514,13.509,4.12989378,,,,,,,,0.182367803474691,
Iraq,IRQ,2019,0.0,71.576,14.142,4.25509405,,,,,,,,3.04417477296685,
Iraq,IRQ,2020,0.0,69.123,15.776,6.17485046,,,,,,,,-14.0902346467683,
Iraq,IRQ,2021,0.0,70.378,16.173,5.24727583,,,,,,,,-0.774861848749637,
Iraq,IRQ,2022,0.0,71.336,15.588,,,,,,,,,5.311371461555,
Iraq,IRQ,2023,0.0,,15.529,,,,,,,,,-5.08662725942806,
Islandia,ISL,2001,0.0,80.690243902439,1.874,8.75,,,,,,,,2.64000021012691,
Islandia,ISL,2002,0.0,80.5024390243903,2.988,9.4,,,,,,,,-0.334077504194298,
Islandia,ISL,2003,0.0,80.9634146341464,3.997,9.73,,,,,,,,1.43779618991398,26.8
Islandia,ISL,2004,0.0,80.9975609756098,4.031,9.33,,,,,,,,6.86010568493316,28.0
Islandia,ISL,2005,0.0,81.5024390243902,2.547,8.95,,,,,,,,4.45782885129975,29.0
Islandia,ISL,2006,0.0,81.1585365853659,2.83,8.56,,,,,,,,3.85034869245426,30.2
Islandia,ISL,2007,0.0,81.4536585365854,2.251,8.35,,,,,,,,5.74528128782477,29.5
Islandia,ISL,2008,0.0,81.609756097561,2.946,8.34,,,,,,,,0.326400099637624,31.8
Islandia,ISL,2009,0.0,81.7512195121951,7.22,8.78,,,,,,,,-7.9783624054085,28.7
Islandia,ISL,2010,0.0,81.8975609756097,7.564,8.36,,,,,,,,-2.6928477076311,26.2
Islandia,ISL,2011,0.0,82.3585365853659,7.028,8.2,,,,,,,,1.53514719927782,26.8
Islandia,ISL,2012,0.0,82.9170731707317,6.0,8.18,,,,,,,,0.527304433471059,26.8
Islandia,ISL,2013,0.0,82.0609756097561,5.376,8.18,,,,,,,,3.56817578247606,25.4
Islandia,ISL,2014,0.0,82.8609756097561,4.897,8.23,,,,,,,,0.562209388696971,27.8
Islandia,ISL,2015,0.0,82.4682926829268,3.979,8.07,,,,,,,,3.35414533328364,26.8
Islandia,ISL,2016,0.0,82.2048780487805,2.978,8.1,,,,,,,,4.83829921427557,27.2
Islandia,ISL,2017,0.0,82.6609756097561,2.742,8.26,,,,,,,,1.7794101347671,26.1
Islandia,ISL,2018,0.0,82.8609756097561,2.704,8.38,,,,,,,,2.11737323957688,
Islandia,ISL,2019,0.0,83.1634146341463,3.507,8.58,,,,,,,,-0.354233392746096,
Islandia,ISL,2020,0.0,83.0634146341463,5.478,9.61,,,,,,,,-8.43869801113058,
Islandia,ISL,2021,0.0,83.1658536585366,6.029,9.73,,,,,,,,3.43904675772384,
Islandia,ISL,2022,0.0,82.1707317073171,3.789,8.57,,,,,,,,6.17839326202336,
Islandia,ISL,2023,0.0,,3.562,,,,,,,,,0.99767125444788,
Israel,ISR,2001,10.078817,79.4073170731707,11.812,7.02,0.69013,0.261445,0.407726,0.931399,4.223129,3.017391,0.547597,-2.00326599214151,38.9
Israel,ISR,2002,10.070435999999999,79.4512195121951,12.888,6.92,0.690817,0.261273,0.413775,0.928889,4.212075,3.017465,0.546142,-2.10585518337876,39.6
Israel,ISR,2003,10.057996,79.6487804878049,13.505,6.86,0.6926,0.261067,0.419905,0.925924,4.196425,3.017644,0.544431,-0.420346476849517,40.7
Israel,ISR,2004,10.043892999999999,80.1463414634146,13.029,6.8,0.693812,0.260892,0.425134,0.923395,4.180606,3.017567,0.542487,2.9485462977587,41.5
Israel,ISR,2005,10.030126000000001,80.1512195121951,11.342,6.9,0.693844,0.260849,0.428808,0.92232,4.166551,3.017264,0.54049,2.3143861844074,42.3
Israel,ISR,2006,10.018835000000001,80.5536585365854,10.707,6.71,0.69255,0.26108,0.430569,0.922322,4.151368,3.023321,0.537625,3.73257258246224,41.6
Israel,ISR,2007,10.011329,80.5048780487805,9.379,6.7,0.688567,0.261523,0.432092,0.922312,4.135361,3.038157,0.533317,4.16658243806236,41.1
Israel,ISR,2008,10.001516,80.9512195121951,7.704,6.83,0.682852,0.262041,0.43343,0.922285,4.11655,3.056002,0.528356,1.43302293766602,41.6
Israel,ISR,2009,9.991311000000001,81.4048780487805,9.534,6.92,0.679267,0.262472,0.435409,0.922259,4.097488,3.071033,0.523383,-1.49960586559654,42.6
Israel,ISR,2010,9.976028000000001,81.6024390243903,8.48,6.89,0.679954,0.262677,0.43736,0.922266,4.07706,3.077535,0.519176,3.7557370227461,42.6
Israel,ISR,2011,9.957734,81.6560975609756,7.139,6.84,0.683791,0.262633,0.439838,0.922343,4.055852,3.077637,0.51564,3.6282031289701,41.4
Israel,ISR,2012,9.933672000000001,81.7048780487805,6.762,6.98,0.688269,0.262423,0.44213,0.922545,4.028824,3.07722,0.512261,0.711105773404924,41.3
Israel,ISR,2013,9.904892,82.0560975609756,6.137,6.96,0.692602,0.262064,0.445398,0.922852,3.996729,3.076188,0.509059,2.48512008275496,39.9
Israel,ISR,2014,9.872671,82.1536585365854,5.789,7.05,0.698462,0.261536,0.448385,0.923216,3.960832,3.07424,0.506,1.94337709417314,39.8
Israel,ISR,2015,9.837026,82.0512195121951,5.176,7.02,0.703864,0.260875,0.452504,0.923693,3.92133,3.071555,0.503205,0.475269154590265,39.7
Israel,ISR,2016,9.797263,82.4073170731707,4.723,7.1,0.710449,0.260075,0.457104,0.924225,3.876893,3.06786,0.500657,2.49264371119004,39.0
Israel,ISR,2017,9.757016,82.5512195121951,4.14,7.18,0.71822,0.259139,0.461175,0.924802,3.832221,3.063078,0.498381,2.27442977959885,38.2
Israel,ISR,2018,0.0,82.8024390243903,3.917,7.23,,,,,,,,2.08447062883643,38.6
Israel,ISR,2019,0.0,82.8048780487805,3.731,7.17,,,,,,,,2.18667357283937,38.3
Israel,ISR,2020,0.0,82.6487804878049,4.169,7.71,,,,,,,,-3.57303741945609,37.8
Israel,ISR,2021,0.0,82.5,4.812,7.9,,,,,,,,6.80051563909181,37.9
Israel,ISR,2022,0.0,82.7,3.695,,,,,,,,,4.75267735474706,
Israel,ISR,2023,0.0,,3.389,,,,,,,,,-0.0854069833810911,
Italia,ITA,2001,0.0,80.1268292682927,9.599,7.74,,,,,,,,1.89412399481279,
Italia,ITA,2002,0.0,80.2292682926829,9.211,7.87,,,,,,,,0.104759513559856,34.7
Italia,ITA,2003,0.0,79.9829268292683,8.869,7.83,,,,,,,,-0.305508789463317,34.9
Italia,ITA,2004,0.0,80.7804878048781,7.866,8.17,,,,,,,,0.769317663351927,34.3
Italia,ITA,2005,0.0,80.7829268292683,7.731,8.34,,,,,,,,0.323656244406962,33.8
Italia,ITA,2006,0.0,81.2829268292683,6.777,8.44,,,,,,,,1.48515735957702,33.7
Italia,ITA,2007,0.0,81.4341463414634,6.076,8.14,,,,,,,,0.975922132963376,32.9
Italia,ITA,2008,0.0,81.4853658536585,6.723,8.53,,,,,,,,-1.61594062742927,33.8
Italia,ITA,2009,0.0,81.6365853658537,7.749,8.95,,,,,,,,-5.71150838276657,33.8
Italia,ITA,2010,0.0,82.0365853658537,8.363,8.92,,,,,,,,1.40091534299962,34.7
Italia,ITA,2011,0.0,82.1878048780488,8.359,8.77,,,,,,,,0.534287439584816,35.1
Italia,ITA,2012,0.0,82.2390243902439,10.655,8.78,,,,,,,,-3.24206011995115,35.2
Italia,ITA,2013,0.0,82.690243902439,12.149,8.78,,,,,,,,-2.97240379999698,34.9
Italia,ITA,2014,0.0,83.090243902439,12.683,8.87,,,,,,,,-0.917813879753353,34.7
Italia,ITA,2015,0.0,82.5439024390244,11.896,8.86,,,,,,,,0.875477401786128,35.4
Italia,ITA,2016,0.0,83.2439024390244,11.688,8.73,,,,,,,,1.46569044434084,35.2
Italia,ITA,2017,0.0,82.9463414634147,11.211,8.68,,,,,,,,1.82033385192226,35.9
Italia,ITA,2018,0.0,83.3463414634146,10.61,8.68,,,,,,,,1.11781661979235,35.2
Italia,ITA,2019,0.0,83.4975609756098,9.952,8.66,,,,,,,,1.64850339347826,34.6
Italia,ITA,2020,0.0,82.1951219512195,9.164,9.63,,,,,,,,-8.52972827622958,35.2
Italia,ITA,2021,0.0,82.6463414634146,9.497,9.38,,,,,,,,8.87012965883184,34.8
Italia,ITA,2022,0.0,82.9,8.069,9.0,,,,,,,,4.32595392769208,
Italia,ITA,2023,0.0,,7.618,,,,,,,,,1.22859908779216,
Jamaica,JAM,2001,10.774353000000001,70.758,6.686,5.15652943,0.921534,0.198348,0.250265,0.923453,2.553989,4.563041,1.363723,0.835387961721096,
Jamaica,JAM,2002,10.783795999999999,70.888,6.654,4.74544334,0.926392,0.198233,0.251009,0.923552,2.557785,4.562594,1.364231,1.50092168541656,48.3
Jamaica,JAM,2003,10.793857999999998,70.806,6.563,4.22014141,0.931329,0.198115,0.251631,0.92367,2.561818,4.562164,1.365131,3.16644847120502,
Jamaica,JAM,2004,10.801982,70.86,6.562,4.80435276,0.936075,0.198036,0.252132,0.923792,2.563666,4.561626,1.366655,0.829396049018285,45.5
Jamaica,JAM,2005,10.80998,71.044,6.596,4.54581785,0.939018,0.198034,0.252351,0.923931,2.566573,4.561116,1.368957,0.409882445425083,
Jamaica,JAM,2006,10.822599999999998,71.199,6.619,4.20788145,0.940855,0.198154,0.25274,0.924244,2.566225,4.561436,1.378946,2.40954670132139,
Jamaica,JAM,2007,10.843663,71.418,6.614,5.32057667,0.942718,0.198374,0.254005,0.924784,2.561822,4.56306,1.3989,0.997833755260743,
Jamaica,JAM,2008,10.873248,71.612,6.666,5.61143064,0.946205,0.198634,0.254964,0.925444,2.56029,4.565765,1.421946,-1.18312022336025,
Jamaica,JAM,2009,10.894813000000001,72.124,7.314,5.14654493,0.948209,0.198868,0.256082,0.926036,2.555994,4.568348,1.441276,-4.73278335354918,
Jamaica,JAM,2010,10.909394999999998,72.622,7.63,5.2951932,0.950676,0.199009,0.257257,0.926408,2.556094,4.569921,1.45003,-1.87148268267046,
Jamaica,JAM,2011,10.913934999999999,73.094,8.034,5.23845339,0.95172,0.199068,0.257424,0.926569,2.557727,4.570486,1.450941,1.27572948209999,
Jamaica,JAM,2012,10.919106000000001,73.433,8.695,4.88512897,0.952109,0.199126,0.258016,0.926754,2.560541,4.571272,1.451288,-1.10512699572884,
Jamaica,JAM,2013,10.923456,73.412,9.698,4.95443439,0.953076,0.199179,0.258106,0.926957,2.563119,4.572443,1.450576,0.0351655688553478,
Jamaica,JAM,2014,10.927094,72.982,9.046,5.16564465,0.951748,0.199222,0.258697,0.927137,2.56829,4.573627,1.448373,0.277089053422102,
Jamaica,JAM,2015,10.931166000000001,72.394,8.824,5.62470436,0.950794,0.199259,0.259079,0.927324,2.575587,4.574925,1.444198,0.563876019949532,
Jamaica,JAM,2016,10.932856,72.02,8.634,5.70102215,0.949323,0.199275,0.260215,0.927481,2.582892,4.576234,1.437436,1.07681542813329,
Jamaica,JAM,2017,10.931455,71.911,7.399,6.14859295,0.947371,0.19927,0.25965,0.927605,2.592385,4.577528,1.427646,0.792818276894394,
Jamaica,JAM,2018,0.0,71.793,5.47,5.96798849,,,,,,,,1.76458302430416,35.6
Jamaica,JAM,2019,0.0,71.767,4.987,6.09761,,,,,,,,0.822801591466416,
Jamaica,JAM,2020,0.0,71.869,6.501,6.62580395,,,,,,,,-10.133126744459,
Jamaica,JAM,2021,0.0,70.5,5.188,7.18521214,,,,,,,,4.33290128957455,40.2
Jamaica,JAM,2022,0.0,70.629,4.083,,,,,,,,,5.2333542986164,
Jamaica,JAM,2023,0.0,,4.417,,,,,,,,,2.26636116990333,
Jordania,JOR,2001,0.0,72.147,14.7,9.57236385,,,,,,,,3.08566064646598,
Jordania,JOR,2002,0.0,72.359,15.3,9.2786417,,,,,,,,3.53355705291702,37.0
Jordania,JOR,2003,0.0,72.573,14.5,8.78901005,,,,,,,,1.83400589018122,
Jordania,JOR,2004,0.0,72.772,14.619,8.74670506,,,,,,,,5.8923712839545,
Jordania,JOR,2005,0.0,72.932,14.8,8.49441624,,,,,,,,5.36393873893275,
Jordania,JOR,2006,0.0,73.145,14.0,7.67925692,,,,,,,,1.02950964718904,33.9
Jordania,JOR,2007,0.0,73.373,13.1,7.90982628,,,,,,,,1.52682144946911,
Jordania,JOR,2008,0.0,73.591,12.7,8.48880577,,,,,,,,4.64342686912831,32.6
Jordania,JOR,2009,0.0,73.801,12.9,9.22396946,,,,,,,,2.7372096544037,
Jordania,JOR,2010,0.0,74.0,12.5,8.17025661,,,,,,,,0.0893369182254418,33.7
Jordania,JOR,2011,0.0,74.189,12.9,8.14807701,,,,,,,,0.154698041977881,
Jordania,JOR,2012,0.0,74.366,12.2,7.81799555,,,,,,,,0.982324095724891,
Jordania,JOR,2013,0.0,74.562,12.6,7.16592407,,,,,,,,-3.83017927279116,
Jordania,JOR,2014,0.0,74.789,11.9,7.20892906,,,,,,,,-8.11747948829742,
Jordania,JOR,2015,0.0,75.011,13.075,7.4609561,,,,,,,,-6.53100718046935,
Jordania,JOR,2016,0.0,75.215,15.275,6.97644138,,,,,,,,-2.82074528696681,
Jordania,JOR,2017,0.0,75.502,18.12,7.10953665,,,,,,,,-0.041500684924813,
Jordania,JOR,2018,0.0,75.774,18.257,6.98295021,,,,,,,,-0.463136173887264,
Jordania,JOR,2019,0.0,76.044,16.801,6.99518251,,,,,,,,-0.520071102411436,
Jordania,JOR,2020,0.0,75.184,19.213,7.03820276,,,,,,,,-3.18443419178128,
Jordania,JOR,2021,0.0,74.256,19.837,7.28875065,,,,,,,,1.61422154288037,
Jordania,JOR,2022,0.0,74.215,18.2,,,,,,,,,1.17932754711477,
Jordania,JOR,2023,0.0,,17.944,,,,,,,,,2.15221280704468,
Japón,JPN,2001,0.0,81.4163414634146,5.02,7.24,,,,,,,,0.144511690084897,
Japón,JPN,2002,0.0,81.6907317073171,5.386,7.35,,,,,,,,-0.190392013612978,
Japón,JPN,2003,0.0,81.76,5.251,7.49,,,,,,,,1.31809196241525,
Japón,JPN,2004,0.0,82.030243902439,4.734,7.54,,,,,,,,2.15172332918605,
Japón,JPN,2005,0.0,81.9551219512195,4.446,7.66,,,,,,,,1.79433980060388,
Japón,JPN,2006,0.0,82.3219512195122,4.192,7.69,,,,,,,,1.30812718300903,
Japón,JPN,2007,0.0,82.5070731707317,3.888,7.78,,,,,,,,1.36742232603785,
Japón,JPN,2008,0.0,82.5875609756098,4.002,8.09,,,,,,,,-1.27210994887062,34.8
Japón,JPN,2009,0.0,82.9314634146342,5.068,8.96,,,,,,,,-5.68145234031182,
Japón,JPN,2010,0.0,82.8426829268293,5.103,9.06,,,,,,,,4.07922304843274,32.1
Japón,JPN,2011,0.0,82.5912195121951,4.55,10.49,,,,,,,,0.209251802819637,
Japón,JPN,2012,0.0,83.0960975609756,4.358,10.67,,,,,,,,1.53678665884595,
Japón,JPN,2013,0.0,83.3319512195122,4.038,10.67,,,,,,,,2.15237106564643,32.9
Japón,JPN,2014,0.0,83.5878048780488,3.589,10.73,,,,,,,,0.429381122520397,
Japón,JPN,2015,0.0,83.7939024390244,3.385,10.75,,,,,,,,1.66846511711745,
Japón,JPN,2016,0.0,83.9848780487805,3.132,10.66,,,,,,,,0.805362824616168,
Japón,JPN,2017,0.0,84.099756097561,2.822,10.66,,,,,,,,1.75861180161441,
Japón,JPN,2018,0.0,84.2109756097561,2.467,10.74,,,,,,,,0.771168471432347,
Japón,JPN,2019,0.0,84.3563414634146,2.351,10.97,,,,,,,,-0.262170828589063,
Japón,JPN,2020,0.0,84.56,2.809,11.0,,,,,,,,-3.86470966963243,
Japón,JPN,2021,0.0,84.4456097560976,2.828,10.82,,,,,,,,3.0321308280439,
Japón,JPN,2022,0.0,83.9963414634146,2.6,,,,,,,,,1.40382237505176,
Japón,JPN,2023,0.0,,2.575,,,,,,,,,2.42101118299132,
Kazajstán,KAZ,2001,0.0,65.76,10.43,3.47,,,,,,,,13.6931931455792,36.0
Kazajstán,KAZ,2002,0.0,65.95,9.33,3.61,,,,,,,,9.79547024420448,34.8
Kazajstán,KAZ,2003,0.0,65.74,8.78,3.72,,,,,,,,8.93292284388505,33.7
Kazajstán,KAZ,2004,0.0,66.06,8.4,3.98,,,,,,,,8.84101937498924,31.8
Kazajstán,KAZ,2005,0.0,65.86,8.13,3.9,,,,,,,,8.72919994993025,39.8
Kazajstán,KAZ,2006,0.0,66.15,7.79,3.4,,,,,,,,9.53532791985413,30.2
Kazajstán,KAZ,2007,0.0,66.34,7.26,2.7,,,,,,,,7.66144313503145,30.1
Kazajstán,KAZ,2008,0.0,67.11,6.63,3.05,,,,,,,,1.38323631640472,28.5
Kazajstán,KAZ,2009,0.0,68.39,6.55,3.5,,,,,,,,-0.786442204419629,28.2
Kazajstán,KAZ,2010,0.0,68.45,5.77,2.74,,,,,,,,5.79422511419499,28.0
Kazajstán,KAZ,2011,0.0,68.69,5.39,2.6,,,,,,,,5.87350766292121,28.0
Kazajstán,KAZ,2012,0.0,69.52,5.29,3.04,,,,,,,,3.33405606579645,28.2
Kazajstán,KAZ,2013,0.0,70.62,5.2,2.66,,,,,,,,4.48511703230308,27.1
Kazajstán,KAZ,2014,0.0,71.44,5.06,2.97,,,,,,,,2.67672092960876,27.0
Kazajstán,KAZ,2015,0.0,71.97,4.93,3.04,,,,,,,,-0.268267117061384,26.8
Kazajstán,KAZ,2016,0.0,72.41,4.96,3.42,,,,,,,,-0.327514634284228,27.2
Kazajstán,KAZ,2017,0.0,72.95,4.9,3.05,,,,,,,,2.69343213630073,27.5
Kazajstán,KAZ,2018,0.0,73.15,4.85,2.82,,,,,,,,2.74053637300669,27.8
Kazajstán,KAZ,2019,0.0,73.18,4.8,2.79,,,,,,,,3.16101154086459,28.0
Kazajstán,KAZ,2020,0.0,71.37,4.89,3.75,,,,,,,,-3.75798345050126,28.7
Kazajstán,KAZ,2021,0.0,70.23,5.556,3.92,,,,,,,,1.93213881026735,29.2
Kazajstán,KAZ,2022,0.0,74.44,4.86,,,,,,,,,0.868329715100032,
Kazajstán,KAZ,2023,0.0,,4.847,,,,,,,,,3.69941499991806,
Kenya,KEN,2001,9.981023,54.508,2.868,3.76578307,0.464039,0.167697,0.121921,0.637405,3.711071,3.60563,1.27326,0.683718599881104,
Kenya,KEN,2002,9.983331,54.99,2.903,3.84691834,0.463741,0.167848,0.122065,0.637903,3.707975,3.607064,1.276735,-2.45753857083356,
Kenya,KEN,2003,9.983998000000001,55.601,2.86,4.05870771,0.463383,0.16805,0.122264,0.638498,3.702907,3.608639,1.280257,-0.0771126026028952,
Kenya,KEN,2004,9.982324,56.361,2.836,4.23645926,0.463256,0.168251,0.122548,0.639053,3.695774,3.610145,1.283297,2.0086928804449,
Kenya,KEN,2005,9.977304,57.344,2.739,4.24245214,0.463564,0.168395,0.122819,0.639419,3.68651,3.611289,1.285308,2.80072342013644,46.4
Kenya,KEN,2006,9.960873,58.222,2.678,5.11269999,0.464654,0.16852,0.123153,0.639683,3.669656,3.611942,1.283265,3.35188977379228,
Kenya,KEN,2007,9.930276,58.865,2.65,5.22106314,0.466784,0.168684,0.123635,0.639997,3.642446,3.612191,1.276539,3.72825674318634,
Kenya,KEN,2008,9.894473000000001,59.614,2.752,5.28900909,0.469507,0.168861,0.124222,0.640304,3.611467,3.612323,1.267789,-2.70944940440107,
Kenya,KEN,2009,9.862334,60.365,2.813,5.26973343,0.4721,0.16903,0.124891,0.640549,3.583207,3.612648,1.259909,0.293173946681733,
Kenya,KEN,2010,9.842354,60.649,2.793,5.38849831,0.474265,0.169163,0.12554,0.640659,3.563583,3.613346,1.255798,5.05639090011911,
Kenya,KEN,2011,9.833193999999999,61.046,2.706,5.20212841,0.476042,0.169296,0.126393,0.640705,3.55137,3.614927,1.254461,2.36641973489743,
Kenya,KEN,2012,9.826316000000002,61.115,2.686,5.0180583,0.477915,0.169472,0.127413,0.640791,3.540023,3.617582,1.25312,1.96040098727816,
Kenya,KEN,2013,9.821746000000001,61.389,2.764,4.93100405,0.479671,0.169687,0.128576,0.640907,3.529982,3.621163,1.25176,1.32629250659764,
Kenya,KEN,2014,9.820177000000001,61.816,2.768,4.91267347,0.4816,0.169936,0.129955,0.641046,3.521565,3.625599,1.250476,2.63818992950348,
Kenya,KEN,2015,9.821427,61.892,2.763,4.76439571,0.483446,0.170214,0.131502,0.641196,3.514888,3.630832,1.249349,2.68331742509996,40.8
Kenya,KEN,2016,9.826260000000001,62.163,2.757,4.75429106,0.485365,0.170516,0.133225,0.641343,3.510561,3.636768,1.248482,1.94366814420279,
Kenya,KEN,2017,9.833879,62.481,3.54,3.98597503,0.486994,0.170836,0.135005,0.641478,3.508419,3.643353,1.247794,1.60314661619574,
Kenya,KEN,2018,0.0,62.676,4.284,4.09903383,,,,,,,,3.52208443515578,
Kenya,KEN,2019,0.0,62.943,5.014,4.36874676,,,,,,,,3.05495784951917,
Kenya,KEN,2020,0.0,62.675,5.621,4.47622252,,,,,,,,-2.25697950274444,36.2
Kenya,KEN,2021,0.0,61.427,5.693,4.54763126,,,,,,,,5.52043630422037,38.7
Kenya,KEN,2022,0.0,62.055,5.805,,,,,,,,,2.86357121077884,
Kenya,KEN,2023,0.0,,5.682,,,,,,,,,3.372619514045,
Kirguistán,KGZ,2001,0.0,68.7073170731707,1.966,4.28,,,,,,,,4.3269964862336,30.2
Kirguistán,KGZ,2002,0.0,68.1560975609756,2.07,4.59,,,,,,,,-0.930865799171372,30.3
Kirguistán,KGZ,2003,0.0,68.2560975609756,2.165,5.82,,,,,,,,5.91400159812491,28.7
Kirguistán,KGZ,2004,0.0,68.1536585365854,2.26,6.2,,,,,,,,5.73947991123511,34.8
Kirguistán,KGZ,2005,0.0,67.9560975609756,2.358,7.45,,,,,,,,-1.29507486208975,32.6
Kirguistán,KGZ,2006,0.0,67.6951219512195,2.462,8.31,,,,,,,,2.00042638460988,37.4
Kirguistán,KGZ,2007,0.0,67.8951219512195,2.558,6.93,,,,,,,,7.51274347548727,33.9
Kirguistán,KGZ,2008,0.0,68.4512195121951,2.639,6.53,,,,,,,,7.3764404817943,31.5
Kirguistán,KGZ,2009,0.0,69.1024390243903,2.738,6.9,,,,,,,,1.65165139562336,29.9
Kirguistán,KGZ,2010,0.0,69.3,2.856,6.95,,,,,,,,-1.65175287000649,30.1
Kirguistán,KGZ,2011,0.0,69.6024390243903,2.962,7.11,,,,,,,,4.67471561713859,27.8
Kirguistán,KGZ,2012,0.0,70.0024390243902,3.07,8.51,,,,,,,,-1.73814258311803,27.4
Kirguistán,KGZ,2013,0.0,70.2024390243902,3.146,8.19,,,,,,,,8.73578927123673,28.8
Kirguistán,KGZ,2014,0.0,70.4024390243902,3.253,7.36,,,,,,,,1.95799697590773,26.8
Kirguistán,KGZ,2015,0.0,70.6512195121951,3.346,7.15,,,,,,,,1.75886440682626,29.0
Kirguistán,KGZ,2016,0.0,70.9512195121951,3.466,6.41,,,,,,,,2.23180527036317,26.8
Kirguistán,KGZ,2017,0.0,71.2,3.568,6.19,,,,,,,,2.73409188989761,27.3
Kirguistán,KGZ,2018,0.0,71.4,3.673,5.01,,,,,,,,1.71320911657813,27.7
Kirguistán,KGZ,2019,0.0,71.6,4.252,4.49,,,,,,,,2.43933519788111,29.7
Kirguistán,KGZ,2020,0.0,71.8,4.63,5.26,,,,,,,,-8.89454688284506,29.0
Kirguistán,KGZ,2021,0.0,71.9,4.096,5.44,,,,,,,,2.49292223743613,28.8
Kirguistán,KGZ,2022,0.0,72.0487804878049,4.055,,,,,,,,,5.8195099176309,26.4
Kirguistán,KGZ,2023,0.0,,4.038,,,,,,,,,4.26928556289565,
Camboya,KHM,2001,0.0,59.966,0.775,7.00522089,,,,,,,,6.22570110056957,
Camboya,KHM,2002,0.0,61.226,0.853,7.22556973,,,,,,,,4.68194184053755,
Camboya,KHM,2003,0.0,62.523,0.909,6.93705606,,,,,,,,6.58883257641469,
Camboya,KHM,2004,0.0,63.552,1.005,7.07894278,,,,,,,,8.402156269202,
Camboya,KHM,2005,0.0,64.293,1.067,6.84559298,,,,,,,,11.2819167831565,
Camboya,KHM,2006,0.0,65.059,1.154,6.11889315,,,,,,,,8.87093146624569,
Camboya,KHM,2007,0.0,65.731,1.257,4.90875959,,,,,,,,8.30793660945881,
Camboya,KHM,2008,0.0,66.47,0.825,6.60109425,,,,,,,,4.93864312065494,
Camboya,KHM,2009,0.0,67.444,0.579,7.58330584,,,,,,,,-1.41118071609164,
Camboya,KHM,2010,0.0,67.712,0.771,6.91169977,,,,,,,,4.4301492054347,
Camboya,KHM,2011,0.0,68.416,0.577,7.50353098,,,,,,,,5.5241752044689,
Camboya,KHM,2012,0.0,68.915,0.496,7.26115417,,,,,,,,5.76928608288576,
Camboya,KHM,2013,0.0,69.304,0.438,7.10386753,,,,,,,,5.83186052352637,
Camboya,KHM,2014,0.0,69.736,0.692,6.70157766,,,,,,,,5.65537684850707,
Camboya,KHM,2015,0.0,69.873,0.393,6.19431591,,,,,,,,5.53168468410459,
Camboya,KHM,2016,0.0,70.224,0.716,6.11648464,,,,,,,,5.51620623139529,
Camboya,KHM,2017,0.0,70.515,0.141,5.65125847,,,,,,,,5.60387545950492,
Camboya,KHM,2018,0.0,70.561,0.13,6.06630135,,,,,,,,6.16447598598624,
Camboya,KHM,2019,0.0,70.692,0.12,6.84972715,,,,,,,,5.84861969425387,
Camboya,KHM,2020,0.0,70.416,0.172,7.11156559,,,,,,,,-4.21365375538406,
Camboya,KHM,2021,0.0,69.584,0.396,7.53223085,,,,,,,,1.8329580171935,
Camboya,KHM,2022,0.0,69.896,0.247,,,,,,,,,4.11749069468274,
Camboya,KHM,2023,0.0,,0.239,,,,,,,,,4.29912628192439,
Kiribati,KIR,2001,8.930526,64.655,,12.3,0.701951,0.20835,0.093072,0.423189,3.219787,3.263333,1.020844,-4.99814761338438,
Kiribati,KIR,2002,8.922559999999999,64.84,,11.87,0.702028,0.208395,0.09306,0.423266,3.212477,3.263621,1.019713,-0.41654247391952,
Kiribati,KIR,2003,8.915235000000001,64.954,,10.7,0.703023,0.208436,0.093228,0.423346,3.20473,3.263718,1.018754,-3.59729653734297,
Kiribati,KIR,2004,8.908662,64.989,,12.43,0.703555,0.208468,0.093131,0.42342,3.197928,3.263898,1.018262,-2.53295588980902,
Kiribati,KIR,2005,8.906684,64.967,,11.52,0.70447,0.20849,0.093178,0.423489,3.194086,3.264446,1.018525,-0.899100899100915,
Kiribati,KIR,2006,8.911653999999999,64.906,,11.54,0.704805,0.208489,0.093035,0.42355,3.194032,3.265678,1.022065,3.94622463355414,37.0
Kiribati,KIR,2007,8.919937000000001,64.844,,11.36,0.706558,0.208465,0.093144,0.423611,3.190781,3.267767,1.029611,1.14166642784852,
Kiribati,KIR,2008,8.931673,64.834,,14.08,0.708019,0.208426,0.092406,0.423659,3.190502,3.270157,1.038504,-4.82149589087821,
Kiribati,KIR,2009,8.942551,64.892,,13.49,0.709154,0.208388,0.091979,0.423703,3.190751,3.272447,1.046129,-1.41216746447132,
Kiribati,KIR,2010,8.95023,65.016,,9.34,0.71083,0.208367,0.092101,0.423743,3.19109,3.274217,1.049882,-0.849491331325808,
Kiribati,KIR,2011,8.952409,65.19,,8.67,0.711923,0.208352,0.091957,0.423782,3.190087,3.275543,1.050765,1.76753196976915,
Kiribati,KIR,2012,8.954194,65.378,,8.69,0.713237,0.208329,0.092017,0.423826,3.188206,3.277054,1.051525,4.19687968851949,
Kiribati,KIR,2013,8.955079,65.588,,9.53,0.71445,0.208295,0.092163,0.423866,3.185641,3.278587,1.052077,5.7689885514306,
Kiribati,KIR,2014,8.956817,65.815,,10.09,0.716797,0.208252,0.09222,0.423904,3.183151,3.280142,1.052351,-0.18703316592331,
Kiribati,KIR,2015,8.956559,66.059,,8.11,0.717381,0.208208,0.092558,0.42395,3.180351,3.281799,1.052312,9.79638201592196,
Kiribati,KIR,2016,8.956622,66.332,,10.47,0.719805,0.208158,0.092951,0.423995,3.17669,3.283057,1.051966,5.59036070516274,
Kiribati,KIR,2017,8.954854000000001,66.597,,11.46,0.720942,0.208108,0.093614,0.424041,3.172754,3.284168,1.051227,1.95542501161682,
Kiribati,KIR,2018,0.0,66.855,,12.97,,,,,,,,1.81823009902575,
Kiribati,KIR,2019,0.0,67.15,,12.59,,,,,,,,1.66481071743121,27.8
Kiribati,KIR,2020,0.0,67.266,,16.99,,,,,,,,-2.38679824665448,
Kiribati,KIR,2021,0.0,67.417,,14.81,,,,,,,,6.67591551037347,
Kiribati,KIR,2022,0.0,67.661,,,,,,,,,,1.99143546808081,
Kiribati,KIR,2023,0.0,,,,,,,,,,,2.50251175630348,
Saint Kitts y Nevis,KNA,2001,0.0,70.2,,4.39693737,,,,,,,,4.05182191811811,
Saint Kitts y Nevis,KNA,2002,0.0,70.452,,4.45210552,,,,,,,,0.758597296508199,
Saint Kitts y Nevis,KNA,2003,0.0,70.768,,4.75159693,,,,,,,,-4.27892097560421,
Saint Kitts y Nevis,KNA,2004,0.0,71.303,,4.49067402,,,,,,,,3.66368337974879,
Saint Kitts y Nevis,KNA,2005,0.0,71.362,,4.72803831,,,,,,,,9.39229081529838,
Saint Kitts y Nevis,KNA,2006,0.0,71.288,,4.98203421,,,,,,,,2.8224935263718,
Saint Kitts y Nevis,KNA,2007,0.0,71.367,,4.79733467,,,,,,,,0.298896808559206,
Saint Kitts y Nevis,KNA,2008,0.0,71.374,,5.30566025,,,,,,,,10.8460957764235,
Saint Kitts y Nevis,KNA,2009,0.0,71.393,,5.28673744,,,,,,,,-3.64493844021739,
Saint Kitts y Nevis,KNA,2010,0.0,71.27,,5.2136941,,,,,,,,-0.20295071300049,
Saint Kitts y Nevis,KNA,2011,0.0,71.538,,5.1628871,,,,,,,,1.23646068898806,
Saint Kitts y Nevis,KNA,2012,0.0,71.669,,5.00998354,,,,,,,,-0.830060524085269,
Saint Kitts y Nevis,KNA,2013,0.0,71.457,,5.04429483,,,,,,,,5.62130176224871,
Saint Kitts y Nevis,KNA,2014,0.0,70.966,,4.74668789,,,,,,,,7.31613522165497,
Saint Kitts y Nevis,KNA,2015,0.0,70.763,,5.11798382,,,,,,,,0.692028515206047,
Saint Kitts y Nevis,KNA,2016,0.0,71.74,,5.42126036,,,,,,,,3.93705293338709,
Saint Kitts y Nevis,KNA,2017,0.0,71.84,,5.26021719,,,,,,,,0.227233139001186,
Saint Kitts y Nevis,KNA,2018,0.0,71.467,,4.89200258,,,,,,,,2.05478247780397,
Saint Kitts y Nevis,KNA,2019,0.0,71.572,,5.18704271,,,,,,,,2.93687460752838,
Saint Kitts y Nevis,KNA,2020,0.0,71.627,,5.65951824,,,,,,,,-15.2300827490454,
Saint Kitts y Nevis,KNA,2021,0.0,71.682,,6.1634655,,,,,,,,0.555661813058038,
Saint Kitts y Nevis,KNA,2022,0.0,72.027,,,,,,,,,,10.4045735701569,
Saint Kitts y Nevis,KNA,2023,0.0,,,,,,,,,,,3.21889697095578,
Kuwait,KWT,2001,11.808025,76.891,0.8,3.18838811,1.480659,0.212357,0.305353,0.853897,3.550267,4.733098,0.672394,-2.64326520524885,
Kuwait,KWT,2002,11.806924000000002,76.982,1.1,3.12468719,1.47285,0.212815,0.307055,0.854005,3.553949,4.733334,0.672916,0.212209153976602,
Kuwait,KWT,2003,11.801563,76.985,1.3,2.76216865,1.460714,0.213307,0.309015,0.854129,3.555692,4.735394,0.673312,14.3032998554769,
Kuwait,KWT,2004,11.802624,76.792,1.7,2.35702467,1.449638,0.213742,0.311192,0.854412,3.558908,4.741176,0.673556,7.57961078459044,
Kuwait,KWT,2005,11.814599,76.903,1.457,2.01313829,1.442962,0.214008,0.314031,0.854878,3.564094,4.751031,0.673595,6.55549661570576,
Kuwait,KWT,2006,11.842308,76.887,1.3,1.8213098,1.453696,0.214188,0.317796,0.855565,3.562302,4.763917,0.674844,1.69160145749467,
Kuwait,KWT,2007,11.888188000000001,77.017,1.5,1.92673647,1.482622,0.214395,0.323515,0.856458,3.553385,4.779988,0.677825,-0.0699930923370005,
Kuwait,KWT,2008,11.945572999999998,77.145,1.75,1.92400301,1.52157,0.214605,0.328878,0.857499,3.54323,4.798497,0.681294,-3.09322470540177,
Kuwait,KWT,2009,12.002541,77.442,1.64,2.70638776,1.555646,0.214773,0.333687,0.85856,3.537446,4.818476,0.683953,-11.8832180694053,
Kuwait,KWT,2010,12.049072,77.982,1.82,2.67879915,1.574598,0.214856,0.337002,0.859558,3.539318,4.83924,0.6845,-7.27318937731187,
Kuwait,KWT,2011,12.085925,78.464,2.056,2.33303547,1.580541,0.214887,0.339605,0.860492,3.547218,4.859588,0.683594,2.63794966893404,
Kuwait,KWT,2012,12.124469000000001,78.812,2.234,2.33311439,1.585977,0.214907,0.341426,0.86137,3.558861,4.879221,0.682707,-1.25256084889372,
Kuwait,KWT,2013,12.163743,79.164,2.476,2.48789287,1.592436,0.214925,0.343039,0.862206,3.571217,4.898053,0.681867,-5.83688593391308,
Kuwait,KWT,2014,12.196855000000001,79.445,2.9,2.9159987,1.594713,0.214931,0.344546,0.862972,3.582742,4.915922,0.681029,-2.57338287428911,
Kuwait,KWT,2015,12.234503,79.562,2.2,4.21497965,1.597621,0.21492,0.345496,0.863718,3.598983,4.933717,0.680048,-3.1944129440564,
Kuwait,KWT,2016,12.269285,79.701,2.16,4.73096323,1.597242,0.214902,0.346072,0.864476,3.616657,4.951041,0.678895,-0.616815085630051,
Kuwait,KWT,2017,12.301490999999999,79.781,2.223,4.65326786,1.594543,0.214851,0.34658,0.865134,3.635679,4.967279,0.677425,-6.48678910814398,
Kuwait,KWT,2018,0.0,79.722,2.198,5.18862629,,,,,,,,-2.12827815762768,
Kuwait,KWT,2019,0.0,79.685,2.239,5.35958719,,,,,,,,-1.4472688575659,
Kuwait,KWT,2020,0.0,76.92,3.535,6.34761143,,,,,,,,-3.52185532178706,
Kuwait,KWT,2021,0.0,78.673,2.997,5.78120756,,,,,,,,4.3376243562723,
Kuwait,KWT,2022,0.0,80.264,2.124,,,,,,,,,5.67184221669513,
Kuwait,KWT,2023,0.0,,2.076,,,,,,,,,-3.16546262207557,
América Latina y el Caribe (excluido altos ingresos),LAC,2001,0.0,71.2545331983992,8.7686042943478,6.50790527713032,,,,,,,,-1.2359757586147,
América Latina y el Caribe (excluido altos ingresos),LAC,2002,0.0,71.536991087633,8.9804885967251,6.35890085976509,,,,,,,,-0.995365745288012,
América Latina y el Caribe (excluido altos ingresos),LAC,2003,0.0,71.7801804724459,8.8076093921897,6.60084872617021,,,,,,,,1.07675769925389,
América Latina y el Caribe (excluido altos ingresos),LAC,2004,0.0,72.0916928771391,8.35451759271503,6.70267687602501,,,,,,,,3.94656837717848,
América Latina y el Caribe (excluido altos ingresos),LAC,2005,0.0,72.4728546164505,8.03573147612894,6.78946144994724,,,,,,,,2.70825357294714,
América Latina y el Caribe (excluido altos ingresos),LAC,2006,0.0,72.6961768131639,7.47788902648677,6.85975737163182,,,,,,,,4.0013369817959,
América Latina y el Caribe (excluido altos ingresos),LAC,2007,0.0,72.8462796849588,7.15283215437357,7.02255922564747,,,,,,,,4.12246384658985,
América Latina y el Caribe (excluido altos ingresos),LAC,2008,0.0,73.1039404243174,6.76058047405262,7.04996122432145,,,,,,,,2.58380045554827,
América Latina y el Caribe (excluido altos ingresos),LAC,2009,0.0,73.3086812332153,7.75832323142751,7.6025363392131,,,,,,,,-3.47172918540349,
América Latina y el Caribe (excluido altos ingresos),LAC,2010,0.0,73.1797089352899,7.13714756692289,7.30445111816594,,,,,,,,5.56202020919245,
América Latina y el Caribe (excluido altos ingresos),LAC,2011,0.0,73.6943063216088,6.64603888277087,7.20773096906265,,,,,,,,3.24709299503216,
América Latina y el Caribe (excluido altos ingresos),LAC,2012,0.0,73.9376344556933,6.37711751241362,7.21013114858363,,,,,,,,1.22955973087346,
América Latina y el Caribe (excluido altos ingresos),LAC,2013,0.0,74.1910639437346,6.29558855939961,7.35268678149682,,,,,,,,1.65578591218882,
América Latina y el Caribe (excluido altos ingresos),LAC,2014,0.0,74.4284919240565,6.09934747981062,7.48889031272391,,,,,,,,0.227977043270982,
América Latina y el Caribe (excluido altos ingresos),LAC,2015,0.0,74.4722652708847,6.70202119320166,7.84618678006918,,,,,,,,-0.745432566365281,
América Latina y el Caribe (excluido altos ingresos),LAC,2016,0.0,74.4717518016338,7.90667470796857,7.87012312392698,,,,,,,,-1.50902825318482,
América Latina y el Caribe (excluido altos ingresos),LAC,2017,0.0,74.6428227846937,8.2319443020928,8.05198608417777,,,,,,,,0.943726327122633,
América Latina y el Caribe (excluido altos ingresos),LAC,2018,0.0,74.7719810774371,8.09059653566877,7.89788035714924,,,,,,,,0.466356053314129,
América Latina y el Caribe (excluido altos ingresos),LAC,2019,0.0,74.9619968743059,8.12851324619014,7.89229796147617,,,,,,,,-0.385078408186018,
América Latina y el Caribe (excluido altos ingresos),LAC,2020,0.0,72.8363033190349,10.2733823272858,8.51146592557256,,,,,,,,-7.38657629883888,
América Latina y el Caribe (excluido altos ingresos),LAC,2021,0.0,71.907356144081,9.23885173523541,8.21407321365614,,,,,,,,6.00461811245674,
América Latina y el Caribe (excluido altos ingresos),LAC,2022,0.0,73.6124458798336,6.88776049465308,,,,,,,,,3.16430529916238,
América Latina y el Caribe (excluido altos ingresos),LAC,2023,0.0,,6.13213708847925,,,,,,,,,1.43229731699346,
República Democrática Popular Lao,LAO,2001,0.0,59.07,1.891,4.29031658,,,,,,,,4.04906961414326,
República Democrática Popular Lao,LAO,2002,0.0,59.534,1.785,3.69751263,,,,,,,,4.2864605796713,32.6
República Democrática Popular Lao,LAO,2003,0.0,60.031,1.646,4.47920704,,,,,,,,4.52022040182922,
República Democrática Popular Lao,LAO,2004,0.0,60.293,1.503,3.54057336,,,,,,,,4.89915476379146,
República Democrática Popular Lao,LAO,2005,0.0,60.98,1.35,3.33673191,,,,,,,,5.55569929645827,
República Democrática Popular Lao,LAO,2006,0.0,61.493,1.198,2.93200922,,,,,,,,6.90916740717886,
República Democrática Popular Lao,LAO,2007,0.0,62.084,1.066,3.15345573,,,,,,,,5.90923564865685,35.4
República Democrática Popular Lao,LAO,2008,0.0,62.603,0.941,2.76727295,,,,,,,,6.16403478821969,
República Democrática Popular Lao,LAO,2009,0.0,63.273,0.833,3.46300411,,,,,,,,5.8785488945952,
República Democrática Popular Lao,LAO,2010,0.0,63.973,0.708,2.91155219,,,,,,,,6.92239932422594,
República Democrática Popular Lao,LAO,2011,0.0,64.736,1.055,1.94457507,,,,,,,,6.47424313847478,
República Democrática Popular Lao,LAO,2012,0.0,65.355,1.398,2.07637572,,,,,,,,6.49128143694995,36.0
República Democrática Popular Lao,LAO,2013,0.0,65.718,1.755,2.39984965,,,,,,,,6.52164665674471,
República Democrática Popular Lao,LAO,2014,0.0,66.361,2.117,2.29845548,,,,,,,,6.15313305292202,
República Democrática Popular Lao,LAO,2015,0.0,66.67,2.491,2.45366454,,,,,,,,5.75341100502902,
República Democrática Popular Lao,LAO,2016,0.0,67.167,2.88,2.36087489,,,,,,,,5.40858640462754,
República Democrática Popular Lao,LAO,2017,0.0,67.434,3.269,2.52606821,,,,,,,,5.26492843977357,
República Democrática Popular Lao,LAO,2018,0.0,67.634,2.896,2.24630332,,,,,,,,4.64655561898404,38.8
República Democrática Popular Lao,LAO,2019,0.0,68.138,2.528,2.60312223,,,,,,,,3.89244790332448,
República Democrática Popular Lao,LAO,2020,0.0,68.497,2.314,2.05965185,,,,,,,,-0.970941437736954,
República Democrática Popular Lao,LAO,2021,0.0,68.061,1.997,2.74392009,,,,,,,,1.06938031810783,
República Democrática Popular Lao,LAO,2022,0.0,68.999,1.209,,,,,,,,,1.28309029275829,
República Democrática Popular Lao,LAO,2023,0.0,,1.181,,,,,,,,,2.32815417779044,
Líbano,LBN,2001,0.0,74.365,8.456,10.56254768,,,,,,,,2.2177244929473,
Líbano,LBN,2002,0.0,75.064,8.225,9.28233719,,,,,,,,2.08657210300464,
Líbano,LBN,2003,0.0,75.593,8.048,8.67109871,,,,,,,,1.89480440571353,
Líbano,LBN,2004,0.0,75.976,7.85,7.99923086,,,,,,,,5.04735157956095,
Líbano,LBN,2005,0.0,76.273,8.247,7.54867649,,,,,,,,1.17642545080292,
Líbano,LBN,2006,0.0,76.08,8.669,8.66057873,,,,,,,,-0.103294008572362,
Líbano,LBN,2007,0.0,77.08,8.98,8.55984211,,,,,,,,7.27096097644517,
Líbano,LBN,2008,0.0,77.584,7.665,7.81751728,,,,,,,,7.32841406843663,
Líbano,LBN,2009,0.0,77.889,6.355,7.0073576,,,,,,,,8.8179006672128,
Líbano,LBN,2010,0.0,78.156,6.77,7.43864489,,,,,,,,7.00978277616858,
Líbano,LBN,2011,0.0,78.404,7.333,8.17744446,,,,,,,,-0.117450318633956,31.8
Líbano,LBN,2012,0.0,78.628,7.91,7.00420094,,,,,,,,-0.075040322313356,
Líbano,LBN,2013,0.0,78.765,8.423,7.06795645,,,,,,,,-5.32315093860919,
Líbano,LBN,2014,0.0,78.973,8.796,7.52279758,,,,,,,,-7.24259098222865,
Líbano,LBN,2015,0.0,79.229,9.27,7.41596651,,,,,,,,-1.49384761124993,
Líbano,LBN,2016,0.0,79.505,9.76,7.92386055,,,,,,,,3.83144722381587,
Líbano,LBN,2017,0.0,79.654,10.236,7.80396605,,,,,,,,3.37003795273026,
Líbano,LBN,2018,0.0,79.729,10.741,8.07092381,,,,,,,,0.727150841891671,
Líbano,LBN,2019,0.0,79.236,11.301,8.6936779,,,,,,,,-4.19522551235833,
Líbano,LBN,2020,0.0,77.804,13.235,7.57650805,,,,,,,,-19.7484284750453,
Líbano,LBN,2021,0.0,75.047,12.621,10.06154442,,,,,,,,-5.83236677671033,
Líbano,LBN,2022,0.0,74.416,11.599,,,,,,,,,1.2409294716236,
Líbano,LBN,2023,0.0,,11.565,,,,,,,,,,
Liberia,LBR,2001,8.683847,52.752,2.125,2.27906799,0.487206,0.157222,0.078043,0.627764,3.537049,2.866061,0.930502,-0.0629015939364166,
Liberia,LBR,2002,8.756845,53.788,2.211,2.28035998,0.490305,0.157685,0.079435,0.627927,3.604055,2.86669,0.930748,1.086353995311,
Liberia,LBR,2003,8.84207,53.042,2.406,2.66176748,0.494938,0.158248,0.081327,0.628115,3.680998,2.867261,0.931183,-30.7015402643569,
Liberia,LBR,2004,8.913656,56.013,2.412,6.3381567,0.498026,0.158755,0.083012,0.628287,3.746194,2.867578,0.931804,1.39482940907915,
Liberia,LBR,2005,8.947051,56.912,2.403,7.14322186,0.499966,0.159036,0.083809,0.628385,3.775619,2.867731,0.932505,0.643907292713905,
Liberia,LBR,2006,8.949578,57.62,2.274,6.06891537,0.500432,0.159139,0.084537,0.628447,3.775176,2.867665,0.934182,2.13175734411951,
Liberia,LBR,2007,8.951577,58.285,2.223,4.32794046,0.501109,0.159223,0.084403,0.62853,3.773701,2.867319,0.937292,4.18798534518623,36.4
Liberia,LBR,2008,8.951178,58.772,2.211,5.99615717,0.501514,0.159301,0.084794,0.628641,3.769009,2.866956,0.940963,2.86576686585715,
Liberia,LBR,2009,8.952583,59.194,2.236,11.57163811,0.50285,0.15938,0.085117,0.62875,3.765529,2.866867,0.94409,2.03293524410464,
Liberia,LBR,2010,8.955817,59.433,2.266,10.35444641,0.503278,0.159472,0.085403,0.628841,3.765963,2.867113,0.945747,3.06750127385169,
Liberia,LBR,2011,8.962218,59.62,2.208,9.71052551,0.505007,0.159605,0.085829,0.628958,3.76837,2.868031,0.946418,4.02935255386198,
Liberia,LBR,2012,8.969635,59.913,2.138,8.15444565,0.506037,0.159791,0.086498,0.629121,3.771549,2.869489,0.94715,4.23948281037801,
Liberia,LBR,2013,8.976779,59.943,2.072,7.09007835,0.507381,0.160034,0.087465,0.629319,3.773608,2.87105,0.947922,6.34104074543606,
Liberia,LBR,2014,8.988805999999999,59.121,2.079,8.77403069,0.509358,0.160325,0.088483,0.629546,3.779556,2.872915,0.948623,-1.35044826965598,33.2
Liberia,LBR,2015,9.002181,59.148,2.553,10.46927643,0.510904,0.160661,0.089465,0.629811,3.786835,2.875233,0.949272,-2.03302983943588,
Liberia,LBR,2016,9.016972,60.416,3.081,9.90062618,0.513762,0.161041,0.090387,0.630127,3.793659,2.878097,0.949899,-3.51645550978633,35.3
Liberia,LBR,2017,9.033664,60.553,3.066,10.47271252,0.515267,0.161454,0.091591,0.630479,3.803038,2.881373,0.950462,0.521366331956784,
Liberia,LBR,2018,0.0,60.853,3.057,10.35222721,,,,,,,,-0.761554820351506,
Liberia,LBR,2019,0.0,61.104,3.072,8.42100334,,,,,,,,-4.34345588640666,
Liberia,LBR,2020,0.0,60.948,4.092,16.96832657,,,,,,,,-4.93320227308388,
Liberia,LBR,2021,0.0,60.747,3.792,16.6163311,,,,,,,,2.84728210314857,
Liberia,LBR,2022,0.0,61.1,2.99,,,,,,,,,2.64846977116963,
Liberia,LBR,2023,0.0,,2.939,,,,,,,,,2.47518118307937,
Libia,LBY,2001,0.0,70.861,19.186,3.92571616,,,,,,,,-4.01819592690906,
Libia,LBY,2002,0.0,71.004,19.198,4.73818302,,,,,,,,-3.33006034802317,
Libia,LBY,2003,0.0,71.132,19.002,3.97301245,,,,,,,,10.216145074615,
Libia,LBY,2004,0.0,71.49,18.873,3.38328195,,,,,,,,1.79990326773071,
Libia,LBY,2005,0.0,71.592,18.613,2.51707149,,,,,,,,8.98826677214268,
Libia,LBY,2006,0.0,71.724,18.744,2.29996443,,,,,,,,4.0867517798125,
Libia,LBY,2007,0.0,71.863,18.708,2.41929626,,,,,,,,4.07289898950719,
Libia,LBY,2008,0.0,72.269,18.953,2.24441886,,,,,,,,-2.26501264287465,
Libia,LBY,2009,0.0,72.356,19.18,3.5828805,,,,,,,,-6.38157880602205,
Libia,LBY,2010,0.0,72.374,19.208,3.28064442,,,,,,,,2.89503853066677,
Libia,LBY,2011,0.0,70.071,19.43,4.01902008,,,,,,,,-47.8999860082092,
Libia,LBY,2012,0.0,72.247,19.03,,,,,,,,,96.9564198994024,
Libia,LBY,2013,0.0,72.34,19.316,,,,,,,,,-19.5783572081482,
Libia,LBY,2014,0.0,71.511,19.298,,,,,,,,,-24.4631614706626,
Libia,LBY,2015,0.0,71.698,19.649,,,,,,,,,-2.35543692358982,
Libia,LBY,2016,0.0,71.756,19.5,,,,,,,,,-2.90159010786198,
Libia,LBY,2017,0.0,72.482,19.015,,,,,,,,,30.4963013785997,
Libia,LBY,2018,0.0,72.794,18.836,,,,,,,,,6.28283689566369,
Libia,LBY,2019,0.0,72.463,19.037,,,,,,,,,-7.30123716778905,
Libia,LBY,2020,0.0,72.472,19.535,,,,,,,,,-58.8497747099143,
Libia,LBY,2021,0.0,71.911,19.595,,,,,,,,,150.43147128152,
Libia,LBY,2022,0.0,72.151,19.319,,,,,,,,,0.189791959222589,
Libia,LBY,2023,0.0,,18.743,,,,,,,,,-2.75811308314613,
Santa Lucía,LCA,2001,0.0,71.135,18.556,5.12139463,,,,,,,,-4.06606848277083,
Santa Lucía,LCA,2002,0.0,71.472,20.39,5.38887024,,,,,,,,-0.331402230670264,
Santa Lucía,LCA,2003,0.0,71.771,22.18,5.24069643,,,,,,,,3.46654568343456,
Santa Lucía,LCA,2004,0.0,72.028,20.97,4.76760817,,,,,,,,6.48889249215026,
Santa Lucía,LCA,2005,0.0,72.245,18.7,4.86039829,,,,,,,,-1.10098822113831,
Santa Lucía,LCA,2006,0.0,72.465,16.0,5.1270175,,,,,,,,5.50374735626366,
Santa Lucía,LCA,2007,0.0,72.599,14.0,5.54166603,,,,,,,,1.05543132123256,
Santa Lucía,LCA,2008,0.0,72.698,12.72,5.09061956,,,,,,,,4.29064939725656,
Santa Lucía,LCA,2009,0.0,72.722,15.37,5.24410772,,,,,,,,-3.4656815464575,
Santa Lucía,LCA,2010,0.0,72.72,17.116,5.05308437,,,,,,,,-0.40190606344062,
Santa Lucía,LCA,2011,0.0,72.944,18.86,5.07998085,,,,,,,,3.59363309086885,
Santa Lucía,LCA,2012,0.0,72.882,19.06,4.9241581,,,,,,,,-0.673631773426123,
Santa Lucía,LCA,2013,0.0,72.735,22.21,5.04967594,,,,,,,,-2.48604903882561,
Santa Lucía,LCA,2014,0.0,72.864,21.592,4.62420511,,,,,,,,1.0409585846688,
Santa Lucía,LCA,2015,0.0,73.138,20.851,4.51419878,,,,,,,,-0.364700301425827,43.7
Santa Lucía,LCA,2016,0.0,73.112,19.928,4.44803333,,,,,,,,2.96470214555961,
Santa Lucía,LCA,2017,0.0,73.127,19.136,4.37286377,,,,,,,,2.94198232427927,
Santa Lucía,LCA,2018,0.0,73.357,19.329,4.18686533,,,,,,,,2.46745385761982,
Santa Lucía,LCA,2019,0.0,73.445,15.613,4.19073772,,,,,,,,-1.04058973407322,
Santa Lucía,LCA,2020,0.0,73.416,25.225,6.79121685,,,,,,,,-24.7798683597695,
Santa Lucía,LCA,2021,0.0,71.111,20.514,6.2111187,,,,,,,,11.9712797516852,
Santa Lucía,LCA,2022,0.0,71.294,15.934,,,,,,,,,17.9401418481349,
Santa Lucía,LCA,2023,0.0,,11.092,,,,,,,,,2.96445306028812,
América Latina y el Caribe,LCN,2001,0.0,71.487118219397,9.06795698325535,6.54088655124856,,,,,,,,-0.954117755091303,
América Latina y el Caribe,LCN,2002,0.0,71.8368420199417,9.41019163408072,6.39844234932108,,,,,,,,-0.894301433444738,
América Latina y el Caribe,LCN,2003,0.0,72.0215493356834,9.26850043338875,6.61994751671901,,,,,,,,1.12643320476545,
América Latina y el Caribe,LCN,2004,0.0,72.343865150839,8.75159795438444,6.69946939304162,,,,,,,,4.10875561684153,
América Latina y el Caribe,LCN,2005,0.0,72.7146392232256,8.23226437250446,6.75945266591089,,,,,,,,2.65457281662238,
América Latina y el Caribe,LCN,2006,0.0,72.9242126806451,7.60713293287802,6.7977140341018,,,,,,,,3.88221067530318,
América Latina y el Caribe,LCN,2007,0.0,73.0656853232916,7.22193792427767,6.96190341487848,,,,,,,,3.97343822732326,
América Latina y el Caribe,LCN,2008,0.0,73.2878272128666,6.83609230139127,7.01271253056199,,,,,,,,2.48718874619375,
América Latina y el Caribe,LCN,2009,0.0,73.4919570166808,7.80924903303046,7.56602392549144,,,,,,,,-3.34425887875595,
América Latina y el Caribe,LCN,2010,0.0,73.385642956432,7.21629083637577,7.27139998813255,,,,,,,,5.28015554782738,
América Latina y el Caribe,LCN,2011,0.0,73.8715444402344,6.71288079069322,7.17817951464741,,,,,,,,3.23219726962323,
América Latina y el Caribe,LCN,2012,0.0,74.0973427016933,6.42772390297211,7.18739488526658,,,,,,,,1.43738943425724,
América Latina y el Caribe,LCN,2013,0.0,74.346485387839,6.38292409912996,7.34306332083972,,,,,,,,1.66235882654,
América Latina y el Caribe,LCN,2014,0.0,74.5506477009282,6.18450632911304,7.48724925354837,,,,,,,,0.281315930555849,
América Latina y el Caribe,LCN,2015,0.0,74.6119695820582,6.6871667035049,7.84510251064546,,,,,,,,-0.61714260860245,
América Latina y el Caribe,LCN,2016,0.0,74.579229732785,7.75391609010849,7.8906866042927,,,,,,,,-1.33155825250837,
América Latina y el Caribe,LCN,2017,0.0,74.7334925844235,8.04964446167378,8.09104476417298,,,,,,,,0.904721333268753,
América Latina y el Caribe,LCN,2018,0.0,74.8514979250988,7.95304389320945,7.96831789923624,,,,,,,,0.645746709993873,
América Latina y el Caribe,LCN,2019,0.0,75.0383482586595,8.01658034651881,7.97904877323358,,,,,,,,-0.165865994052879,
América Latina y el Caribe,LCN,2020,0.0,73.0384695124212,10.2126842763956,8.60494491708419,,,,,,,,-7.40106237121746,
América Latina y el Caribe,LCN,2021,0.0,72.1484550673245,9.16755715897365,8.30315182560364,,,,,,,,6.2705550775612,
América Latina y el Caribe,LCN,2022,0.0,73.7525685276011,6.90545810417572,,,,,,,,,3.30526468829622,
América Latina y el Caribe,LCN,2023,0.0,,6.22089586370748,,,,,,,,,1.40736070186833,
Países menos desarrollados: clasificación de las Naciones Unidas,LDC,2001,0.0,56.2672144694918,4.68362793082364,3.45705275329828,,,,,,,,2.39897602957714,
Países menos desarrollados: clasificación de las Naciones Unidas,LDC,2002,0.0,56.7416950115795,4.77627421902021,3.67237016511916,,,,,,,,2.61165039428583,
Países menos desarrollados: clasificación de las Naciones Unidas,LDC,2003,0.0,57.3243001674602,4.85418897524898,3.88388985026287,,,,,,,,2.31502849657217,
Países menos desarrollados: clasificación de las Naciones Unidas,LDC,2004,0.0,57.8039970952578,4.81366658501251,4.08971819572726,,,,,,,,3.78978478700893,
Países menos desarrollados: clasificación de las Naciones Unidas,LDC,2005,0.0,58.3401167947529,4.762393259106,4.04294797943179,,,,,,,,4.82982240354708,
Países menos desarrollados: clasificación de las Naciones Unidas,LDC,2006,0.0,58.9385541914814,4.65137213589697,4.20033818015671,,,,,,,,4.31672473734433,
Países menos desarrollados: clasificación de las Naciones Unidas,LDC,2007,0.0,59.3677791564092,4.72004908520036,4.25531925904111,,,,,,,,4.79472033222117,
Países menos desarrollados: clasificación de las Naciones Unidas,LDC,2008,0.0,59.5070406180055,4.77572055686933,4.14154993608595,,,,,,,,4.02034514593038,
Países menos desarrollados: clasificación de las Naciones Unidas,LDC,2009,0.0,60.4993887916016,4.88729803254104,4.44437967848438,,,,,,,,1.84486522012055,
Países menos desarrollados: clasificación de las Naciones Unidas,LDC,2010,0.0,60.9600560994841,4.77488788034791,4.11426198289649,,,,,,,,3.74194840446836,
Países menos desarrollados: clasificación de las Naciones Unidas,LDC,2011,0.0,61.6801150186652,4.8762631170578,4.01239141422714,,,,,,,,0.744361204899462,
Países menos desarrollados: clasificación de las Naciones Unidas,LDC,2012,0.0,62.2548890262786,4.86765725202145,3.93341460591986,,,,,,,,0.671665740212319,
Países menos desarrollados: clasificación de las Naciones Unidas,LDC,2013,0.0,62.698315149659,4.84106373511835,4.12042739082211,,,,,,,,3.1645786221552,
Países menos desarrollados: clasificación de las Naciones Unidas,LDC,2014,0.0,63.1179088919416,4.79949004887785,4.10109614062625,,,,,,,,3.0841871649516,
Países menos desarrollados: clasificación de las Naciones Unidas,LDC,2015,0.0,63.4904325810368,4.89410977009747,4.20980917871758,,,,,,,,0.252299494531115,
Países menos desarrollados: clasificación de las Naciones Unidas,LDC,2016,0.0,64.0145221546141,4.97735571040009,4.13474295120019,,,,,,,,1.19226134249313,
Países menos desarrollados: clasificación de las Naciones Unidas,LDC,2017,0.0,64.4095962549102,5.05965680278078,3.99261478921938,,,,,,,,1.96528155908229,
Países menos desarrollados: clasificación de las Naciones Unidas,LDC,2018,0.0,64.8137975348856,4.95126747795396,3.83500808053236,,,,,,,,2.08394665600866,
Países menos desarrollados: clasificación de las Naciones Unidas,LDC,2019,0.0,65.1510049897917,4.96337678965536,3.82578292075285,,,,,,,,2.5304145222008,
Países menos desarrollados: clasificación de las Naciones Unidas,LDC,2020,0.0,64.6297215434214,5.74422876568591,3.9213625547258,,,,,,,,-2.44623779359721,
Países menos desarrollados: clasificación de las Naciones Unidas,LDC,2021,0.0,64.2104904857691,5.82743118087222,4.01350672522281,,,,,,,,0.357165441042099,
Países menos desarrollados: clasificación de las Naciones Unidas,LDC,2022,0.0,64.9225785824994,5.25129524726093,,,,,,,,,2.24766701495822,
Países menos desarrollados: clasificación de las Naciones Unidas,LDC,2023,0.0,,5.3022047503225,,,,,,,,,1.37916516715129,
Países de ingreso bajo,LIC,2001,0.0,53.7294754409128,5.02005783993305,4.1051329485623,,,,,,,,1.58309735817134,
Países de ingreso bajo,LIC,2002,0.0,54.2138092338243,4.98462037275568,4.37287762877952,,,,,,,,1.77019801613318,
Países de ingreso bajo,LIC,2003,0.0,55.3095874754868,4.92413915307408,4.7208429248199,,,,,,,,1.74334830116132,
Países de ingreso bajo,LIC,2004,0.0,55.7937741400213,4.77243476016354,4.83336371424271,,,,,,,,3.13747084212741,
Países de ingreso bajo,LIC,2005,0.0,56.3924136820081,4.61119124084852,4.80678836269243,,,,,,,,3.55720115931307,
Países de ingreso bajo,LIC,2006,0.0,57.2477055969343,4.61120973168454,5.04560674078026,,,,,,,,2.79753883023868,
Países de ingreso bajo,LIC,2007,0.0,57.9288208180238,4.64674632493244,5.22153119544321,,,,,,,,3.01769448766314,
Países de ingreso bajo,LIC,2008,0.0,58.5034576101922,4.767681468203,4.97209797959014,,,,,,,,2.56156542665602,
Países de ingreso bajo,LIC,2009,0.0,59.2191058162556,4.67752387813501,5.39889560448622,,,,,,,,1.22487565010975,
Países de ingreso bajo,LIC,2010,0.0,59.7251394508663,4.82687724033113,5.09381410297061,,,,,,,,3.99087333288006,
Países de ingreso bajo,LIC,2011,0.0,60.3049120087039,4.86996617868632,4.80606994871573,,,,,,,,-2.01586233879479,
Países de ingreso bajo,LIC,2012,0.0,60.5578998645092,4.96968549124601,4.93043038797376,,,,,,,,-5.81417356876318,
Países de ingreso bajo,LIC,2013,0.0,60.9283520807589,4.82286190444419,5.46194676307936,,,,,,,,0.71118561462707,
Países de ingreso bajo,LIC,2014,0.0,61.3116057572894,4.79145811828767,5.42403483676737,,,,,,,,1.84097524397417,
Países de ingreso bajo,LIC,2015,0.0,61.6995184139706,4.89741384126824,5.32494057795202,,,,,,,,-3.04118389769066,
Países de ingreso bajo,LIC,2016,0.0,62.2142411499284,4.99568946610451,5.48846994165612,,,,,,,,-0.62445316438388,
Países de ingreso bajo,LIC,2017,0.0,62.623713909071,5.0892095856532,5.32780778028259,,,,,,,,0.309217781724996,
Países de ingreso bajo,LIC,2018,0.0,62.9952039179532,5.01295803880824,4.99366417856493,,,,,,,,0.642655032798629,
Países de ingreso bajo,LIC,2019,0.0,63.4239909431004,5.00826879309828,4.93772894064881,,,,,,,,1.35933318031036,
Países de ingreso bajo,LIC,2020,0.0,62.9545325364614,5.70806788893761,5.27651960566432,,,,,,,,-2.40820044493869,
Países de ingreso bajo,LIC,2021,0.0,62.4961095080066,5.65437681718971,5.25287929918769,,,,,,,,-0.640649326551753,
Países de ingreso bajo,LIC,2022,0.0,63.0113103919239,5.14926266343129,,,,,,,,,1.0131029127481,
Países de ingreso bajo,LIC,2023,0.0,,5.31143248284265,,,,,,,,,0.26217984179064,
Liechtenstein,LIE,2001,0.0,79.2756097560976,,,,,,,,,,-1.77406254280535,
Liechtenstein,LIE,2002,0.0,79.6365853658537,,,,,,,,,,-1.92541691616623,
Liechtenstein,LIE,2003,0.0,79.9609756097561,,,,,,,,,,-2.82301144243355,
Liechtenstein,LIE,2004,0.0,81.7707317073171,,,,,,,,,,2.13795485435016,
Liechtenstein,LIE,2005,0.0,80.6682926829268,,,,,,,,,,3.91015326607602,
Liechtenstein,LIE,2006,0.0,80.9487804878049,,,,,,,,,,7.75435946917933,
Liechtenstein,LIE,2007,0.0,81.2951219512195,,,,,,,,,,2.55873516012446,
Liechtenstein,LIE,2008,0.0,82.6829268292683,,,,,,,,,,1.07632016085701,
Liechtenstein,LIE,2009,0.0,81.5,,,,,,,,,,-1.91663778114352,
Liechtenstein,LIE,2010,0.0,81.8414634146342,,,,,,,,,,,
Liechtenstein,LIE,2011,0.0,81.7926829268293,,,,,,,,,,,
Liechtenstein,LIE,2012,0.0,82.3829268292683,,,,,,,,,,,
Liechtenstein,LIE,2013,0.0,82.2609756097561,,,,,,,,,,,
Liechtenstein,LIE,2014,0.0,82.0731707317073,,,,,,,,,,,
Liechtenstein,LIE,2015,0.0,82.6560975609756,,,,,,,,,,,
Liechtenstein,LIE,2016,0.0,82.2585365853659,,,,,,,,,,,
Liechtenstein,LIE,2017,0.0,83.7463414634147,,,,,,,,,,,
Liechtenstein,LIE,2018,0.0,83.0414634146342,,,,,,,,,,,
Liechtenstein,LIE,2019,0.0,84.1609756097561,,,,,,,,,,,
Liechtenstein,LIE,2020,0.0,81.6585365853659,,,,,,,,,,,
Liechtenstein,LIE,2021,0.0,84.4024390243902,,,,,,,,,,,
Liechtenstein,LIE,2022,0.0,84.319512195122,,,,,,,,,,,
Liechtenstein,LIE,2023,0.0,,,,,,,,,,,,
Sri Lanka,LKA,2001,9.60771,70.787,7.9,4.06,0.666367,0.225708,0.122498,0.560198,3.620192,3.303534,1.109213,-2.29423496561346,
Sri Lanka,LKA,2002,9.587107,71.117,8.76,4.04,0.667462,0.226651,0.124201,0.561565,3.591254,3.313774,1.1022,2.9287013949036,40.2
Sri Lanka,LKA,2003,9.571249,71.373,8.22,3.65,0.668915,0.227674,0.125491,0.563049,3.568743,3.324408,1.092969,4.88393320951495,
Sri Lanka,LKA,2004,9.554637999999999,67.091,8.38,4.04,0.670294,0.228609,0.127251,0.564362,3.547071,3.333993,1.083058,4.43201579158202,
Sri Lanka,LKA,2005,9.537328,72.118,7.67,3.88,0.669837,0.229266,0.128657,0.56514,3.530024,3.340156,1.074248,5.25117226916035,
Sri Lanka,LKA,2006,9.516748999999999,71.969,6.5,3.85,0.668992,0.22976,0.130167,0.565502,3.513484,3.343778,1.065066,6.60172554063845,39.7
Sri Lanka,LKA,2007,9.496232,72.049,5.97,3.82,0.667923,0.230315,0.132116,0.565825,3.499119,3.347457,1.053477,5.69076133547553,
Sri Lanka,LKA,2008,9.474342,71.729,5.22,3.85,0.666132,0.230904,0.134149,0.566129,3.485303,3.351073,1.040652,4.86900844492848,
Sri Lanka,LKA,2009,9.456297000000001,69.187,5.85,4.06,0.664592,0.231506,0.13639,0.566423,3.475191,3.354323,1.027872,2.54391627141457,36.1
Sri Lanka,LKA,2010,9.440628999999998,73.215,4.784,3.74,0.663689,0.232103,0.138608,0.566733,3.466103,3.356974,1.016419,7.04349448764438,
Sri Lanka,LKA,2011,9.432098,73.38,4.118,3.58,0.663985,0.232732,0.141359,0.567048,3.461686,3.359212,1.006076,7.67349357017027,
Sri Lanka,LKA,2012,9.422331999999999,73.906,3.88,3.31,0.6636,0.233449,0.143861,0.567368,3.456717,3.361395,0.995942,7.8186009319533,38.7
Sri Lanka,LKA,2013,9.414558000000001,74.239,4.186,3.69,0.664112,0.234254,0.146334,0.56771,3.45255,3.363413,0.986185,3.48741714644815,
Sri Lanka,LKA,2014,9.407530999999999,74.651,4.157,3.47,0.663702,0.235121,0.14954,0.568039,3.449242,3.365168,0.976719,5.83855763062995,
Sri Lanka,LKA,2015,9.401692,74.927,4.519,3.68,0.664022,0.236051,0.152628,0.568386,3.446117,3.366906,0.967582,3.73104658496399,
Sri Lanka,LKA,2016,9.397548999999998,75.331,4.243,3.62,0.664479,0.237027,0.155748,0.568732,3.444301,3.368449,0.958813,4.61823485070565,39.3
Sri Lanka,LKA,2017,9.395187,75.403,4.046,3.33,0.665203,0.238045,0.159144,0.569095,3.44333,3.369917,0.950453,6.05814482142807,
Sri Lanka,LKA,2018,0.0,75.748,4.318,3.64,,,,,,,,1.53963313430194,
Sri Lanka,LKA,2019,0.0,76.008,4.67,3.9,,,,,,,,-0.829146714268376,37.7
Sri Lanka,LKA,2020,0.0,76.393,5.365,4.02,,,,,,,,-5.12926312074451,
Sri Lanka,LKA,2021,0.0,76.399,5.258,4.07,,,,,,,,3.09279134925238,
Sri Lanka,LKA,2022,0.0,76.61,6.33,,,,,,,,,-7.45119298891909,
Sri Lanka,LKA,2023,0.0,,6.36,,,,,,,,,-1.65961513007139,
Países de ingreso mediano bajo,LMC,2001,0.0,62.3330820419446,6.39696194557569,4.10902855513408,,,,,,,,2.29980840354801,
Países de ingreso mediano bajo,LMC,2002,0.0,62.7563006575515,6.46711319067478,4.00594186909653,,,,,,,,2.52879875281661,
Países de ingreso mediano bajo,LMC,2003,0.0,63.1498175855074,6.56133732350668,4.06636914373932,,,,,,,,3.987236165696,
Países de ingreso mediano bajo,LMC,2004,0.0,63.4706972018249,6.56972213218932,3.9935962409051,,,,,,,,5.14146823028796,
Países de ingreso mediano bajo,LMC,2005,0.0,63.8485246802628,6.62694990633201,3.96416297222912,,,,,,,,4.82508706558231,
Países de ingreso mediano bajo,LMC,2006,0.0,64.2554567189494,6.47452297730561,3.92523312440576,,,,,,,,5.13128040649798,
Países de ingreso mediano bajo,LMC,2007,0.0,64.5325590363024,6.34707540043566,3.80447724441436,,,,,,,,5.09627936324482,
Países de ingreso mediano bajo,LMC,2008,0.0,64.7181736200934,6.331340725387,3.80200842568718,,,,,,,,2.86536619599018,
Países de ingreso mediano bajo,LMC,2009,0.0,65.1602158255571,6.35534452860578,3.84330593720477,,,,,,,,4.21632268778951,
Países de ingreso mediano bajo,LMC,2010,0.0,65.528096139244,6.19411742271093,3.69989517118547,,,,,,,,5.08654859786914,
Países de ingreso mediano bajo,LMC,2011,0.0,65.9713151183569,6.24791797983509,3.68413381344856,,,,,,,,3.01596401760111,
Países de ingreso mediano bajo,LMC,2012,0.0,66.3821617269785,6.3845338411742,3.73670830718134,,,,,,,,3.46576496523767,
Países de ingreso mediano bajo,LMC,2013,0.0,66.7910093059145,6.32030135533128,3.94509117581023,,,,,,,,3.98052647980917,
Países de ingreso mediano bajo,LMC,2014,0.0,67.2288182812778,6.21477276247579,3.84630049761206,,,,,,,,4.43042399098876,
Países de ingreso mediano bajo,LMC,2015,0.0,67.6255898011124,6.33438594890753,3.91311686613786,,,,,,,,4.31831759070755,
Países de ingreso mediano bajo,LMC,2016,0.0,68.0092878079906,6.18228054260817,3.87426552353791,,,,,,,,4.10938856325384,
Países de ingreso mediano bajo,LMC,2017,0.0,68.3334812907,6.22011004292745,3.56888720487353,,,,,,,,3.8971559407311,
Países de ingreso mediano bajo,LMC,2018,0.0,68.5763043724071,6.14458475751361,3.47104358204545,,,,,,,,3.91641217121136,
Países de ingreso mediano bajo,LMC,2019,0.0,68.7796405170075,5.64287059341806,3.53737317892073,,,,,,,,2.59687394654426,
Países de ingreso mediano bajo,LMC,2020,0.0,68.2446418156649,6.70232245326264,3.79914864927102,,,,,,,,-4.91997921122079,
Países de ingreso mediano bajo,LMC,2021,0.0,66.5328126185319,6.05135761023369,3.91781405673545,,,,,,,,5.24801574166244,
Países de ingreso mediano bajo,LMC,2022,0.0,67.1969794891736,4.94016547872947,,,,,,,,,4.51676862895603,
Países de ingreso mediano bajo,LMC,2023,0.0,,4.49909170990787,,,,,,,,,3.94299253919819,
Ingreso mediano y bajo,LMY,2001,0.0,65.9321812549058,5.99661971676799,5.0191330381934,,,,,,,,2.04413023818779,
Ingreso mediano y bajo,LMY,2002,0.0,66.2680845147817,6.21004348430643,4.88071937961805,,,,,,,,3.15639678818415,
Ingreso mediano y bajo,LMY,2003,0.0,66.6085795652646,6.30800044164934,4.96651623034461,,,,,,,,4.30923039179464,
Ingreso mediano y bajo,LMY,2004,0.0,66.8346393807025,6.21534585803784,4.94101356114014,,,,,,,,6.10475925503759,
Ingreso mediano y bajo,LMY,2005,0.0,67.2423648404966,6.22176495669239,4.94755297544969,,,,,,,,5.78913730519106,
Ingreso mediano y bajo,LMY,2006,0.0,67.6184986630536,6.03146571033739,4.88937691897848,,,,,,,,6.70121156672904,
Ingreso mediano y bajo,LMY,2007,0.0,67.8839073410554,5.94077080871767,4.81123577850057,,,,,,,,7.35310990463169,
Ingreso mediano y bajo,LMY,2008,0.0,68.0658848624492,5.9301594146447,4.83610726592101,,,,,,,,4.47822014366575,
Ingreso mediano y bajo,LMY,2009,0.0,68.4863451105969,6.10922604816087,5.1544914608913,,,,,,,,2.56370900405516,
Ingreso mediano y bajo,LMY,2010,0.0,68.7907938804969,5.90840613326282,4.99029628170074,,,,,,,,6.682876225597,
Ingreso mediano y bajo,LMY,2011,0.0,69.1477290073202,5.82196068633655,4.98174603718354,,,,,,,,4.91310922745183,
Ingreso mediano y bajo,LMY,2012,0.0,69.4698193985264,5.83269609093491,5.03057705871365,,,,,,,,4.00972449050228,
Ingreso mediano y bajo,LMY,2013,0.0,69.7932388843787,5.77634912523682,5.11481593771881,,,,,,,,4.14985806858377,
Ingreso mediano y bajo,LMY,2014,0.0,70.128150740301,5.74188710672604,5.14483299894291,,,,,,,,3.73511272581459,
Ingreso mediano y bajo,LMY,2015,0.0,70.4162036569678,5.91321332395688,5.24123056397553,,,,,,,,3.35134048652472,
Ingreso mediano y bajo,LMY,2016,0.0,70.6978394514758,5.98192555871534,5.25499621958859,,,,,,,,3.39770957301513,
Ingreso mediano y bajo,LMY,2017,0.0,70.9271487311159,6.00338296990549,5.25996066001482,,,,,,,,3.9752348481808,
Ingreso mediano y bajo,LMY,2018,0.0,71.2136725409061,5.92839217387876,5.19874961832487,,,,,,,,3.66626320519097,
Ingreso mediano y bajo,LMY,2019,0.0,71.4132799918996,5.78935121664157,5.25474564642544,,,,,,,,2.81515774904983,
Ingreso mediano y bajo,LMY,2020,0.0,70.7470227263572,6.61472887377826,5.53235272148127,,,,,,,,-2.33624282152284,
Ingreso mediano y bajo,LMY,2021,0.0,69.7240843829629,6.1479540310899,5.43547931118832,,,,,,,,6.27902937791811,
Ingreso mediano y bajo,LMY,2022,0.0,70.3955870414692,5.4527967740796,,,,,,,,,2.90153400308088,
Ingreso mediano y bajo,LMY,2023,0.0,,5.09892428882732,,,,,,,,,3.47622384658519,
Lesotho,LSO,2001,12.070203,46.849,16.05,7.27745867,0.730129,0.156244,0.117454,0.602997,5.353524,3.464863,1.644992,3.51791912205334,
Lesotho,LSO,2002,12.099145000000002,45.595,16.045,6.54458666,0.725714,0.156654,0.118536,0.60322,5.382628,3.465885,1.646508,0.821608379495359,51.2
Lesotho,LSO,2003,12.129662,44.53,16.019,6.04550791,0.721871,0.157087,0.119666,0.603438,5.412972,3.466699,1.647929,4.79606925997327,
Lesotho,LSO,2004,12.160838,43.711,16.121,6.05738831,0.718496,0.157472,0.120525,0.603643,5.443641,3.467455,1.649606,2.08400616665693,
Lesotho,LSO,2005,12.193408,43.233,15.994,5.44926691,0.717647,0.157743,0.121506,0.603851,5.472301,3.468463,1.651897,3.88261880741221,
Lesotho,LSO,2006,12.234935,42.914,16.02,6.11966372,0.721775,0.157939,0.122556,0.604057,5.502849,3.469188,1.656571,4.26405155163229,
Lesotho,LSO,2007,12.282739999999999,43.123,15.905,7.22254515,0.729371,0.158141,0.123302,0.60425,5.534674,3.469242,1.66376,3.83676285376902,
Lesotho,LSO,2008,12.336323000000002,43.566,15.812,7.66656303,0.740564,0.158345,0.124332,0.60443,5.568149,3.468947,1.671556,4.91255178927716,
Lesotho,LSO,2009,12.376539999999999,44.034,16.089,8.95305061,0.749495,0.158547,0.125463,0.6046,5.591766,3.468821,1.677848,-1.94944495063868,
Lesotho,LSO,2010,12.401799,45.596,16.044,7.64088917,0.755637,0.158735,0.126363,0.60474,5.606717,3.469242,1.680365,4.56303194245879,
Lesotho,LSO,2011,12.411899000000002,46.692,16.098,9.07558823,0.758902,0.158956,0.127995,0.604902,5.610888,3.470279,1.679977,3.84989252888876,
Lesotho,LSO,2012,12.423607,47.835,15.733,10.04389858,0.761938,0.15924,0.128802,0.605077,5.618396,3.471442,1.678712,5.45219186619134,
Lesotho,LSO,2013,12.431553000000001,49.002,15.907,10.99592113,0.764596,0.159581,0.130242,0.605271,5.622644,3.472778,1.676441,0.849125516647646,
Lesotho,LSO,2014,12.43838,50.033,16.056,9.99930382,0.766441,0.159974,0.132214,0.605501,5.626747,3.474465,1.673038,0.676425997745824,
Lesotho,LSO,2015,12.443639,51.101,16.223,9.2965641,0.768028,0.160409,0.133521,0.605756,5.63104,3.476457,1.668428,1.99090588632073,
Lesotho,LSO,2016,12.447851,52.264,16.139,9.24261093,0.768944,0.160878,0.135087,0.606023,5.63577,3.47872,1.662429,2.38374582897576,
Lesotho,LSO,2017,12.446361999999999,53.064,16.391,10.57480335,0.768875,0.161376,0.136801,0.606321,5.636661,3.481456,1.654872,-4.33164643014115,44.9
Lesotho,LSO,2018,0.0,53.733,16.637,11.114995,,,,,,,,-2.70875407449786,
Lesotho,LSO,2019,0.0,54.173,16.876,11.94662285,,,,,,,,-2.64423294138565,
Lesotho,LSO,2020,0.0,54.693,18.351,10.27927017,,,,,,,,-8.62458696450055,
Lesotho,LSO,2021,0.0,53.062,18.129,10.21370411,,,,,,,,0.631493185645155,
Lesotho,LSO,2022,0.0,53.036,16.668,,,,,,,,,0.214985320681322,
Lesotho,LSO,2023,0.0,,16.46,,,,,,,,,-0.162348567280162,
avanzada del dividendo demográfico,LTE,2001,0.0,71.6240722168429,5.43387688800521,5.24376219562504,,,,,,,,4.43526233728689,
avanzada del dividendo demográfico,LTE,2002,0.0,71.9214452531973,5.62405201924386,5.29042576174929,,,,,,,,5.27438150058133,
avanzada del dividendo demográfico,LTE,2003,0.0,72.3339138340135,5.86088238065589,5.20208843806981,,,,,,,,6.13000361802789,
avanzada del dividendo demográfico,LTE,2004,0.0,72.6378054628152,5.68421892232984,5.1022547029151,,,,,,,,7.49221700191998,
avanzada del dividendo demográfico,LTE,2005,0.0,73.031412428749,5.60751092937195,5.08044845779999,,,,,,,,7.05431405092523,
avanzada del dividendo demográfico,LTE,2006,0.0,73.4508948856832,5.35849201932301,5.00224260244968,,,,,,,,8.58534946423772,
avanzada del dividendo demográfico,LTE,2007,0.0,73.7432702982702,5.09698334645839,4.91129413072777,,,,,,,,9.51035591613643,
avanzada del dividendo demográfico,LTE,2008,0.0,73.9210189166071,5.12462832286284,5.02151726139061,,,,,,,,6.23228558014036,
avanzada del dividendo demográfico,LTE,2009,0.0,74.3324581265143,5.55309390596044,5.46464077246129,,,,,,,,3.03687755509445,
avanzada del dividendo demográfico,LTE,2010,0.0,74.6150939345446,5.22767537620453,5.23759259292313,,,,,,,,7.37621395739171,
avanzada del dividendo demográfico,LTE,2011,0.0,74.9489171497226,5.09666669945743,5.15849333924176,,,,,,,,6.51284906910965,
avanzada del dividendo demográfico,LTE,2012,0.0,75.2259182911156,5.01249085686953,5.19128335640156,,,,,,,,5.05138062906967,
avanzada del dividendo demográfico,LTE,2013,0.0,75.5203623062376,4.99428400198148,5.30209476584681,,,,,,,,4.84301890060979,
avanzada del dividendo demográfico,LTE,2014,0.0,75.7897145389248,4.92325043385231,5.39682962318117,,,,,,,,4.49101336943978,
avanzada del dividendo demográfico,LTE,2015,0.0,76.0118482748951,5.09816178315488,5.45933138233823,,,,,,,,4.02862106373246,
avanzada del dividendo demográfico,LTE,2016,0.0,76.256769207447,5.27204239472755,5.54439703401281,,,,,,,,3.82621369701448,
avanzada del dividendo demográfico,LTE,2017,0.0,76.3981391445548,5.26563670781674,5.64310919051016,,,,,,,,4.64098425503619,
avanzada del dividendo demográfico,LTE,2018,0.0,76.7690000221466,5.04578213220743,5.62344434069188,,,,,,,,4.85241529254002,
avanzada del dividendo demográfico,LTE,2019,0.0,76.99116877036,5.18904341207346,5.78010377804299,,,,,,,,4.17004954825875,
avanzada del dividendo demográfico,LTE,2020,0.0,76.7204017296842,5.92878593561638,6.13814219233816,,,,,,,,-0.14137660479804,
avanzada del dividendo demográfico,LTE,2021,0.0,76.3678172256091,5.50931419951374,5.9688393141727,,,,,,,,7.22054916173043,
avanzada del dividendo demográfico,LTE,2022,0.0,77.0981546763765,5.20529779757495,,,,,,,,,3.08242099620009,
avanzada del dividendo demográfico,LTE,2023,0.0,,4.84214780024556,,,,,,,,,4.12256134886537,
Lituania,LTU,2001,0.0,71.6585365853659,16.84,6.01,,,,,,,,7.40751979624903,
Lituania,LTU,2002,0.0,71.7609756097561,13.008,6.14,,,,,,,,7.6118272562162,
Lituania,LTU,2003,0.0,72.0609756097561,12.875,6.19,,,,,,,,11.4677174839243,
Lituania,LTU,2004,0.0,71.9609756097561,10.684,5.51,,,,,,,,7.77300120748883,37.0
Lituania,LTU,2005,0.0,71.2536585365854,8.325,5.65,,,,,,,,9.50104418230511,35.3
Lituania,LTU,2006,0.0,71.0560975609756,5.78,5.84,,,,,,,,9.142617036882,34.4
Lituania,LTU,2007,0.0,70.9,4.25,5.76,,,,,,,,12.4352501754842,34.8
Lituania,LTU,2008,0.0,71.8121951219512,5.826,6.29,,,,,,,,3.67524092566269,35.7
Lituania,LTU,2009,0.0,72.9146341463415,13.785,7.37,,,,,,,,-13.8877533571244,37.2
Lituania,LTU,2010,0.0,73.2682926829268,17.814,6.81,,,,,,,,3.80531559028894,33.6
Lituania,LTU,2011,0.0,73.5634146341464,15.39,6.49,,,,,,,,8.46110906391293,32.5
Lituania,LTU,2012,0.0,73.8634146341464,13.365,6.28,,,,,,,,5.24600245889164,35.1
Lituania,LTU,2013,0.0,73.9146341463415,11.77,6.13,,,,,,,,4.60332772900291,35.3
Lituania,LTU,2014,0.0,74.5170731707317,10.698,6.19,,,,,,,,4.43108765446387,37.7
Lituania,LTU,2015,0.0,74.3219512195122,9.12,6.49,,,,,,,,2.98891297061452,37.4
Lituania,LTU,2016,0.0,74.6707317073171,7.862,6.64,,,,,,,,3.82984126408542,38.4
Lituania,LTU,2017,0.0,75.4804878048781,7.073,6.48,,,,,,,,5.75104655735379,37.3
Lituania,LTU,2018,0.0,75.6804878048781,6.147,6.53,,,,,,,,4.99035385554106,35.7
Lituania,LTU,2019,0.0,76.2829268292683,6.255,6.99,,,,,,,,4.94310000159899,35.3
Lituania,LTU,2020,0.0,74.9780487804878,8.487,7.48,,,,,,,,-0.0513690845085932,36.0
Lituania,LTU,2021,0.0,74.0365853658537,7.112,7.82,,,,,,,,6.05877089552746,36.7
Lituania,LTU,2022,0.0,75.7926829268293,5.956,7.46,,,,,,,,1.32592417648803,
Lituania,LTU,2023,0.0,,6.962,,,,,,,,,-1.7331662372312,
Luxemburgo,LUX,2001,0.0,77.8243902439025,1.805,6.38,,,,,,,,1.85457468137487,30.9
Luxemburgo,LUX,2002,0.0,77.9658536585366,2.621,6.76,,,,,,,,2.14960989891686,31.0
Luxemburgo,LUX,2003,0.0,77.7268292682927,3.675,6.96,,,,,,,,1.37989335885587,30.2
Luxemburgo,LUX,2004,0.0,79.1219512195122,5.113,7.28,,,,,,,,2.76088818070728,30.2
Luxemburgo,LUX,2005,0.0,79.4317073170732,4.488,7.12,,,,,,,,0.926765760747131,30.8
Luxemburgo,LUX,2006,0.0,79.2878048780488,4.731,6.64,,,,,,,,4.33910831451982,30.9
Luxemburgo,LUX,2007,0.0,79.3829268292683,4.065,6.16,,,,,,,,6.44203136625568,31.1
Luxemburgo,LUX,2008,0.0,80.5390243902439,5.06,6.23,,,,,,,,-2.06647390176839,32.6
Luxemburgo,LUX,2009,0.0,80.6365853658537,5.122,6.95,,,,,,,,-5.01426301262075,31.2
Luxemburgo,LUX,2010,0.0,80.6317073170732,4.361,6.66,,,,,,,,1.88354730979161,30.5
Luxemburgo,LUX,2011,0.0,80.9878048780488,4.902,5.95,,,,,,,,-1.17679786686928,32.1
Luxemburgo,LUX,2012,0.0,81.3926829268293,5.14,5.29,,,,,,,,-0.762183409548683,34.3
Luxemburgo,LUX,2013,0.0,81.8,5.848,5.24,,,,,,,,0.814652308537674,32.0
Luxemburgo,LUX,2014,0.0,82.2292682926829,5.852,5.23,,,,,,,,0.232564441498198,31.2
Luxemburgo,LUX,2015,0.0,82.2926829268293,6.669,5.08,,,,,,,,-0.115476305532894,32.9
Luxemburgo,LUX,2016,0.0,82.6853658536585,6.291,5.07,,,,,,,,2.73979180152419,31.7
Luxemburgo,LUX,2017,0.0,82.0951219512195,5.522,5.14,,,,,,,,-1.11611296239622,34.5
Luxemburgo,LUX,2018,0.0,82.2951219512195,5.585,5.28,,,,,,,,-0.714325922150593,35.4
Luxemburgo,LUX,2019,0.0,82.6390243902439,5.595,5.47,,,,,,,,0.915465845901139,34.2
Luxemburgo,LUX,2020,0.0,82.1439024390244,6.773,5.74,,,,,,,,-2.54734610654114,33.4
Luxemburgo,LUX,2021,0.0,82.5975609756098,5.247,5.67,,,,,,,,5.55350216888992,32.7
Luxemburgo,LUX,2022,0.0,83.0463414634146,4.585,5.46,,,,,,,,-0.643838258238688,
Luxemburgo,LUX,2023,0.0,,5.188,,,,,,,,,-3.38902190622011,
Letonia,LVA,2001,0.0,70.7609756097561,13.821,5.77,,,,,,,,7.70556773423996,
Letonia,LVA,2002,0.0,70.9609756097561,13.829,5.76,,,,,,,,8.33957528421918,
Letonia,LVA,2003,0.0,71.2658536585366,12.061,5.48,,,,,,,,9.47574093572894,
Letonia,LVA,2004,0.0,72.0268292682927,11.708,6.2,,,,,,,,9.47233653811193,36.4
Letonia,LVA,2005,0.0,71.3560975609756,10.033,5.83,,,,,,,,11.9232660209126,39.0
Letonia,LVA,2006,0.0,70.8658536585366,7.03,5.7,,,,,,,,13.0036480961687,35.6
Letonia,LVA,2007,0.0,71.019512195122,6.052,5.51,,,,,,,,10.842912495241,37.5
Letonia,LVA,2008,0.0,72.419512195122,7.739,5.58,,,,,,,,-2.22696576572423,37.2
Letonia,LVA,2009,0.0,73.0804878048781,17.515,6.1,,,,,,,,-12.8328031209275,35.9
Letonia,LVA,2010,0.0,73.4829268292683,19.482,6.1,,,,,,,,-2.44615768269067,35.0
Letonia,LVA,2011,0.0,73.5756097560976,16.206,5.72,,,,,,,,4.45844691472075,35.8
Letonia,LVA,2012,0.0,73.7780487804878,15.047,5.41,,,,,,,,8.37822379715232,35.2
Letonia,LVA,2013,0.0,73.9829268292683,11.867,5.41,,,,,,,,3.10637939631,35.5
Letonia,LVA,2014,0.0,74.1243902439024,10.846,5.46,,,,,,,,2.86636259407609,35.1
Letonia,LVA,2015,0.0,74.4804878048781,9.873,5.65,,,,,,,,4.73918260611251,34.2
Letonia,LVA,2016,0.0,74.580487804878,9.643,6.13,,,,,,,,3.30843439755775,34.3
Letonia,LVA,2017,0.0,74.6292682926829,8.715,5.97,,,,,,,,4.23211616536913,35.6
Letonia,LVA,2018,0.0,74.7829268292683,7.412,6.19,,,,,,,,4.80391392484378,35.1
Letonia,LVA,2019,0.0,75.3878048780488,6.312,6.61,,,,,,,,1.28926269967,34.5
Letonia,LVA,2020,0.0,75.1853658536585,8.098,7.25,,,,,,,,-2.83485280722716,35.7
Letonia,LVA,2021,0.0,72.9804878048781,7.513,9.04,,,,,,,,7.63560410392657,34.3
Letonia,LVA,2022,0.0,74.580487804878,6.815,,,,,,,,,3.23449902226096,
Letonia,LVA,2023,0.0,,6.534,,,,,,,,,-0.407971326098462,
Isla de San Martín (parte francesa),MAF,2001,0.0,76.847,,,,,,,,,,,
Isla de San Martín (parte francesa),MAF,2002,0.0,77.031,,,,,,,,,,,
Isla de San Martín (parte francesa),MAF,2003,0.0,77.206,,,,,,,,,,,
Isla de San Martín (parte francesa),MAF,2004,0.0,77.384,,,,,,,,,,,
Isla de San Martín (parte francesa),MAF,2005,0.0,77.555,,,,,,,,,,,
Isla de San Martín (parte francesa),MAF,2006,0.0,77.726,,,,,,,,,,,
Isla de San Martín (parte francesa),MAF,2007,0.0,77.892,,,,,,,,,,,
Isla de San Martín (parte francesa),MAF,2008,0.0,78.068,,,,,,,,,,,
Isla de San Martín (parte francesa),MAF,2009,0.0,78.236,,,,,,,,,,,
Isla de San Martín (parte francesa),MAF,2010,0.0,78.406,,,,,,,,,,,
Isla de San Martín (parte francesa),MAF,2011,0.0,78.827,,,,,,,,,,,
Isla de San Martín (parte francesa),MAF,2012,0.0,79.022,,,,,,,,,,,
Isla de San Martín (parte francesa),MAF,2013,0.0,78.908,,,,,,,,,,,
Isla de San Martín (parte francesa),MAF,2014,0.0,79.966,,,,,,,,,,,
Isla de San Martín (parte francesa),MAF,2015,0.0,79.309,,,,,,,,,,1.69505996573385,
Isla de San Martín (parte francesa),MAF,2016,0.0,79.475,,,,,,,,,,5.63040418258598,
Isla de San Martín (parte francesa),MAF,2017,0.0,78.59,,,,,,,,,,-7.15990586737507,
Isla de San Martín (parte francesa),MAF,2018,0.0,80.614,,,,,,,,,,-6.24978819270983,
Isla de San Martín (parte francesa),MAF,2019,0.0,79.983,,,,,,,,,,8.85052151565475,
Isla de San Martín (parte francesa),MAF,2020,0.0,80.149,,,,,,,,,,-10.9732612789597,
Isla de San Martín (parte francesa),MAF,2021,0.0,80.379,,,,,,,,,,6.88649334233691,
Isla de San Martín (parte francesa),MAF,2022,0.0,80.55,,,,,,,,,,,
Isla de San Martín (parte francesa),MAF,2023,0.0,,,,,,,,,,,,
Marruecos,MAR,2001,0.0,67.18,12.46,3.81601191,,,,,,,,6.2870090109633,
Marruecos,MAR,2002,0.0,67.547,11.59,4.06117535,,,,,,,,2.37986019628089,
Marruecos,MAR,2003,0.0,67.915,11.92,4.08037519,,,,,,,,4.84903396219951,
Marruecos,MAR,2004,0.0,68.231,10.83,4.23211098,,,,,,,,3.24248523412795,
Marruecos,MAR,2005,0.0,68.704,11.01,4.37350655,,,,,,,,1.8077511686965,
Marruecos,MAR,2006,0.0,69.128,9.67,4.56586647,,,,,,,,6.35441068427713,40.7
Marruecos,MAR,2007,0.0,69.604,9.56,4.80759001,,,,,,,,2.0846446310244,
Marruecos,MAR,2008,0.0,70.048,9.57,4.83789158,,,,,,,,4.30811233623261,
Marruecos,MAR,2009,0.0,70.458,8.96,5.27312183,,,,,,,,2.39391341302647,
Marruecos,MAR,2010,0.0,70.829,9.09,5.41861057,,,,,,,,2.12270680993842,
Marruecos,MAR,2011,0.0,71.269,8.91,5.37019396,,,,,,,,4.08476129550317,
Marruecos,MAR,2012,0.0,71.679,8.99,5.39619017,,,,,,,,1.64400665479378,
Marruecos,MAR,2013,0.0,72.122,9.23,5.25540543,,,,,,,,2.69963463575493,39.5
Marruecos,MAR,2014,0.0,72.538,9.7,5.41626596,,,,,,,,1.35761320273673,
Marruecos,MAR,2015,0.0,72.92,9.46,5.10435581,,,,,,,,3.0224298760333,
Marruecos,MAR,2016,0.0,73.284,9.3,5.09203386,,,,,,,,-0.722002650636625,
Marruecos,MAR,2017,0.0,73.66,9.229,4.98920393,,,,,,,,3.79227702365303,
Marruecos,MAR,2018,0.0,73.986,9.282,4.94516659,,,,,,,,1.89944589579329,
Marruecos,MAR,2019,0.0,74.27,9.21,4.99129868,,,,,,,,1.80265718208821,
Marruecos,MAR,2020,0.0,73.92,11.203,5.83834505,,,,,,,,-8.16396528551064,
Marruecos,MAR,2021,0.0,74.042,10.539,5.73834944,,,,,,,,6.88073133381511,
Marruecos,MAR,2022,0.0,74.973,9.53,,,,,,,,,0.215470437836871,
Marruecos,MAR,2023,0.0,,9.114,,,,,,,,,2.12180537991193,
Mónaco,MCO,2001,0.0,,,3.75390792,,,,,,,,2.2538770574499,
Mónaco,MCO,2002,0.0,,,3.80860424,,,,,,,,1.20742371739885,
Mónaco,MCO,2003,0.0,,,4.43205786,,,,,,,,1.30650343944015,
Mónaco,MCO,2004,0.0,,,4.52466917,,,,,,,,2.7247849103053,
Mónaco,MCO,2005,0.0,,,4.50320387,,,,,,,,2.17679626391418,
Mónaco,MCO,2006,0.0,,,4.29524565,,,,,,,,6.22368856333763,
Mónaco,MCO,2007,0.0,,,3.81156135,,,,,,,,15.1147022758781,
Mónaco,MCO,2008,0.0,,,4.08357811,,,,,,,,0.61630462138038,
Mónaco,MCO,2009,0.0,,,4.84195948,,,,,,,,-12.809461461967,
Mónaco,MCO,2010,0.0,,,4.95791674,,,,,,,,-0.325058940660426,
Mónaco,MCO,2011,0.0,,,4.63501215,,,,,,,,4.60414766823534,
Mónaco,MCO,2012,0.0,,,4.7558527,,,,,,,,-1.18559830846812,
Mónaco,MCO,2013,0.0,,,4.57341814,,,,,,,,7.33451796972153,
Mónaco,MCO,2014,0.0,,,4.44085073,,,,,,,,5.15370986677802,
Mónaco,MCO,2015,0.0,,,4.31544638,,,,,,,,3.00924966444114,
Mónaco,MCO,2016,0.0,,,4.12037039,,,,,,,,2.10030710202396,
Mónaco,MCO,2017,0.0,,,4.15852404,,,,,,,,-2.9734539364436,
Mónaco,MCO,2018,0.0,,,4.03953457,,,,,,,,5.82319715979524,
Mónaco,MCO,2019,0.0,,,3.87725186,,,,,,,,7.06900315892088,
Mónaco,MCO,2020,0.0,,,4.27983093,,,,,,,,-12.7472194563414,
Mónaco,MCO,2021,0.0,,,3.68486166,,,,,,,,22.6513404560356,
Mónaco,MCO,2022,0.0,,,,,,,,,,,11.757881179007,
Mónaco,MCO,2023,0.0,,,,,,,,,,,,
República de Moldova,MDA,2001,0.0,66.787,7.366,6.23,,,,,,,,6.33753269392803,38.0
República de Moldova,MDA,2002,0.0,66.938,6.845,7.4,,,,,,,,8.04993224916466,35.8
República de Moldova,MDA,2003,0.0,67.419,6.378,7.02,,,,,,,,6.90061128351323,34.9
República de Moldova,MDA,2004,0.0,67.861,6.374,8.97,,,,,,,,7.66608705336095,35.0
República de Moldova,MDA,2005,0.0,68.169,5.633,9.56,,,,,,,,7.76188624467986,36.3
República de Moldova,MDA,2006,0.0,68.479,4.26,10.54,,,,,,,,5.09166801572276,35.4
República de Moldova,MDA,2007,0.0,68.947,2.749,11.02,,,,,,,,3.238946835622,34.4
República de Moldova,MDA,2008,0.0,69.394,2.097,10.95,,,,,,,,8.00539195483559,34.7
República de Moldova,MDA,2009,0.0,69.573,3.024,13.68,,,,,,,,-5.88123771461969,32.9
República de Moldova,MDA,2010,0.0,69.357,2.972,10.13,,,,,,,,7.20697461136707,32.1
República de Moldova,MDA,2011,0.0,69.192,2.677,9.1,,,,,,,,5.87938512338968,30.6
República de Moldova,MDA,2012,0.0,69.143,2.19,9.14,,,,,,,,-0.576700868382531,29.2
República de Moldova,MDA,2013,0.0,69.099,1.894,8.68,,,,,,,,9.0730755766005,28.5
República de Moldova,MDA,2014,0.0,69.031,1.451,8.63,,,,,,,,5.06366581042911,26.8
República de Moldova,MDA,2015,0.0,69.24,1.781,8.56,,,,,,,,0.429158887977096,27.0
República de Moldova,MDA,2016,0.0,69.917,1.591,7.54,,,,,,,,5.87017576429136,26.3
República de Moldova,MDA,2017,0.0,70.516,1.622,7.13,,,,,,,,5.99041199822246,25.9
República de Moldova,MDA,2018,0.0,70.492,1.239,6.71,,,,,,,,5.92036718190722,25.7
República de Moldova,MDA,2019,0.0,70.935,1.502,6.5,,,,,,,,5.22280984962049,26.0
República de Moldova,MDA,2020,0.0,70.166,1.206,7.0,,,,,,,,-7.26326976771907,
República de Moldova,MDA,2021,0.0,68.846,0.794,7.75,,,,,,,,15.6557976122015,25.7
República de Moldova,MDA,2022,0.0,68.621,0.909,,,,,,,,,-2.88619144541929,
República de Moldova,MDA,2023,0.0,,1.623,,,,,,,,,2.8907057913618,
Madagascar,MDG,2001,10.174276,58.57,5.35,4.11513805,0.490098,0.162819,0.102852,0.629697,3.735973,3.548667,1.50417,2.85192316692986,47.4
Madagascar,MDG,2002,10.163944,58.892,5.52,4.92547607,0.489549,0.162927,0.102873,0.629741,3.732352,3.547311,1.499191,-14.9640325429341,
Madagascar,MDG,2003,10.152539,59.491,5.01,5.00276518,0.488363,0.163063,0.103311,0.62978,3.728015,3.545766,1.494241,6.6112202646069,
Madagascar,MDG,2004,10.145238,60.149,3.952,5.25089979,0.488148,0.163183,0.103387,0.629816,3.725709,3.544508,1.490487,2.22074756221302,
Madagascar,MDG,2005,10.139786,60.57,2.62,5.2155776,0.487579,0.163243,0.103519,0.629843,3.722362,3.544085,1.489155,1.73785955905217,39.9
Madagascar,MDG,2006,10.13549,61.315,2.945,5.07203817,0.487513,0.163257,0.103132,0.629942,3.716046,3.544364,1.491236,2.35845936591721,
Madagascar,MDG,2007,10.132000000000001,61.757,3.2,4.60865784,0.489055,0.163267,0.102884,0.630146,3.706131,3.5448,1.495717,2.66174838142459,
Madagascar,MDG,2008,10.129109,62.142,3.428,4.08111715,0.489286,0.163277,0.10204,0.630388,3.697655,3.545418,1.501045,3.65049650291004,
Madagascar,MDG,2009,10.127635999999999,62.734,3.883,4.38469839,0.490049,0.16329,0.101808,0.630609,3.689922,3.546337,1.505621,-6.72284484044134,
Madagascar,MDG,2010,10.127977,62.873,4.28,4.69762659,0.490689,0.163314,0.101566,0.630749,3.686116,3.54757,1.507973,-2.22352581546593,42.4
Madagascar,MDG,2011,10.133422,63.494,2.518,4.521595,0.491319,0.163355,0.101813,0.630846,3.687992,3.549372,1.508725,-1.22648220225398,
Madagascar,MDG,2012,10.139168999999999,63.544,0.599,3.9110589,0.491774,0.16343,0.102201,0.631012,3.689013,3.552344,1.509395,0.238846840515052,42.6
Madagascar,MDG,2013,10.146293,63.962,0.995,3.75156283,0.492535,0.163537,0.102423,0.631243,3.690235,3.556435,1.509885,-0.39648459021177,
Madagascar,MDG,2014,10.156386,64.255,1.385,4.46240282,0.493301,0.163678,0.103171,0.631545,3.692832,3.561716,1.510143,0.659691220646664,
Madagascar,MDG,2015,10.168216999999999,64.339,1.785,5.0062542,0.494041,0.163845,0.103769,0.631889,3.696718,3.567933,1.510022,0.497287785925067,
Madagascar,MDG,2016,10.184155,64.997,1.944,5.33248854,0.495276,0.164047,0.105026,0.632303,3.70291,3.575132,1.509461,1.33834602588814,
Madagascar,MDG,2017,10.200434,65.094,2.113,4.80225992,0.496779,0.16428,0.106417,0.632774,3.708514,3.583301,1.508369,1.28190543850761,
Madagascar,MDG,2018,0.0,65.27,2.289,4.22846937,,,,,,,,0.592066853090074,
Madagascar,MDG,2019,0.0,65.882,2.46,3.10129309,,,,,,,,1.80753212526734,
Madagascar,MDG,2020,0.0,65.182,3.246,3.72316122,,,,,,,,-9.41452977174291,
Madagascar,MDG,2021,0.0,64.485,3.415,3.5045228,,,,,,,,3.21466266497153,
Madagascar,MDG,2022,0.0,65.23,3.186,,,,,,,,,1.35633741380686,
Madagascar,MDG,2023,0.0,,3.061,,,,,,,,,1.53704011534042,
Maldivas,MDV,2001,0.0,72.181,3.062,8.21,,,,,,,,-5.55402365349079,
Maldivas,MDV,2002,0.0,73.291,4.142,8.78,,,,,,,,5.44806372182971,41.3
Maldivas,MDV,2003,0.0,74.06,5.201,6.78,,,,,,,,11.8587186668739,
Maldivas,MDV,2004,0.0,73.538,6.256,7.48,,,,,,,,4.09709394121506,
Maldivas,MDV,2005,0.0,74.751,7.394,8.83,,,,,,,,-12.6351266838122,
Maldivas,MDV,2006,0.0,75.13,8.478,8.05,,,,,,,,20.7031942567989,
Maldivas,MDV,2007,0.0,75.686,9.537,8.31,,,,,,,,3.58972453638491,
Maldivas,MDV,2008,0.0,76.543,10.515,11.47,,,,,,,,5.17649136422973,
Maldivas,MDV,2009,0.0,77.069,11.697,10.09,,,,,,,,-11.3558497961714,38.4
Maldivas,MDV,2010,0.0,77.657,10.851,8.49,,,,,,,,3.13083707603361,
Maldivas,MDV,2011,0.0,78.124,10.01,7.92,,,,,,,,4.84236109190815,
Maldivas,MDV,2012,0.0,78.682,9.142,8.67,,,,,,,,-1.09619519688266,
Maldivas,MDV,2013,0.0,79.057,8.298,8.16,,,,,,,,3.44280818035423,
Maldivas,MDV,2014,0.0,79.424,7.461,7.91,,,,,,,,3.65965455466024,
Maldivas,MDV,2015,0.0,79.695,6.612,8.73,,,,,,,,-0.526273218932744,
Maldivas,MDV,2016,0.0,79.872,5.77,10.31,,,,,,,,2.19206020050278,31.3
Maldivas,MDV,2017,0.0,79.943,5.376,9.27,,,,,,,,2.93271651568628,
Maldivas,MDV,2018,0.0,80.013,4.959,7.44,,,,,,,,4.82591444153626,
Maldivas,MDV,2019,0.0,80.116,4.562,7.66,,,,,,,,4.16131819093712,29.3
Maldivas,MDV,2020,0.0,79.875,5.404,11.35,,,,,,,,-34.2038639987036,
Maldivas,MDV,2021,0.0,79.918,5.021,10.03,,,,,,,,35.8338728330443,
Maldivas,MDV,2022,0.0,80.839,4.424,,,,,,,,,13.3999769851713,
Maldivas,MDV,2023,0.0,,4.127,,,,,,,,,4.52476736638083,
Oriente Medio y Norte de África,MEA,2001,0.0,69.6311315403224,11.9537795259425,4.77049317089337,,,,,,,,-0.532081465128641,
Oriente Medio y Norte de África,MEA,2002,0.0,69.9765924524348,12.1014746556621,4.65460499798974,,,,,,,,-0.379466192087037,
Oriente Medio y Norte de África,MEA,2003,0.0,69.8601811862713,11.8259860889386,4.50071000752677,,,,,,,,3.12330268070026,
Oriente Medio y Norte de África,MEA,2004,0.0,70.3384398627153,10.7139839718951,4.27846627912797,,,,,,,,5.71805809437744,
Oriente Medio y Norte de África,MEA,2005,0.0,70.6309307908833,10.8352122103983,4.04313430867029,,,,,,,,2.78289183355878,
Oriente Medio y Norte de África,MEA,2006,0.0,70.8402881373532,10.14655340566,3.95169839763011,,,,,,,,3.50988623714508,
Oriente Medio y Norte de África,MEA,2007,0.0,71.1803591602098,9.61844266062356,3.99552020234252,,,,,,,,2.69927786210968,
Oriente Medio y Norte de África,MEA,2008,0.0,71.4663911342211,9.2733792584142,3.88100645491028,,,,,,,,2.10958519246233,
Oriente Medio y Norte de África,MEA,2009,0.0,71.8198069070667,9.42350549185072,4.82955189458082,,,,,,,,-1.7406168927366,
Oriente Medio y Norte de África,MEA,2010,0.0,72.1063833194012,9.58559258430868,4.5792575075716,,,,,,,,2.77286128989327,
Oriente Medio y Norte de África,MEA,2011,0.0,72.3722852310438,10.1084049674445,4.46873575547598,,,,,,,,1.69132889662067,
Oriente Medio y Norte de África,MEA,2012,0.0,72.2846780246288,10.4415883849147,4.5276257845671,,,,,,,,1.91327954761418,
Oriente Medio y Norte de África,MEA,2013,0.0,72.3442426683639,10.1805818167562,4.56698247134045,,,,,,,,0.0775501572566952,
Oriente Medio y Norte de África,MEA,2014,0.0,72.6238633901154,10.2769842504711,4.96469114606839,,,,,,,,0.718841731544089,
Oriente Medio y Norte de África,MEA,2015,0.0,72.8895160840123,10.541031620978,5.52636040584308,,,,,,,,0.629204042928038,
Oriente Medio y Norte de África,MEA,2016,0.0,73.1525218426913,10.614383939186,5.87289991675023,,,,,,,,2.4044649137589,
Oriente Medio y Norte de África,MEA,2017,0.0,73.6097428540992,10.797465686371,5.80262087863869,,,,,,,,0.179110579423252,
Oriente Medio y Norte de África,MEA,2018,0.0,73.8115171255443,10.4034809410759,5.42423930112215,,,,,,,,0.461847567082756,
Oriente Medio y Norte de África,MEA,2019,0.0,73.9591150111936,9.75438801996505,5.3520680455719,,,,,,,,-0.363047292031823,
Oriente Medio y Norte de África,MEA,2020,0.0,72.9497683319316,10.4932836820598,6.0404208264848,,,,,,,,-5.37603979305476,
Oriente Medio y Norte de África,MEA,2021,0.0,72.745678008424,10.108600541377,5.76329669648407,,,,,,,,4.22479837636243,
Oriente Medio y Norte de África,MEA,2022,0.0,73.2112632494725,9.55675996872468,,,,,,,,,4.22526861134256,
Oriente Medio y Norte de África,MEA,2023,0.0,,9.22527629027245,,,,,,,,,0.254145145249311,
México,MEX,2001,0.0,73.867,2.627,4.8203578,,,,,,,,-1.9740608911209,
México,MEX,2002,0.0,74.106,3.003,5.07164288,,,,,,,,-1.74197265971698,50.6
México,MEX,2003,0.0,74.274,3.455,5.81486416,,,,,,,,-0.308351809255328,
México,MEX,2004,0.0,74.372,3.937,5.95390368,,,,,,,,2.05451828034889,50.3
México,MEX,2005,0.0,74.376,3.558,5.83612156,,,,,,,,0.663910241421078,50.9
México,MEX,2006,0.0,74.331,3.566,5.65525532,,,,,,,,3.38875709504207,49.7
México,MEX,2007,0.0,74.238,3.628,5.76644468,,,,,,,,0.743081226435535,
México,MEX,2008,0.0,74.152,3.874,5.69886971,,,,,,,,-0.328086086150947,50.8
México,MEX,2009,0.0,74.119,5.356,6.12978411,,,,,,,,-7.44700135294536,
México,MEX,2010,0.0,74.19,5.303,5.73688889,,,,,,,,3.58800272877093,47.7
México,MEX,2011,0.0,74.365,5.175,5.51883602,,,,,,,,1.97772849965163,
México,MEX,2012,0.0,74.574,4.892,5.66522074,,,,,,,,2.11702296200693,49.6
México,MEX,2013,0.0,74.739,4.921,5.80923605,,,,,,,,-0.467572586540285,
México,MEX,2014,0.0,74.797,4.819,5.55340958,,,,,,,,1.23907995260342,48.9
México,MEX,2015,0.0,74.682,4.311,5.72277355,,,,,,,,1.51074466053764,
México,MEX,2016,0.0,74.412,3.853,5.55345821,,,,,,,,0.625682747204579,46.9
México,MEX,2017,0.0,74.138,3.419,5.45759058,,,,,,,,0.777009685996944,
México,MEX,2018,0.0,74.015,3.275,5.38345814,,,,,,,,1.00624881882332,46.0
México,MEX,2019,0.0,74.202,3.477,5.44796371,,,,,,,,-1.10575827225217,
México,MEX,2020,0.0,70.133,4.441,6.22204065,,,,,,,,-9.28666749671056,44.6
México,MEX,2021,0.0,70.213,4.019,6.07868719,,,,,,,,5.14933266062441,
México,MEX,2022,0.0,74.832,3.256,,,,,,,,,3.29761793855816,43.5
México,MEX,2023,0.0,,2.812,,,,,,,,,2.46414431285061,
Islas Marshall,MHL,2001,0.0,63.642,,14.81642723,,,,,,,,6.55862614465177,
Islas Marshall,MHL,2002,0.0,63.719,,12.84072018,,,,,,,,3.47795007565853,
Islas Marshall,MHL,2003,0.0,63.745,,12.76533508,,,,,,,,-1.55628123208358,
Islas Marshall,MHL,2004,0.0,63.695,,15.61940098,,,,,,,,-0.586467719563416,
Islas Marshall,MHL,2005,0.0,63.585,,20.21598053,,,,,,,,1.96826612911261,
Islas Marshall,MHL,2006,0.0,63.489,,20.33398056,,,,,,,,0.45810951193333,
Islas Marshall,MHL,2007,0.0,63.36,,16.26939583,,,,,,,,3.74162028269866,
Islas Marshall,MHL,2008,0.0,63.236,,15.20470905,,,,,,,,-7.26530022052896,
Islas Marshall,MHL,2009,0.0,63.23,,14.53969955,,,,,,,,4.12970653952766,
Islas Marshall,MHL,2010,0.0,63.226,,13.93147564,,,,,,,,5.79617437008066,
Islas Marshall,MHL,2011,0.0,63.256,,13.08627224,,,,,,,,0.624117250147037,
Islas Marshall,MHL,2012,0.0,63.373,,13.03814125,,,,,,,,0.143055383821661,
Islas Marshall,MHL,2013,0.0,63.464,,13.46883583,,,,,,,,5.3274707195342,
Islas Marshall,MHL,2014,0.0,63.623,,13.20781231,,,,,,,,0.671504268016434,
Islas Marshall,MHL,2015,0.0,63.827,,15.33984375,,,,,,,,4.18551071137078,
Islas Marshall,MHL,2016,0.0,64.057,,15.73866177,,,,,,,,4.42900584421099,
Islas Marshall,MHL,2017,0.0,64.27,,14.38502884,,,,,,,,6.24432015224482,
Islas Marshall,MHL,2018,0.0,64.5,,15.26284122,,,,,,,,8.41160209803316,
Islas Marshall,MHL,2019,0.0,64.746,,14.82552052,,,,,,,,13.4691070167046,35.5
Islas Marshall,MHL,2020,0.0,64.977,,12.58777618,,,,,,,,0.0968588268346764,
Islas Marshall,MHL,2021,0.0,65.269,,12.54863834,,,,,,,,4.3897341034608,
Islas Marshall,MHL,2022,0.0,65.146,,,,,,,,,,0.473769941297064,
Islas Marshall,MHL,2023,0.0,,,,,,,,,,,2.17643471239751,
Ingreso mediano,MIC,2001,0.0,66.9869421379513,6.06871692658796,5.03592144196622,,,,,,,,2.12840539514714,
Ingreso mediano,MIC,2002,0.0,67.3266384056373,6.3018484849855,4.89109693362145,,,,,,,,3.28513247025705,
Ingreso mediano,MIC,2003,0.0,67.6176650016246,6.41317063829259,4.97147997188824,,,,,,,,4.47255772726392,
Ingreso mediano,MIC,2004,0.0,67.8359839718437,6.32655459247612,4.94317361422812,,,,,,,,6.27057475249477,
Ingreso mediano,MIC,2005,0.0,68.242030054801,6.34773642611557,4.95040947049346,,,,,,,,5.94356628852491,
Ingreso mediano,MIC,2006,0.0,68.5907816087817,6.1439775182474,4.88624029209844,,,,,,,,6.90439968616974,
Ingreso mediano,MIC,2007,0.0,68.8336939096243,6.04451849893903,4.80304083739369,,,,,,,,7.56809612631781,
Ingreso mediano,MIC,2008,0.0,68.9933460789993,6.02473290566636,4.83334828625498,,,,,,,,4.63619589252554,
Ingreso mediano,MIC,2009,0.0,69.3999586825181,6.22735326268484,5.14947969467816,,,,,,,,2.70927143487525,
Ingreso mediano,MIC,2010,0.0,69.6990329834877,5.9991026735412,4.98838350758198,,,,,,,,6.86170012007335,
Ingreso mediano,MIC,2011,0.0,70.0476867002465,5.9030733137823,4.98473818665244,,,,,,,,5.17532839494572,
Ingreso mediano,MIC,2012,0.0,70.3901220774551,5.90709729851792,5.03208596225875,,,,,,,,4.31352968143219,
Ingreso mediano,MIC,2013,0.0,70.7203164660527,5.85971327366799,5.11014633455634,,,,,,,,4.31339519893952,
Ingreso mediano,MIC,2014,0.0,71.0615603147882,5.82618820308018,5.14091112570666,,,,,,,,3.86928404890747,
Ingreso mediano,MIC,2015,0.0,71.3512267319122,6.00433934951919,5.24001875081833,,,,,,,,3.57040172197902,
Ingreso mediano,MIC,2016,0.0,71.621258310903,6.07205217797714,5.25211811471246,,,,,,,,3.58848159787757,
Ingreso mediano,MIC,2017,0.0,71.8449111029363,6.0885967228178,5.25915179304283,,,,,,,,4.16823419020436,
Ingreso mediano,MIC,2018,0.0,72.1367959054001,6.01535548161313,5.20116100489775,,,,,,,,3.85752497276208,
Ingreso mediano,MIC,2019,0.0,72.3264678396864,5.86493424488872,5.25862035653263,,,,,,,,2.99583507638692,
Ingreso mediano,MIC,2020,0.0,71.6538984480762,6.70538259372903,5.53564808179492,,,,,,,,-2.17704269330478,
Ingreso mediano,MIC,2021,0.0,70.5806218182162,6.19770077175134,5.43762764207327,,,,,,,,6.5622759260708,
Ingreso mediano,MIC,2022,0.0,71.2879043700612,5.48401549316289,,,,,,,,,3.11810007521474,
Ingreso mediano,MIC,2023,0.0,,5.07688546290496,,,,,,,,,3.71097142616537,
Macedonia del Norte,MKD,2001,0.0,73.4365853658537,30.52,8.38,,,,,,,,-3.47368322147879,
Macedonia del Norte,MKD,2002,0.0,73.0390243902439,31.94,8.98,,,,,,,,2.23345659919198,
Macedonia del Norte,MKD,2003,0.0,73.2414634146342,36.69,9.01,,,,,,,,2.09282245300516,
Macedonia del Norte,MKD,2004,0.0,73.5975609756098,37.161,8.47,,,,,,,,5.01357406752894,
Macedonia del Norte,MKD,2005,0.0,73.6975609756098,37.32,7.68,,,,,,,,5.29102012277241,
Macedonia del Norte,MKD,2006,0.0,73.8951219512195,36.392,7.38,,,,,,,,5.71920223477417,
Macedonia del Norte,MKD,2007,0.0,73.8,35.231,6.57,,,,,,,,7.08313931163076,
Macedonia del Norte,MKD,2008,0.0,74.4,33.93,6.55,,,,,,,,6.08402471253315,
Macedonia del Norte,MKD,2009,0.0,74.4463414634146,32.351,6.53,,,,,,,,0.287981674208055,42.8
Macedonia del Norte,MKD,2010,0.0,74.9975609756098,33.135,6.71,,,,,,,,4.02171749784563,40.1
Macedonia del Norte,MKD,2011,0.0,75.1,31.502,6.52,,,,,,,,2.81001401364465,39.4
Macedonia del Norte,MKD,2012,0.0,74.9024390243903,31.096,6.61,,,,,,,,-0.0653472343038857,38.1
Macedonia del Norte,MKD,2013,0.0,75.4,29.017,6.72,,,,,,,,3.30559670350297,36.2
Macedonia del Norte,MKD,2014,0.0,75.4512195121951,28.215,6.29,,,,,,,,3.90792755780767,35.2
Macedonia del Norte,MKD,2015,0.0,75.4024390243902,26.395,6.34,,,,,,,,4.13429050530651,35.6
Macedonia del Norte,MKD,2016,0.0,75.4,24.312,6.38,,,,,,,,3.1782257470099,34.5
Macedonia del Norte,MKD,2017,0.0,75.9536585365854,22.857,6.44,,,,,,,,1.48936718625188,34.2
Macedonia del Norte,MKD,2018,0.0,76.6487804878049,21.208,6.46,,,,,,,,3.40375411089484,33.0
Macedonia del Norte,MKD,2019,0.0,76.6024390243903,17.414,7.07,,,,,,,,4.61869501137757,33.5
Macedonia del Norte,MKD,2020,0.0,74.3951219512195,16.575,7.73,,,,,,,,-3.65436823824773,
Macedonia del Norte,MKD,2021,0.0,73.2463414634146,15.801,8.52,,,,,,,,5.59213007924724,
Macedonia del Norte,MKD,2022,0.0,74.4248780487805,14.477,,,,,,,,,2.52317277876426,
Macedonia del Norte,MKD,2023,0.0,,13.075,,,,,,,,,2.12757791617015,
Malí,MLI,2001,0.0,51.284,1.264,4.51950884,,,,,,,,11.9427581313148,39.9
Malí,MLI,2002,0.0,52.222,1.297,4.99773645,,,,,,,,-0.0753532618200268,
Malí,MLI,2003,0.0,52.893,1.206,5.0505991,,,,,,,,5.67536639607663,
Malí,MLI,2004,0.0,53.538,1.36,5.21767759,,,,,,,,-1.70398742564592,
Malí,MLI,2005,0.0,54.003,1.325,5.19516516,,,,,,,,3.07087816454109,
Malí,MLI,2006,0.0,54.615,1.384,5.45589256,,,,,,,,1.25893788637745,38.9
Malí,MLI,2007,0.0,54.941,1.366,5.25303173,,,,,,,,0.13197525017506,
Malí,MLI,2008,0.0,55.291,1.394,5.02686644,,,,,,,,1.38750419331004,
Malí,MLI,2009,0.0,55.874,1.398,5.2122364,,,,,,,,1.44921749556957,33.0
Malí,MLI,2010,0.0,56.382,1.382,4.67865133,,,,,,,,1.94651923125954,
Malí,MLI,2011,0.0,56.755,1.408,4.01483774,,,,,,,,-0.0721934632011454,
Malí,MLI,2012,0.0,57.079,1.49,3.7521615,,,,,,,,-3.68861371204562,
Malí,MLI,2013,0.0,57.357,1.54,3.96750712,,,,,,,,-0.648802878305304,
Malí,MLI,2014,0.0,57.9,1.492,4.48158312,,,,,,,,3.74263870957725,
Malí,MLI,2015,0.0,58.363,1.406,4.11143351,,,,,,,,2.88286060712548,
Malí,MLI,2016,0.0,58.731,1.367,3.77377558,,,,,,,,2.52844829516809,
Malí,MLI,2017,0.0,59.132,1.494,3.67425752,,,,,,,,1.97229511633348,
Malí,MLI,2018,0.0,59.393,1.62,3.73249912,,,,,,,,1.47317672512852,36.0
Malí,MLI,2019,0.0,59.664,2.414,3.82943797,,,,,,,,1.53145706904149,
Malí,MLI,2020,0.0,58.633,3.528,3.47597885,,,,,,,,-4.29096596011043,
Malí,MLI,2021,0.0,58.941,2.29,4.47341442,,,,,,,,-0.150902080045483,35.7
Malí,MLI,2022,0.0,59.417,3.09,,,,,,,,,0.32124412971784,
Malí,MLI,2023,0.0,,3.008,,,,,,,,,2.07362032709415,
Malta,MLT,2001,12.276231000000001,78.8439024390244,7.107,7.0,0.818242,0.255286,0.453401,0.968165,3.398177,5.326447,1.056513,-1.91419922304655,
Malta,MLT,2002,12.284297,78.7390243902439,6.902,7.71,0.825617,0.255503,0.458251,0.966512,3.396016,5.325785,1.056613,1.80347566372615,
Malta,MLT,2003,12.292093999999999,78.5463414634146,7.488,7.9,0.832382,0.255728,0.462575,0.964533,3.39451,5.325286,1.05708,3.39178505137335,
Malta,MLT,2004,12.298275,79.2536585365854,7.317,8.05,0.838165,0.255917,0.467217,0.962849,3.392075,5.324526,1.057526,-0.530048461102623,
Malta,MLT,2005,12.305304000000001,79.3,6.923,8.66,0.844479,0.256027,0.471221,0.962074,3.389502,5.32357,1.058431,2.7266844435393,
Malta,MLT,2006,12.308786,79.4390243902439,6.798,8.81,0.850773,0.256063,0.474122,0.962008,3.379254,5.322455,1.064111,2.13733998176279,28.0
Malta,MLT,2007,12.312809000000001,79.7926829268293,6.472,8.17,0.858803,0.256091,0.476736,0.961944,3.36346,5.320941,1.074834,4.40993513844153,29.2
Malta,MLT,2008,12.318914,79.6365853658537,5.977,7.86,0.865594,0.256127,0.479273,0.961901,3.348204,5.320182,1.087633,3.15300028932182,29.0
Malta,MLT,2009,12.321942,80.2414634146342,6.896,7.92,0.870248,0.256167,0.482382,0.961906,3.333704,5.319233,1.098302,-1.87642962600751,30.2
Malta,MLT,2010,12.326011000000001,81.3975609756098,6.861,7.95,0.872387,0.25622,0.485439,0.961872,3.328033,5.318442,1.103618,5.02649888712081,29.0
Malta,MLT,2011,12.330884,80.7463414634146,6.388,8.45,0.873085,0.256313,0.488768,0.961901,3.327916,5.317793,1.105108,0.0422713138825515,29.1
Malta,MLT,2012,12.33515,80.7463414634146,6.203,8.38,0.873326,0.256444,0.491893,0.961946,3.327814,5.317027,1.1067,3.18566714064015,29.4
Malta,MLT,2013,12.347353,81.7463414634146,6.115,8.5,0.873497,0.256622,0.496907,0.962061,3.333244,5.317038,1.107984,4.00280476642976,28.8
Malta,MLT,2014,12.359656,82.0463414634146,5.737,9.09,0.872936,0.256825,0.502084,0.962254,3.339847,5.316904,1.108806,5.50567583401256,29.0
Malta,MLT,2015,12.371073,81.8975609756097,5.389,8.9,0.870169,0.257058,0.507238,0.962467,3.347923,5.317005,1.109213,7.02341244072613,29.4
Malta,MLT,2016,12.38696,82.4536585365854,4.694,8.97,0.868233,0.25733,0.512867,0.962704,3.359126,5.31739,1.10931,1.04231563575796,29.1
Malta,MLT,2017,12.405790000000001,82.3463414634146,4.008,8.73,0.864663,0.257632,0.51914,0.96295,3.374137,5.317984,1.109284,7.87413426177386,29.2
Malta,MLT,2018,0.0,82.4487804878049,3.665,8.55,,,,,,,,3.7300762666413,28.7
Malta,MLT,2019,0.0,82.8585365853659,3.627,9.15,,,,,,,,2.99453383390713,31.0
Malta,MLT,2020,0.0,82.3487804878049,4.357,10.74,,,,,,,,-10.1653346153905,31.4
Malta,MLT,2021,0.0,82.5073170731707,3.403,10.58,,,,,,,,11.8187308563635,
Malta,MLT,2022,0.0,82.7,2.929,,,,,,,,,5.51626066811126,
Malta,MLT,2023,0.0,,3.125,,,,,,,,,1.39463214343989,
Myanmar,MMR,2001,7.673732,60.416,0.7,2.15,0.568841,0.194816,0.081153,0.501768,2.235922,3.241526,0.849706,10.191004629223,
Myanmar,MMR,2002,7.684138,60.725,0.685,2.58,0.568675,0.195942,0.082901,0.502359,2.237573,3.247281,0.849407,10.9038080970688,
Myanmar,MMR,2003,7.697100000000001,60.98,0.683,2.38,0.568645,0.197218,0.085543,0.503071,2.239579,3.253788,0.849256,12.7666464699668,
Myanmar,MMR,2004,7.711326,61.25,0.678,2.32,0.568369,0.19853,0.088354,0.503811,2.242549,3.26031,0.849403,12.5711109344626,
Myanmar,MMR,2005,7.723491,61.599,0.67,2.33,0.568402,0.199749,0.090669,0.504443,2.244641,3.265598,0.849989,12.6503342043617,
Myanmar,MMR,2006,7.736632,61.893,0.669,2.25,0.56744,0.200973,0.093437,0.50501,2.247225,3.270468,0.852079,12.2206449136949,
Myanmar,MMR,2007,7.751715,62.371,0.673,2.02,0.566608,0.202338,0.096383,0.505628,2.248896,3.275862,0.856,11.1652987828751,
Myanmar,MMR,2008,7.767118999999999,56.506,0.684,2.11,0.565027,0.203752,0.099571,0.506271,2.250329,3.281723,0.860446,9.61309144417291,
Myanmar,MMR,2009,7.781137,63.155,0.696,2.16,0.564461,0.205114,0.102574,0.506868,2.250691,3.287142,0.864287,9.90417710212709,
Myanmar,MMR,2010,7.793912,63.329,0.707,1.96,0.564225,0.206333,0.105711,0.507365,2.252659,3.291158,0.866461,8.80170496150714,
Myanmar,MMR,2011,7.8067280000000006,63.901,0.723,1.93,0.565363,0.207443,0.108347,0.507792,2.255905,3.294603,0.867275,4.73577071481266,
Myanmar,MMR,2012,7.823024,64.141,0.742,2.41,0.566976,0.208559,0.111296,0.508231,2.26182,3.298047,0.868095,6.42716418154016,
Myanmar,MMR,2013,7.839132000000001,64.815,0.753,3.2,0.568487,0.209678,0.114334,0.508697,2.267493,3.301534,0.868909,7.50515462728801,
Myanmar,MMR,2014,7.856435,65.056,0.749,4.39,0.57025,0.210781,0.117105,0.509153,2.274676,3.304862,0.869608,7.27167197506392,
Myanmar,MMR,2015,7.874524000000001,65.561,0.766,5.48,0.572084,0.211861,0.120132,0.509602,2.282712,3.307999,0.870134,6.13764278615434,38.1
Myanmar,MMR,2016,7.89281,65.685,1.043,5.11,0.574688,0.21291,0.12292,0.510042,2.290754,3.311078,0.870418,5.02932053777914,
Myanmar,MMR,2017,7.912259999999999,65.843,1.356,5.08,0.576855,0.213915,0.125738,0.510456,2.300982,3.313936,0.870378,5.33231433903833,30.7
Myanmar,MMR,2018,0.0,66.465,0.767,4.9,,,,,,,,5.50679808737398,
Myanmar,MMR,2019,0.0,66.61,0.407,4.71,,,,,,,,5.82719584398748,
Myanmar,MMR,2020,0.0,66.797,1.476,4.62,,,,,,,,-9.70037122578579,
Myanmar,MMR,2021,0.0,65.672,4.34,5.63,,,,,,,,-12.6294766630845,
Myanmar,MMR,2022,0.0,67.256,2.83,,,,,,,,,3.30545413445927,
Myanmar,MMR,2023,0.0,,2.841,,,,,,,,,0.264419338525528,
Oriente Medio y Norte de África (excluido altos ingresos),MNA,2001,0.0,68.9732952175763,13.1429593632504,5.06810673541349,,,,,,,,0.769832637060517,
Oriente Medio y Norte de África (excluido altos ingresos),MNA,2002,0.0,69.3260675196513,13.2480610311964,4.98406634169461,,,,,,,,1.29879028150803,
Oriente Medio y Norte de África (excluido altos ingresos),MNA,2003,0.0,69.1433468828083,12.8793231534892,4.82852065450842,,,,,,,,0.480069365154662,
Oriente Medio y Norte de África (excluido altos ingresos),MNA,2004,0.0,69.6247662656893,11.5595534182309,4.733695867351,,,,,,,,5.6723132488211,
Oriente Medio y Norte de África (excluido altos ingresos),MNA,2005,0.0,69.9073718191941,11.7628476219827,4.56195293510171,,,,,,,,2.46138035409116,
Oriente Medio y Norte de África (excluido altos ingresos),MNA,2006,0.0,70.091654959821,11.0123247384633,4.46336523034379,,,,,,,,3.27943137726498,
Oriente Medio y Norte de África (excluido altos ingresos),MNA,2007,0.0,70.4258404792105,10.5488404562599,4.49350100571372,,,,,,,,4.02063221871775,
Oriente Medio y Norte de África (excluido altos ingresos),MNA,2008,0.0,70.6835398614075,10.3482778380016,4.50429892205282,,,,,,,,1.76531027808822,
Oriente Medio y Norte de África (excluido altos ingresos),MNA,2009,0.0,71.0222190467391,10.5017682083908,5.28203958024139,,,,,,,,0.607664950616964,
Oriente Medio y Norte de África (excluido altos ingresos),MNA,2010,0.0,71.2768418587679,10.7690157916402,5.16963008198367,,,,,,,,3.32173493667483,
Oriente Medio y Norte de África (excluido altos ingresos),MNA,2011,0.0,71.5228584581609,11.4989173752361,5.16848865987314,,,,,,,,-2.76965484610297,
Oriente Medio y Norte de África (excluido altos ingresos),MNA,2012,0.0,71.3776471462326,12.0216658020245,5.29635713177753,,,,,,,,1.67633662991729,
Oriente Medio y Norte de África (excluido altos ingresos),MNA,2013,0.0,71.4057468128264,11.7655031919355,5.10922259735615,,,,,,,,-1.49873252551012,
Oriente Medio y Norte de África (excluido altos ingresos),MNA,2014,0.0,71.7027790275536,11.9095490156231,5.47738213327213,,,,,,,,-0.219407427990703,
Oriente Medio y Norte de África (excluido altos ingresos),MNA,2015,0.0,71.9861891242774,12.3675282557496,5.98579034495422,,,,,,,,-1.24375116971083,
Oriente Medio y Norte de África (excluido altos ingresos),MNA,2016,0.0,72.2564883768439,12.5166150150821,6.37078824226261,,,,,,,,3.50784230408622,
Oriente Medio y Norte de África (excluido altos ingresos),MNA,2017,0.0,72.7670011397562,12.7176995786461,6.35392112036872,,,,,,,,1.39638586335218,
Oriente Medio y Norte de África (excluido altos ingresos),MNA,2018,0.0,72.9843734174749,12.2635996062965,5.92507486315291,,,,,,,,0.0880308736320501,
Oriente Medio y Norte de África (excluido altos ingresos),MNA,2019,0.0,73.1439185925959,11.4990845341433,5.41555087502351,,,,,,,,-0.604906581433596,
Oriente Medio y Norte de África (excluido altos ingresos),MNA,2020,0.0,72.1726969965726,12.0543845266066,5.43157349295372,,,,,,,,-5.92351528140007,
Oriente Medio y Norte de África (excluido altos ingresos),MNA,2021,0.0,71.8998757257437,11.7053721951154,5.46761959430632,,,,,,,,4.63648409824432,
Oriente Medio y Norte de África (excluido altos ingresos),MNA,2022,0.0,72.2970508645214,11.1777437501809,,,,,,,,,2.86572887450622,
Oriente Medio y Norte de África (excluido altos ingresos),MNA,2023,0.0,,10.8744458910793,,,,,,,,,1.17048209332783,
Montenegro,MNE,2001,9.425742,74.0694146341464,30.308,,0.647313,0.198504,0.163256,0.708658,2.585114,3.409586,1.713311,0.693867401671412,
Montenegro,MNE,2002,9.446121,73.9064878048781,30.277,,0.647625,0.198868,0.164201,0.708953,2.585275,3.413949,1.72725,1.49637312245436,
Montenegro,MNE,2003,9.471729,73.9317317073171,30.318,,0.647315,0.199312,0.166207,0.709302,2.585842,3.418989,1.744762,2.07441379687521,
Montenegro,MNE,2004,9.493910999999999,74.5639512195122,30.315,,0.646578,0.199732,0.168314,0.709635,2.58424,3.423401,1.762011,4.24115443247457,
Montenegro,MNE,2005,9.513036000000001,73.9829268292683,30.31,,0.646569,0.200039,0.170166,0.709921,2.585337,3.425698,1.775306,4.02660484276163,
Montenegro,MNE,2006,9.528277,73.8390243902439,24.843,,0.643745,0.2003,0.172689,0.71019,2.585826,3.426751,1.788776,8.43155401049707,
Montenegro,MNE,2007,9.548389,74.3390243902439,19.4,,0.639327,0.200628,0.175704,0.710495,2.587538,3.427822,1.806875,6.66273607597991,
Montenegro,MNE,2008,9.565013,75.1365853658537,17.15,,0.633187,0.200973,0.178399,0.7108,2.587327,3.428802,1.825525,7.0326268462032,
Montenegro,MNE,2009,9.578622000000001,75.1439024390244,19.09,,0.627388,0.201288,0.181026,0.711087,2.587371,3.429727,1.840735,-5.99697748606286,
Montenegro,MNE,2010,9.584710000000001,75.990243902439,19.649,,0.623711,0.201528,0.183531,0.711318,2.585677,3.430299,1.848646,2.54625315972683,
Montenegro,MNE,2011,9.586896,75.9829268292683,19.759,7.97,0.621542,0.201728,0.185741,0.711527,2.584255,3.430556,1.851547,3.12007495624715,
Montenegro,MNE,2012,9.585818999999999,76.2,19.808,8.3,0.618891,0.20195,0.187269,0.711731,2.581599,3.430114,1.854265,-2.80561175003068,41.2
Montenegro,MNE,2013,9.581376,76.490243902439,19.585,8.47,0.615684,0.202192,0.188755,0.711952,2.577204,3.429234,1.856355,3.44796578700294,39.0
Montenegro,MNE,2014,9.576308000000001,76.4414634146341,18.054,8.0,0.612233,0.202449,0.190406,0.712186,2.573647,3.428189,1.857198,1.68499387988115,38.8
Montenegro,MNE,2015,9.569464,76.4487804878049,17.555,9.02,0.608275,0.202715,0.191711,0.712429,2.57097,3.42693,1.856434,3.33238457780671,39.0
Montenegro,MNE,2016,9.558063,76.4414634146341,17.732,8.63,0.605848,0.202979,0.193395,0.712658,2.564183,3.425511,1.853489,2.92545800874741,38.5
Montenegro,MNE,2017,9.543664,76.4853658536585,16.082,7.98,0.60265,0.203248,0.194161,0.712896,2.55864,3.423967,1.848102,4.70468752737763,36.9
Montenegro,MNE,2018,0.0,76.8414634146342,15.19,8.34,,,,,,,,5.10254439807166,36.8
Montenegro,MNE,2019,0.0,76.6829268292683,15.128,8.33,,,,,,,,4.09623694324546,35.7
Montenegro,MNE,2020,0.0,75.9317073170732,17.878,11.42,,,,,,,,-15.2084745840286,35.4
Montenegro,MNE,2021,0.0,73.8243902439024,16.543,10.55,,,,,,,,13.4259284810017,34.3
Montenegro,MNE,2022,0.0,76.1878048780488,15.288,,,,,,,,,6.75113280678158,
Montenegro,MNE,2023,0.0,,15.254,,,,,,,,,6.16009430671684,
Mongolia,MNG,2001,10.102299,63.279,6.107,5.05435562,0.482348,0.18104,0.13463,0.646003,3.523426,2.531332,2.60352,2.05242638618437,
Mongolia,MNG,2002,10.200401999999999,63.518,6.2,5.18856382,0.484421,0.181558,0.135912,0.646825,3.527995,2.523036,2.700655,3.80866773848069,32.9
Mongolia,MNG,2003,10.308983999999999,64.208,6.768,4.10218763,0.488018,0.182188,0.137801,0.647744,3.533077,2.513081,2.807075,6.07608185435184,
Mongolia,MNG,2004,10.419697000000001,64.796,6.852,4.15718555,0.490489,0.182827,0.139838,0.648653,3.538844,2.505322,2.913724,9.68847101714493,
Mongolia,MNG,2005,10.527287000000001,64.879,7.015,3.7552557,0.49296,0.18336,0.14166,0.649384,3.544997,2.503303,3.011623,6.36077020250249,
Mongolia,MNG,2006,10.64635,65.513,7.193,3.74971509,0.496838,0.183882,0.144154,0.650016,3.551049,2.505667,3.114744,7.63155362250785,
Mongolia,MNG,2007,10.785046,65.97,7.2,4.07522774,0.503421,0.184523,0.147004,0.650712,3.560469,2.508733,3.230184,9.21557951052876,35.8
Mongolia,MNG,2008,10.917466000000001,66.382,5.565,4.55693007,0.510565,0.185212,0.15016,0.651391,3.56917,2.511849,3.339119,7.73259499061483,
Mongolia,MNG,2009,11.018755,66.766,5.86,4.45980072,0.517451,0.185872,0.153606,0.651976,3.573566,2.514831,3.421453,-2.48393668383599,
Mongolia,MNG,2010,11.069258999999999,67.182,6.549,3.73945689,0.521156,0.186432,0.156839,0.652384,3.577486,2.517067,3.457895,4.95587799369011,33.1
Mongolia,MNG,2011,11.083265,67.439,4.769,3.58612084,0.523059,0.186941,0.159947,0.652681,3.576211,2.519978,3.464448,15.5203478519919,33.9
Mongolia,MNG,2012,11.096292,68.111,3.905,3.85800076,0.524219,0.18749,0.163073,0.652979,3.573164,2.525246,3.470121,10.3725293070213,33.8
Mongolia,MNG,2013,11.109511,68.585,4.231,4.08932018,0.525421,0.188076,0.166452,0.653285,3.56871,2.53239,3.475177,9.57679234415352,
Mongolia,MNG,2014,11.119935,69.047,4.798,4.20989752,0.527485,0.188694,0.169617,0.653615,3.560252,2.54142,3.478852,5.74188399910165,32.0
Mongolia,MNG,2015,11.12751,69.498,4.861,4.23154545,0.528367,0.189334,0.173016,0.653948,3.550133,2.551804,3.480908,0.241383711641021,
Mongolia,MNG,2016,11.13277,69.865,7.235,4.58008575,0.52969,0.189989,0.176766,0.654278,3.53802,2.563072,3.480955,-0.681209924413565,32.3
Mongolia,MNG,2017,11.134497000000001,70.237,6.359,4.33954334,0.530315,0.190648,0.180157,0.654601,3.525488,2.57518,3.478108,3.36874224166412,
Mongolia,MNG,2018,0.0,71.199,5.377,4.53449297,,,,,,,,5.43057257328132,32.7
Mongolia,MNG,2019,0.0,71.822,9.269,4.49497843,,,,,,,,3.36636842682287,
Mongolia,MNG,2020,0.0,72.141,6.594,4.6662488,,,,,,,,-6.35124060523478,
Mongolia,MNG,2021,0.0,70.975,7.747,6.911304,,,,,,,,0.0141488620388373,
Mongolia,MNG,2022,0.0,72.667,6.211,,,,,,,,,3.46931870575813,31.4
Mongolia,MNG,2023,0.0,,6.134,,,,,,,,,5.50819031633058,
Mariana,MNP,2001,0.0,,,,,,,,,,,,
Mariana,MNP,2002,0.0,,,,,,,,,,,,
Mariana,MNP,2003,0.0,,,,,,,,,,,3.75728331636293,
Mariana,MNP,2004,0.0,,,,,,,,,,,0.595458058667163,
Mariana,MNP,2005,0.0,,,,,,,,,,,-9.06936084493742,
Mariana,MNP,2006,0.0,,,,,,,,,,,-2.69153418990746,
Mariana,MNP,2007,0.0,,,,,,,,,,,-2.22913362410786,
Mariana,MNP,2008,0.0,,,,,,,,,,,-6.59896117419547,
Mariana,MNP,2009,0.0,,,,,,,,,,,-13.2739001776424,
Mariana,MNP,2010,0.0,,,,,,,,,,,6.96187069919971,
Mariana,MNP,2011,0.0,,,,,,,,,,,-4.62092276427026,
Mariana,MNP,2012,0.0,,,,,,,,,,,1.12079649694958,
Mariana,MNP,2013,0.0,,,,,,,,,,,3.11027126743821,
Mariana,MNP,2014,0.0,,,,,,,,,,,4.75010432585759,
Mariana,MNP,2015,0.0,,,,,,,,,,,4.06981852659369,
Mariana,MNP,2016,0.0,,,,,,,,,,,30.1749009860797,
Mariana,MNP,2017,0.0,,,,,,,,,,,24.1516494389845,
Mariana,MNP,2018,0.0,,,,,,,,,,,-18.5867821588383,
Mariana,MNP,2019,0.0,,,,,,,,,,,-10.527482957259,
Mariana,MNP,2020,0.0,,,,,,,,,,,-29.2965469244041,
Mariana,MNP,2021,0.0,,,,,,,,,,,,
Mariana,MNP,2022,0.0,,,,,,,,,,,,
Mariana,MNP,2023,0.0,,,,,,,,,,,,
Mozambique,MOZ,2001,10.398291,50.065,2.84,2.87893057,0.501034,0.149006,0.082448,0.604692,3.8346,3.604284,1.622227,10.0508715598512,
Mozambique,MOZ,2002,10.420361,50.59,2.906,3.2773509,0.502632,0.149708,0.084142,0.60492,3.842862,3.604747,1.63135,6.88657191449487,47.0
Mozambique,MOZ,2003,10.443978000000001,50.87,2.869,3.39533854,0.504363,0.150494,0.085682,0.605191,3.851475,3.60536,1.641413,4.46942343287198,
Mozambique,MOZ,2004,10.468059,51.249,2.958,3.67226458,0.50554,0.151237,0.087122,0.605485,3.861878,3.606237,1.65056,5.4155443124279,
Mozambique,MOZ,2005,10.484107,51.561,3.029,4.37538815,0.506402,0.151804,0.088624,0.605775,3.867162,3.607433,1.656907,3.59412601253256,
Mozambique,MOZ,2006,10.497353999999998,51.961,3.027,4.08873844,0.508281,0.152266,0.089893,0.606125,3.870196,3.60898,1.661613,7.12862473263326,
Mozambique,MOZ,2007,10.506969,52.566,3.065,3.93067098,0.508376,0.152756,0.090975,0.606583,3.870559,3.61092,1.6668,4.89479579600078,
Mozambique,MOZ,2008,10.518207,53.164,3.095,4.22139311,0.51037,0.153238,0.09236,0.607104,3.869795,3.61353,1.67181,4.11352006345244,45.5
Mozambique,MOZ,2009,10.529729999999999,53.788,3.182,5.20390034,0.511412,0.153674,0.093269,0.607629,3.870769,3.61686,1.676117,3.13829580890182,
Mozambique,MOZ,2010,10.540942000000001,54.198,3.24,5.43892908,0.512253,0.154025,0.094592,0.608095,3.87187,3.620915,1.679192,3.73431355081691,
Mozambique,MOZ,2011,10.556466,54.869,3.279,5.00311899,0.513848,0.154326,0.095747,0.608513,3.876339,3.625862,1.681831,4.03778569067535,
Mozambique,MOZ,2012,10.572647,55.639,3.305,5.24640608,0.514968,0.154639,0.096922,0.608946,3.880238,3.63174,1.685194,4.78747235869217,
Mozambique,MOZ,2013,10.591259,56.492,3.338,6.12585449,0.517469,0.154957,0.098348,0.609382,3.883633,3.6384,1.68907,3.34655185505068,
Mozambique,MOZ,2014,10.611387,57.274,3.378,6.33251858,0.519685,0.155276,0.099549,0.609829,3.887694,3.645931,1.693423,4.44745201097221,54.0
Mozambique,MOZ,2015,10.633636000000001,58.151,3.426,6.71663332,0.522644,0.155592,0.100742,0.610276,3.891948,3.65426,1.698174,4.17432297357378,
Mozambique,MOZ,2016,10.656858,59.038,3.48,7.28134441,0.526056,0.155892,0.102066,0.610697,3.895806,3.663048,1.703293,1.47158575392668,
Mozambique,MOZ,2017,10.681988,59.771,3.543,7.83763266,0.528699,0.156176,0.103227,0.611099,3.901795,3.672136,1.708856,-0.497934417344908,
Mozambique,MOZ,2018,0.0,60.526,3.602,8.0889616,,,,,,,,0.479843610095614,
Mozambique,MOZ,2019,0.0,61.166,3.632,7.95272589,,,,,,,,-0.593438075045455,50.3
Mozambique,MOZ,2020,0.0,61.172,3.877,7.56957626,,,,,,,,-4.04764247977863,
Mozambique,MOZ,2021,0.0,59.325,3.984,9.05218315,,,,,,,,-0.491286747430209,
Mozambique,MOZ,2022,0.0,59.625,3.621,,,,,,,,,1.5349033903975,
Mozambique,MOZ,2023,0.0,,3.535,,,,,,,,,2.12597086407382,
Mauritania,MRT,2001,8.31787,61.185,10.002,3.5718379,0.478401,0.175485,0.128837,0.657391,3.053957,2.915863,0.907936,-3.19956718154413,
Mauritania,MRT,2002,8.30608,61.268,10.076,4.00224972,0.478513,0.175537,0.129235,0.657377,3.045222,2.914319,0.905877,-0.769955526730953,
Mauritania,MRT,2003,8.294897,61.347,9.817,4.03254652,0.478735,0.175614,0.129448,0.657383,3.037322,2.912627,0.903768,4.64297792793573,
Mauritania,MRT,2004,8.287414,61.593,9.696,3.70429492,0.4789,0.17571,0.129695,0.657435,3.032089,2.911373,0.902212,2.48464199128664,40.2
Mauritania,MRT,2005,8.282519,61.656,9.538,3.40312648,0.479048,0.175815,0.129783,0.657548,3.027473,2.911041,0.901811,6.19537766100953,
Mauritania,MRT,2006,8.284633,61.891,9.287,2.70252752,0.479952,0.176041,0.130745,0.657821,3.024118,2.911711,0.904245,15.6883161283971,
Mauritania,MRT,2007,8.288388,62.228,9.455,2.87644005,0.480963,0.176429,0.132032,0.658245,3.018331,2.912927,0.909461,-4.21630212941054,
Mauritania,MRT,2008,8.296281,62.399,9.681,3.01338983,0.481907,0.176887,0.133777,0.658756,3.014705,2.914539,0.91571,-2.7918103441597,35.7
Mauritania,MRT,2009,8.306544,62.8,10.155,3.11034036,0.483293,0.17731,0.135421,0.659247,3.013852,2.916252,0.921169,-2.59179346021898,
Mauritania,MRT,2010,8.314877,63.105,10.054,2.63618922,0.485518,0.177601,0.136869,0.659645,3.013302,2.917904,0.924038,-0.286151376294598,
Mauritania,MRT,2011,8.325176,63.346,9.956,2.47383666,0.486729,0.1778,0.138022,0.659954,3.018219,2.919435,0.925017,1.07536944688684,
Mauritania,MRT,2012,8.336003,63.578,9.865,2.64919329,0.48828,0.178024,0.139457,0.660297,3.022689,2.921242,0.926014,1.2560224305014,
Mauritania,MRT,2013,8.352874,63.911,9.931,2.86799884,0.490322,0.178262,0.140629,0.660655,3.032817,2.923257,0.926932,1.17773817669058,
Mauritania,MRT,2014,8.373448000000002,64.155,10.03,3.46724391,0.494312,0.178508,0.141846,0.661032,3.044486,2.925506,0.927758,1.55574228963864,32.6
Mauritania,MRT,2015,8.396666,64.485,10.109,3.67363763,0.49825,0.17875,0.142904,0.661409,3.059015,2.927931,0.928407,2.62469075992307,
Mauritania,MRT,2016,8.421804,64.768,10.286,3.09630585,0.502163,0.178985,0.144351,0.6618,3.07509,2.930587,0.928828,-1.37989304476751,
Mauritania,MRT,2017,8.449295,65.083,10.336,3.31550789,0.506015,0.179205,0.145276,0.6622,3.094161,2.933461,0.928977,3.50841555414037,
Mauritania,MRT,2018,0.0,65.31,10.438,3.17838526,,,,,,,,2.05647537510671,
Mauritania,MRT,2019,0.0,65.687,10.416,3.30148649,,,,,,,,0.479174165981505,32.0
Mauritania,MRT,2020,0.0,64.532,11.01,3.38773394,,,,,,,,-2.90235981873887,
Mauritania,MRT,2021,0.0,64.364,11.068,4.12218571,,,,,,,,-1.79758695985929,
Mauritania,MRT,2022,0.0,64.691,10.602,,,,,,,,,3.66531588798338,
Mauritania,MRT,2023,0.0,,10.512,,,,,,,,,0.686817860080453,
Mauricio,MUS,2001,0.0,71.7658536585366,9.14,2.92151856,,,,,,,,2.5342628530189,
Mauricio,MUS,2002,0.0,71.9658536585366,8.205,3.18897271,,,,,,,,0.911910216881267,
Mauricio,MUS,2003,0.0,72.1170731707317,8.314,3.18201613,,,,,,,,5.16167044757961,
Mauricio,MUS,2004,0.0,72.2658536585366,8.337,3.31652546,,,,,,,,3.67780930188448,
Mauricio,MUS,2005,0.0,72.4321951219512,9.524,3.51794028,,,,,,,,1.17669908705346,
Mauricio,MUS,2006,0.0,72.4321951219512,9.04,3.60573649,,,,,,,,4.37758682090856,35.7
Mauricio,MUS,2007,0.0,72.5707317073171,8.475,3.52321672,,,,,,,,5.24649696534381,
Mauricio,MUS,2008,0.0,72.5707317073171,7.17,3.93896508,,,,,,,,5.00653905530841,
Mauricio,MUS,2009,0.0,72.8824390243903,7.257,4.17035627,,,,,,,,3.04110046320396,
Mauricio,MUS,2010,0.0,72.9673170731707,7.654,4.51898289,,,,,,,,4.12919884822152,
Mauricio,MUS,2011,0.0,73.2668292682927,7.447,4.25059652,,,,,,,,3.91100124069837,
Mauricio,MUS,2012,0.0,73.8634146341464,7.472,4.21993399,,,,,,,,3.20949947880025,38.5
Mauricio,MUS,2013,0.0,74.0170731707317,7.322,4.620821,,,,,,,,3.11040555437714,
Mauricio,MUS,2014,0.0,74.1943902439024,7.467,5.38024664,,,,,,,,3.63919007388208,
Mauricio,MUS,2015,0.0,74.3531707317073,7.41,5.55042362,,,,,,,,3.55335696562737,
Mauricio,MUS,2016,0.0,74.3948780487805,6.814,5.54289532,,,,,,,,3.79113070734437,
Mauricio,MUS,2017,0.0,74.5146341463415,6.752,5.61408615,,,,,,,,3.84430800639895,36.8
Mauricio,MUS,2018,0.0,74.4163414634146,6.427,5.63982916,,,,,,,,3.9500354872734,
Mauricio,MUS,2019,0.0,74.2358536585366,6.331,6.02485895,,,,,,,,2.85812532389771,
Mauricio,MUS,2020,0.0,74.1770731707317,8.627,6.48210192,,,,,,,,-14.5484955921362,
Mauricio,MUS,2021,0.0,73.680243902439,7.719,6.39258909,,,,,,,,3.37766873430745,
Mauricio,MUS,2022,0.0,73.5146341463415,6.322,,,,,,,,,9.20854553289617,
Mauricio,MUS,2023,0.0,,6.057,,,,,,,,,7.07798040261261,
Malawi,MWI,2001,9.932381,45.895,5.202,2.06040049,0.49874,0.151345,0.092955,0.598826,3.409913,3.571516,1.609086,-7.20151338740452,
Malawi,MWI,2002,9.930361000000001,47.221,5.229,2.69725966,0.497909,0.151498,0.092977,0.599252,3.405774,3.572788,1.610163,-0.765413092768725,
Malawi,MWI,2003,9.930748,48.79,5.151,3.32019806,0.497441,0.151689,0.093198,0.599772,3.403069,3.574421,1.611158,3.0519112337045,
Malawi,MWI,2004,9.930933000000001,50.453,4.958,4.07199907,0.496063,0.151875,0.093079,0.600271,3.401284,3.576547,1.611814,2.67377086646808,39.9
Malawi,MWI,2005,9.928105,52.044,4.931,4.30046511,0.495728,0.15201,0.093201,0.600619,3.395339,3.579258,1.61195,0.481251642915808,
Malawi,MWI,2006,9.920841999999999,53.238,4.95,4.91223288,0.495869,0.152182,0.093886,0.60093,3.383244,3.582633,1.612098,1.80554111182229,
Malawi,MWI,2007,9.909502,53.946,4.876,5.44258356,0.496268,0.15246,0.094405,0.601349,3.365967,3.586549,1.612504,6.5370225220754,
Malawi,MWI,2008,9.900151,54.604,4.801,6.10668802,0.496438,0.152783,0.095316,0.601829,3.349879,3.590925,1.612981,4.58663976948441,
Malawi,MWI,2009,9.892617000000001,55.448,4.74,5.87333822,0.496395,0.153078,0.096241,0.602295,3.335781,3.595619,1.613208,5.22568682240623,
Malawi,MWI,2010,9.895411000000001,56.381,4.787,5.14304781,0.49765,0.15328,0.09695,0.60268,3.331398,3.60063,1.612823,3.82804625455732,45.5
Malawi,MWI,2011,9.907212,57.455,4.835,5.32226658,0.498343,0.153418,0.097299,0.603017,3.336904,3.6063,1.611931,1.96974339549574,
Malawi,MWI,2012,9.923349,58.679,4.951,6.02199793,0.499592,0.153577,0.097951,0.603411,3.344821,3.613106,1.610891,-0.945888195310673,
Malawi,MWI,2013,9.94515,59.729,4.978,8.22379494,0.501255,0.153756,0.09866,0.603874,3.356859,3.620989,1.609757,2.49286628611216,
Malawi,MWI,2014,9.970416,60.899,4.966,6.89776182,0.502593,0.153945,0.098966,0.604386,3.372101,3.629756,1.608669,2.72027421715275,
Malawi,MWI,2015,10.003112999999999,61.378,4.95,6.62879086,0.50462,0.154141,0.099678,0.604941,3.392795,3.639366,1.607572,0.0024030320595187,
Malawi,MWI,2016,10.0398,62.209,5.003,7.72703791,0.506466,0.154339,0.100071,0.605538,3.417237,3.649814,1.606335,-0.248244189153354,44.7
Malawi,MWI,2017,10.08229,62.977,5.033,7.58438921,0.509184,0.154533,0.100349,0.606166,3.446137,3.660937,1.604984,1.23415859863351,
Malawi,MWI,2018,0.0,63.276,5.003,6.87366676,,,,,,,,1.62549553666524,
Malawi,MWI,2019,0.0,64.119,4.949,7.15010023,,,,,,,,2.65676906844917,38.5
Malawi,MWI,2020,0.0,63.717,5.681,7.0088768,,,,,,,,-1.8515997803496,
Malawi,MWI,2021,0.0,62.904,5.585,7.41194487,,,,,,,,0.102866904343713,
Malawi,MWI,2022,0.0,62.898,5.051,,,,,,,,,-1.62655269368194,
Malawi,MWI,2023,0.0,,5.044,,,,,,,,,-1.01408251959977,
Malasia,MYS,2001,0.0,73.344,3.53,2.6753974,,,,,,,,-2.0328566461191,
Malasia,MYS,2002,0.0,73.563,3.48,2.66876554,,,,,,,,2.77207357675051,
Malasia,MYS,2003,0.0,73.796,3.61,2.92417073,,,,,,,,3.23580563991916,46.4
Malasia,MYS,2004,0.0,73.898,3.54,2.86016941,,,,,,,,4.28032987005551,
Malasia,MYS,2005,0.0,74.096,3.53,2.78692698,,,,,,,,2.93368537434459,
Malasia,MYS,2006,0.0,74.164,3.32,3.10897732,,,,,,,,3.25134638023845,44.8
Malasia,MYS,2007,0.0,74.211,3.23,3.07041144,,,,,,,,4.01061550038844,
Malasia,MYS,2008,0.0,74.25,3.32,3.00692558,,,,,,,,2.66538603495819,45.5
Malasia,MYS,2009,0.0,74.227,3.66,3.2610569,,,,,,,,-3.44334280616775,
Malasia,MYS,2010,0.0,74.442,3.39,3.16474271,,,,,,,,5.55251852182685,
Malasia,MYS,2011,0.0,74.746,3.05,3.31451917,,,,,,,,3.61117339714292,43.9
Malasia,MYS,2012,0.0,74.944,3.1,3.45786357,,,,,,,,3.78048933448123,
Malasia,MYS,2013,0.0,75.035,3.16,3.51276922,,,,,,,,3.04489440326752,41.3
Malasia,MYS,2014,0.0,75.146,2.88,3.71036959,,,,,,,,4.37313596233982,
Malasia,MYS,2015,0.0,75.094,3.1,3.82201481,,,,,,,,3.52753443643488,41.1
Malasia,MYS,2016,0.0,75.289,3.44,3.70085335,,,,,,,,2.93376225389829,
Malasia,MYS,2017,0.0,75.476,3.41,3.71472311,,,,,,,,4.32563033470905,
Malasia,MYS,2018,0.0,75.644,3.3,3.75944281,,,,,,,,3.47276670505505,41.2
Malasia,MYS,2019,0.0,75.76,3.26,3.83991051,,,,,,,,3.12489613274091,
Malasia,MYS,2020,0.0,75.938,4.54,4.08395433,,,,,,,,-6.58445333067471,
Malasia,MYS,2021,0.0,74.884,4.64,4.38380671,,,,,,,,2.14731128116709,40.7
Malasia,MYS,2022,0.0,76.26,3.93,,,,,,,,,7.48391811768509,
Malasia,MYS,2023,0.0,,3.855,,,,,,,,,2.56122436503439,
América del Norte,NAC,2001,0.0,77.0885956967303,4.98294486165048,12.8715484829663,,,,,,,,0.0257327938493432,
América del Norte,NAC,2002,0.0,77.1922928216062,5.97740449248075,13.660911871003,,,,,,,,0.845609431202703,
América del Norte,NAC,2003,0.0,77.300407772369,6.15538735139898,14.1071425813073,,,,,,,,1.83404971434973,
América del Norte,NAC,2004,0.0,77.7347778314568,5.70342497830507,14.1259620627791,,,,,,,,2.83064831205735,
América del Norte,NAC,2005,0.0,77.7460579302466,5.25960107349454,14.1217794642216,,,,,,,,2.50954548605206,
América del Norte,NAC,2006,0.0,77.9687944131193,4.81792523318058,14.2409157918453,,,,,,,,1.78321246333006,
América del Norte,NAC,2007,0.0,78.2396063900185,4.78416806228741,14.4140399889776,,,,,,,,1.04065589545166,
América del Norte,NAC,2008,0.0,78.3037714414033,5.83704643853905,14.6744239846007,,,,,,,,-0.774909292375355,
América del Norte,NAC,2009,0.0,78.6548641935585,9.16932001381631,15.720389826408,,,,,,,,-3.48016263319386,
América del Norte,NAC,2010,0.0,78.8172038847003,9.47634765783728,15.6614112631428,,,,,,,,1.84720071800177,
América del Norte,NAC,2011,0.0,78.9239696516899,8.80674673675972,15.5460264478623,,,,,,,,0.925271564566103,
América del Norte,NAC,2012,0.0,79.0328776725276,7.99543922452376,15.5524514620535,,,,,,,,1.46081449811228,
América del Norte,NAC,2013,0.0,79.0416976614745,7.34960387127284,15.4414987175635,,,,,,,,1.39191176994547,
América del Norte,NAC,2014,0.0,79.1362591098895,6.26148266320497,15.646555075246,,,,,,,,1.77295091096038,
América del Norte,NAC,2015,0.0,79.0036582508315,5.46180275648935,16.0395782827803,,,,,,,,2.00498697498762,
América del Norte,NAC,2016,0.0,78.8797354245521,5.10547669523075,16.3685319431601,,,,,,,,0.981761506507752,
América del Norte,NAC,2017,0.0,78.8724748510911,4.58159619810452,16.3128433731192,,,,,,,,1.79897019551187,
América del Norte,NAC,2018,0.0,78.9658408891533,4.1087380763703,16.1883866378522,,,,,,,,2.31328818332315,
América del Norte,NAC,2019,0.0,79.1413566322465,3.89241194091645,16.2418179849917,,,,,,,,1.85253728985887,
América del Norte,NAC,2020,0.0,77.4627122311888,8.23128983545338,18.3439960297286,,,,,,,,-3.38649537714471,
América del Norte,NAC,2021,0.0,76.8726582708139,5.59299605694151,16.9682748579942,,,,,,,,5.5519230795972,
América del Norte,NAC,2022,0.0,77.8387536959044,3.83374835132991,16.1516106882186,,,,,,,,1.55180435806361,
América del Norte,NAC,2023,0.0,,3.82480514362416,,,,,,,,,1.66439531104474,
Namibia,NAM,2001,10.381654999999999,51.26,20.986,9.64409447,0.755825,0.171229,0.169691,0.62611,3.466144,3.476269,1.716387,-0.852856888547095,
Namibia,NAM,2002,10.368020999999999,51.254,21.51,9.68074989,0.746753,0.17166,0.17074,0.626405,3.463626,3.477342,1.711495,3.00625104986267,
Namibia,NAM,2003,10.354102,51.083,22.068,9.91340542,0.737084,0.172176,0.172294,0.62671,3.461968,3.478302,1.705568,2.77586307086733,63.3
Namibia,NAM,2004,10.34339,51.246,22.09,10.12623405,0.729509,0.172669,0.174132,0.627021,3.46033,3.479373,1.700356,10.8813209696605,
Namibia,NAM,2005,10.337569,51.787,22.105,10.08441544,0.726076,0.173017,0.175382,0.627286,3.457831,3.480496,1.697481,1.30389363245564,
Namibia,NAM,2006,10.331574,52.655,21.861,10.57086945,0.729309,0.173288,0.176549,0.627545,3.445784,3.48134,1.697759,5.79615006028797,
Namibia,NAM,2007,10.323506,53.68,22.11,10.71633053,0.736823,0.173612,0.178456,0.627863,3.424845,3.48183,1.700077,4.0678513272068,
Namibia,NAM,2008,10.317139999999998,54.653,22.004,9.91801167,0.745619,0.173958,0.180801,0.628216,3.403207,3.482315,1.703024,1.28722530283444,
Namibia,NAM,2009,10.313103,55.496,22.253,9.04967022,0.753976,0.174295,0.182922,0.628577,3.384934,3.483131,1.705268,-1.12835556002014,61.0
Namibia,NAM,2010,10.316806000000001,56.015,22.12,9.72781372,0.759737,0.174589,0.184639,0.628917,3.37891,3.484592,1.705422,4.45558422162708,
Namibia,NAM,2011,10.324905,56.553,19.479,9.83193302,0.763104,0.174871,0.187119,0.629254,3.380567,3.486641,1.703349,3.46154858308152,
Namibia,NAM,2012,10.334256,57.64,16.771,9.26659298,0.765714,0.175204,0.189125,0.629672,3.385248,3.489228,1.700065,3.35885947410905,
Namibia,NAM,2013,10.346149,58.694,19.028,9.06448746,0.768439,0.175576,0.190803,0.630136,3.393388,3.492192,1.695615,3.84018958420569,
Namibia,NAM,2014,10.359603,59.822,18.521,8.4089098,0.771059,0.175981,0.193621,0.630645,3.402632,3.495514,1.690151,4.27191936736793,
Namibia,NAM,2015,10.377782999999999,60.7,20.799,9.98109627,0.773144,0.17642,0.196153,0.631215,3.417682,3.499314,1.683855,2.45071097789892,59.1
Namibia,NAM,2016,10.396887000000001,61.682,23.352,9.3223238,0.774925,0.176883,0.198721,0.63183,3.434254,3.50356,1.676714,-1.71633797777358,
Namibia,NAM,2017,10.423614,62.293,21.739,8.72573948,0.775731,0.177365,0.200987,0.632491,3.45997,3.508308,1.668762,-2.75101363036156,
Namibia,NAM,2018,0.0,62.586,19.877,8.31648731,,,,,,,,-0.66855426548112,
Namibia,NAM,2019,0.0,63.075,19.945,8.43033981,,,,,,,,-2.49939821462576,
Namibia,NAM,2020,0.0,62.829,20.966,8.90162563,,,,,,,,-9.66882120600128,
Namibia,NAM,2021,0.0,59.269,20.877,9.38092136,,,,,,,,1.92280383082317,
Namibia,NAM,2022,0.0,58.059,19.748,,,,,,,,,3.83689594587877,
Namibia,NAM,2023,0.0,,19.422,,,,,,,,,2.67368411485332,
Nueva Caledonia,NCL,2001,0.0,74.8317073170732,17.447,,,,,,,,,,
Nueva Caledonia,NCL,2002,0.0,75.1024390243903,17.079,,,,,,,,,,
Nueva Caledonia,NCL,2003,0.0,75.2707317073171,16.719,,,,,,,,,,
Nueva Caledonia,NCL,2004,0.0,75.4707317073171,16.31,,,,,,,,,,
Nueva Caledonia,NCL,2005,0.0,75.7219512195122,15.77,,,,,,,,,,
Nueva Caledonia,NCL,2006,0.0,76.0756097560976,15.238,,,,,,,,,,
Nueva Caledonia,NCL,2007,0.0,76.4780487804878,14.758,,,,,,,,,,
Nueva Caledonia,NCL,2008,0.0,76.6804878048781,14.368,,,,,,,,,,
Nueva Caledonia,NCL,2009,0.0,76.9804878048781,13.97,,,,,,,,,,
Nueva Caledonia,NCL,2010,0.0,77.2804878048781,13.95,,,,,,,,,,
Nueva Caledonia,NCL,2011,0.0,76.6317073170732,13.937,,,,,,,,,,
Nueva Caledonia,NCL,2012,0.0,77.0780487804878,14.053,,,,,,,,,,
Nueva Caledonia,NCL,2013,0.0,77.1780487804878,14.348,,,,,,,,,,
Nueva Caledonia,NCL,2014,0.0,77.2365853658537,14.59,,,,,,,,,,
Nueva Caledonia,NCL,2015,0.0,77.2804878048781,13.637,,,,,,,,,,
Nueva Caledonia,NCL,2016,0.0,76.9317073170732,12.714,,,,,,,,,,
Nueva Caledonia,NCL,2017,0.0,77.5390243902439,11.676,,,,,,,,,,
Nueva Caledonia,NCL,2018,0.0,80.0030975609756,11.702,,,,,,,,,3.85764461057244,
Nueva Caledonia,NCL,2019,0.0,80.4197073170732,10.881,,,,,,,,,-1.42544610137938,
Nueva Caledonia,NCL,2020,0.0,80.8349512195122,13.558,,,,,,,,,-2.34239339004978,
Nueva Caledonia,NCL,2021,0.0,79.1273414634146,12.537,,,,,,,,,-1.85017197143804,
Nueva Caledonia,NCL,2022,0.0,80.9820731707317,11.291,,,,,,,,,3.95173002619944,
Nueva Caledonia,NCL,2023,0.0,,11.22,,,,,,,,,,
Níger,NER,2001,0.0,49.841,1.47,4.72659349,,,,,,,,3.62372528804073,
Níger,NER,2002,0.0,50.562,1.807,4.82717037,,,,,,,,1.3380573752323,
Níger,NER,2003,0.0,51.434,2.146,4.74740648,,,,,,,,-1.34790620222047,
Níger,NER,2004,0.0,52.589,2.748,4.97818327,,,,,,,,-3.13582201322427,
Níger,NER,2005,0.0,53.59,3.1,5.87749624,,,,,,,,3.54888945141467,44.4
Níger,NER,2006,0.0,54.596,2.532,5.99335575,,,,,,,,2.1706191076174,
Níger,NER,2007,0.0,55.553,2.027,5.43105888,,,,,,,,-0.54536245258636,37.3
Níger,NER,2008,0.0,56.508,1.59,5.24640608,,,,,,,,3.84670036254914,
Níger,NER,2009,0.0,57.396,1.212,5.33850145,,,,,,,,-1.74222519124112,
Níger,NER,2010,0.0,58.367,0.721,4.96100473,,,,,,,,4.60206704821289,
Níger,NER,2011,0.0,58.994,0.317,4.87323856,,,,,,,,-1.40634626586615,31.5
Níger,NER,2012,0.0,59.65,2.177,4.30732679,,,,,,,,6.41564439275307,
Níger,NER,2013,0.0,60.239,1.4,4.46636009,,,,,,,,1.36978213013528,
Níger,NER,2014,0.0,60.786,0.524,4.45377159,,,,,,,,2.6850897800347,34.3
Níger,NER,2015,0.0,61.083,0.558,5.34745932,,,,,,,,0.471154424128144,
Níger,NER,2016,0.0,61.629,0.555,4.53239059,,,,,,,,1.72985153319473,
Níger,NER,2017,0.0,62.16,0.564,5.57609606,,,,,,,,1.0627957902426,
Níger,NER,2018,0.0,62.454,0.546,5.30310822,,,,,,,,3.22662246755057,37.3
Níger,NER,2019,0.0,62.897,0.544,5.66642094,,,,,,,,2.02491576250188,
Níger,NER,2020,0.0,61.451,0.62,6.17012262,,,,,,,,-0.237758332108058,
Níger,NER,2021,0.0,61.576,0.819,5.81452751,,,,,,,,-2.30630050913916,32.9
Níger,NER,2022,0.0,62.08,0.552,,,,,,,,,7.82135499434773,
Níger,NER,2023,0.0,,0.55,,,,,,,,,-1.24864366198784,
Nigeria,NGA,2001,9.208931999999999,47.619,3.827,3.18946862,0.444648,0.172584,0.11931,0.63671,4.0939,2.835318,0.906462,3.14642468264539,
Nigeria,NGA,2002,9.19933,47.928,3.618,2.49063969,0.445149,0.173112,0.121176,0.636868,4.082073,2.83571,0.905242,12.2761390693305,
Nigeria,NGA,2003,9.185846,48.441,3.594,5.05360985,0.444385,0.173806,0.123587,0.637096,4.066115,2.836855,0.904002,4.495155882668,40.1
Nigeria,NGA,2004,9.179719,48.767,3.556,4.63368416,0.444554,0.174543,0.126883,0.63736,4.054426,2.838775,0.903178,6.34504072956803,
Nigeria,NGA,2005,9.186956,49.297,3.69,4.46591949,0.444291,0.175205,0.129972,0.637646,4.055039,2.841582,0.903221,3.6096606137971,
Nigeria,NGA,2006,9.225583,49.73,3.718,4.25775146,0.445117,0.175916,0.133472,0.638032,4.075633,2.848603,0.90881,3.23834257171522,
Nigeria,NGA,2007,9.296022,50.033,3.767,3.90997243,0.44616,0.176803,0.137163,0.638601,4.114757,2.861186,0.921352,3.74168735541554,
Nigeria,NGA,2008,9.376118000000002,50.225,3.771,3.69581532,0.44769,0.177741,0.141515,0.639285,4.157497,2.875947,0.936443,3.89994318321925,
Nigeria,NGA,2009,9.448053,50.712,3.751,3.5801971,0.44904,0.178594,0.145499,0.639985,4.195954,2.889326,0.949655,5.13016187464837,
Nigeria,NGA,2010,9.490241,50.945,3.739,3.29653287,0.449761,0.179213,0.148502,0.640569,4.218087,2.89763,0.956479,5.08187485498044,35.7
Nigeria,NGA,2011,9.502268,51.357,3.77,3.32077932,0.450991,0.179668,0.151149,0.641068,4.218821,2.902002,0.958569,2.43700723662286,
Nigeria,NGA,2012,9.499579,51.497,3.76,3.35984254,0.451958,0.180126,0.153727,0.641606,4.205603,2.90611,0.960449,1.4035087785572,35.5
Nigeria,NGA,2013,9.478627000000001,51.707,3.711,3.4206934,0.452775,0.180575,0.156338,0.642169,4.17501,2.909709,0.962051,3.83236618064009,
Nigeria,NGA,2014,9.444858000000002,51.791,3.903,3.34840417,0.455038,0.181008,0.158677,0.642759,4.131388,2.912634,0.963354,3.55216229892477,
Nigeria,NGA,2015,9.39323,51.841,4.137,3.58194995,0.457276,0.181421,0.160807,0.643384,4.071251,2.914794,0.964297,0.0769616167241907,35.9
Nigeria,NGA,2016,9.329064,52.043,4.498,3.64773679,0.459159,0.181795,0.162295,0.644004,4.00117,2.915862,0.964779,-4.05270636180217,
Nigeria,NGA,2017,9.250231,52.305,4.826,3.74762511,0.461802,0.182126,0.163373,0.644635,3.917691,2.915837,0.964767,-1.70987309225109,
Nigeria,NGA,2018,0.0,52.554,5.065,3.09069347,,,,,,,,-0.590389271247744,35.1
Nigeria,NGA,2019,0.0,52.91,5.206,2.98547053,,,,,,,,-0.26345637824295,
Nigeria,NGA,2020,0.0,52.887,5.712,3.38063431,,,,,,,,-4.1620592907919,
Nigeria,NGA,2021,0.0,52.676,5.393,4.07625723,,,,,,,,1.18282822257881,
Nigeria,NGA,2022,0.0,53.633,3.827,,,,,,,,,0.823296497959916,
Nigeria,NGA,2023,0.0,,3.074,,,,,,,,,0.441156422231643,
Nicaragua,NIC,2001,9.604976,67.215,7.22,5.48459768,0.597279,0.194689,0.182413,0.787698,2.88223,2.871568,2.089099,1.58198187120749,52.9
Nicaragua,NIC,2002,9.605059,67.18,7.523,5.73315859,0.589657,0.195106,0.18359,0.788901,2.887219,2.876236,2.08435,-0.515149316447534,
Nicaragua,NIC,2003,9.602812,67.217,7.6,6.08317614,0.581457,0.195565,0.185464,0.790179,2.891271,2.881224,2.077652,1.28703167874203,
Nicaragua,NIC,2004,9.602633,67.423,6.41,6.05740356,0.574714,0.196007,0.18653,0.791427,2.895879,2.886057,2.072019,4.07723803787239,
Nicaragua,NIC,2005,9.603254,67.936,5.37,6.22468948,0.570727,0.196362,0.187569,0.792485,2.895757,2.890089,2.070265,2.97367735028845,48.8
Nicaragua,NIC,2006,9.609013000000001,68.725,5.31,6.35756445,0.56927,0.196676,0.188538,0.793422,2.895322,2.893594,2.072191,2.73808027466922,
Nicaragua,NIC,2007,9.609084,69.559,4.89,6.95643044,0.569239,0.197037,0.189027,0.794426,2.886838,2.897271,2.075246,3.62091513606408,
Nicaragua,NIC,2008,9.610834,70.586,6.2,7.16700697,0.568379,0.1974,0.190207,0.795389,2.880336,2.900724,2.078399,1.97463589606157,
Nicaragua,NIC,2009,9.608659999999999,71.433,8.16,7.68584394,0.568293,0.197723,0.190718,0.796209,2.871507,2.903602,2.080608,-4.68050887519132,43.9
Nicaragua,NIC,2010,9.607219,72.009,7.83,7.71019173,0.568735,0.197962,0.191622,0.796795,2.865712,2.90553,2.080863,2.8923739181472,
Nicaragua,NIC,2011,9.607243,72.416,6.617,7.44982004,0.569934,0.198147,0.192938,0.797187,2.863188,2.906708,2.079141,4.76420845580793,
Nicaragua,NIC,2012,9.608114,72.615,5.208,7.48836899,0.572861,0.198356,0.194207,0.79759,2.860821,2.907941,2.076338,4.94101188410394,
Nicaragua,NIC,2013,9.608929,72.704,5.28,7.63869238,0.576709,0.198578,0.196096,0.797968,2.85807,2.909067,2.072441,3.40398329346489,
Nicaragua,NIC,2014,9.60848,72.812,4.52,7.97716141,0.580186,0.198815,0.197953,0.798336,2.855534,2.910105,2.067551,3.27875250579895,46.2
Nicaragua,NIC,2015,9.611727,72.983,4.7,7.96303272,0.586591,0.199062,0.200784,0.798685,2.853856,2.911002,2.061747,3.29662812587597,
Nicaragua,NIC,2016,9.613798000000001,73.256,3.9,8.04877567,0.592163,0.199311,0.202998,0.798994,2.853619,2.911707,2.055006,3.07960917279462,
Nicaragua,NIC,2017,9.618297,73.554,3.3,8.32754421,0.599889,0.199563,0.205876,0.79928,2.854084,2.9123,2.047305,3.15734861204827,
Nicaragua,NIC,2018,0.0,73.85,5.2,8.4993515,,,,,,,,-4.71205183080173,
Nicaragua,NIC,2019,0.0,74.054,5.47,8.56945896,,,,,,,,-4.23256545668312,
Nicaragua,NIC,2020,0.0,71.795,6.167,8.65219975,,,,,,,,-3.09282801420842,
Nicaragua,NIC,2021,0.0,73.837,6.064,9.68343163,,,,,,,,8.79136335295559,
Nicaragua,NIC,2022,0.0,74.615,4.978,,,,,,,,,2.29117424890981,
Nicaragua,NIC,2023,0.0,,4.795,,,,,,,,,3.11659458455702,
Países Bajos,NLD,2001,0.0,78.190243902439,2.119,8.06,,,,,,,,1.55745812949353,
Países Bajos,NLD,2002,0.0,78.2926829268293,2.554,8.65,,,,,,,,-0.420367739940659,
Países Bajos,NLD,2003,0.0,78.4926829268293,3.593,9.06,,,,,,,,-0.315789835146461,
Países Bajos,NLD,2004,0.0,79.0951219512195,4.646,9.11,,,,,,,,1.63118807022559,29.8
Países Bajos,NLD,2005,0.0,79.3463414634146,5.873,9.1,,,,,,,,1.8126991927322,29.0
Países Bajos,NLD,2006,0.0,79.6975609756098,5.002,9.08,,,,,,,,3.29494984036958,30.0
Países Bajos,NLD,2007,0.0,80.0975609756098,4.153,9.05,,,,,,,,3.5473594981308,29.6
Países Bajos,NLD,2008,0.0,80.2512195121951,3.654,9.28,,,,,,,,1.77335666374768,29.3
Países Bajos,NLD,2009,0.0,80.5487804878049,4.347,9.99,,,,,,,,-4.16103849540806,27.9
Países Bajos,NLD,2010,0.0,80.7024390243902,4.989,10.16,,,,,,,,0.824259852819907,27.8
Países Bajos,NLD,2011,0.0,81.2048780487805,4.977,10.23,,,,,,,,1.07862827391094,27.8
Países Bajos,NLD,2012,0.0,81.1048780487805,5.821,10.54,,,,,,,,-1.39591933577908,27.6
Países Bajos,NLD,2013,0.0,81.3048780487805,7.243,10.58,,,,,,,,-0.42417869353261,28.1
Países Bajos,NLD,2014,0.0,81.7073170731707,7.416,10.57,,,,,,,,1.05910125427069,28.6
Países Bajos,NLD,2015,0.0,81.509756097561,6.873,10.32,,,,,,,,1.50826618391271,28.2
Países Bajos,NLD,2016,0.0,81.5609756097561,6.006,10.06,,,,,,,,1.64931554652068,28.2
Países Bajos,NLD,2017,0.0,81.7609756097561,4.839,10.11,,,,,,,,2.30428473259315,28.5
Países Bajos,NLD,2018,0.0,81.8121951219512,3.831,10.02,,,,,,,,1.76493726416223,28.1
Países Bajos,NLD,2019,0.0,82.1121951219512,3.38,10.14,,,,,,,,1.28988912106223,29.2
Países Bajos,NLD,2020,0.0,81.3585365853659,3.819,11.21,,,,,,,,-4.41855550924734,26.0
Países Bajos,NLD,2021,0.0,81.309756097561,4.21,11.29,,,,,,,,5.63740532928256,25.7
Países Bajos,NLD,2022,0.0,81.7146341463415,3.524,,,,,,,,,3.33909809860577,
Países Bajos,NLD,2023,0.0,,3.561,,,,,,,,,-0.883533871232913,
Noruega,NOR,2001,0.0,78.7853658536585,3.738,8.01,,,,,,,,1.5519275837342,
Noruega,NOR,2002,0.0,78.9878048780488,4.022,8.98,,,,,,,,0.832308716578552,
Noruega,NOR,2003,0.0,79.390243902439,4.221,9.19,,,,,,,,0.354567463257808,27.6
Noruega,NOR,2004,0.0,79.8414634146342,4.256,8.8,,,,,,,,3.40174615416824,31.6
Noruega,NOR,2005,0.0,80.0414634146342,4.381,8.3,,,,,,,,1.98813846102195,30.6
Noruega,NOR,2006,0.0,80.3439024390244,3.399,7.88,,,,,,,,1.63957008515976,26.4
Noruega,NOR,2007,0.0,80.3951219512195,2.493,8.02,,,,,,,,1.8546433169967,27.1
Noruega,NOR,2008,0.0,80.5926829268293,2.55,7.92,,,,,,,,-0.762647958322503,27.0
Noruega,NOR,2009,0.0,80.7951219512195,3.103,9.03,,,,,,,,-3.16925628485011,26.2
Noruega,NOR,2010,0.0,80.9975609756098,3.521,8.86,,,,,,,,-0.460631256132487,25.7
Noruega,NOR,2011,0.0,81.2951219512195,3.215,8.73,,,,,,,,-0.197405953019441,25.3
Noruega,NOR,2012,0.0,81.4512195121951,3.123,8.72,,,,,,,,1.3776409008747,25.7
Noruega,NOR,2013,0.0,81.7512195121951,3.423,8.87,,,,,,,,-0.197883222310097,26.4
Noruega,NOR,2014,0.0,82.1,3.484,9.28,,,,,,,,0.903762650173263,26.8
Noruega,NOR,2015,0.0,82.3048780487805,4.296,10.07,,,,,,,,0.848799124216399,27.5
Noruega,NOR,2016,0.0,82.4073170731707,4.679,10.53,,,,,,,,0.277407784487878,28.5
Noruega,NOR,2017,0.0,82.609756097561,4.162,10.23,,,,,,,,1.63950714511496,27.0
Noruega,NOR,2018,0.0,82.7585365853659,3.8,9.96,,,,,,,,0.165530155189344,27.6
Noruega,NOR,2019,0.0,82.9585365853659,3.687,10.44,,,,,,,,0.443429279720704,27.7
Noruega,NOR,2020,0.0,83.209756097561,4.422,11.42,,,,,,,,-1.85769610859076,
Noruega,NOR,2021,0.0,83.1634146341463,4.369,10.08,,,,,,,,3.35449507409562,
Noruega,NOR,2022,0.0,82.5609756097561,3.233,8.14,,,,,,,,2.08438190143963,
Noruega,NOR,2023,0.0,,3.581,,,,,,,,,-0.623432003233276,
Nepal,NPL,2001,10.252621000000001,63.336,10.615,3.81,0.49409,0.245043,0.105714,0.576143,3.69314,3.768353,1.370138,3.13454193470828,
Nepal,NPL,2002,10.262396999999998,63.264,10.655,3.94,0.492894,0.245092,0.106604,0.576543,3.694366,3.774731,1.372167,-1.36634119401036,
Nepal,NPL,2003,10.270895,64.197,10.677,3.86,0.490618,0.245143,0.107775,0.577001,3.693213,3.782216,1.374929,2.52554729261927,43.8
Nepal,NPL,2004,10.281866,64.818,10.68,4.05,0.489178,0.245184,0.108816,0.577477,3.693459,3.789731,1.378021,3.3901433304318,
Nepal,NPL,2005,10.294573,65.457,10.652,3.95,0.487936,0.245201,0.109883,0.57793,3.696481,3.796168,1.380974,2.37236984013099,
Nepal,NPL,2006,10.321417,65.868,10.659,3.54,0.487673,0.245148,0.110738,0.578389,3.703321,3.802101,1.394047,2.45308046133157,
Nepal,NPL,2007,10.367418,66.329,10.672,3.67,0.488712,0.245023,0.111947,0.578895,3.712909,3.8086,1.421332,2.65791663944303,
Nepal,NPL,2008,10.420156,66.421,10.65,3.82,0.489601,0.244881,0.113574,0.579426,3.723817,3.815431,1.453426,5.4419613689312,
Nepal,NPL,2009,10.465657,66.761,10.64,3.9,0.490505,0.244777,0.115113,0.579959,3.731793,3.822372,1.481138,3.97072148091439,
Nepal,NPL,2010,10.496794999999999,66.814,10.629,4.36,0.491607,0.244765,0.11597,0.580467,3.739465,3.829059,1.495462,4.29689327182552,32.8
Nepal,NPL,2011,10.511208,67.313,10.653,4.45,0.492166,0.244832,0.117517,0.580965,3.739861,3.835695,1.500172,3.02417955146129,
Nepal,NPL,2012,10.519091,67.47,10.654,4.49,0.493338,0.24495,0.119324,0.581516,3.732376,3.842604,1.504983,4.42390716822683,
Nepal,NPL,2013,10.519784,67.965,10.667,4.63,0.494306,0.245118,0.120997,0.582111,3.717788,3.849684,1.50978,3.33285610067423,
Nepal,NPL,2014,10.515142,68.085,10.647,5.08,0.495772,0.245345,0.122746,0.582756,3.697063,3.856963,1.514497,5.70053323964268,
Nepal,NPL,2015,10.507621,67.456,10.655,5.47,0.497888,0.245631,0.124484,0.583442,3.672807,3.864376,1.518993,3.41788430259847,
Nepal,NPL,2016,10.492517,68.776,10.684,5.42,0.500198,0.24598,0.126455,0.584169,3.640557,3.871915,1.523243,-0.471182003735137,
Nepal,NPL,2017,10.475021000000002,68.91,10.66,4.72,0.501678,0.246394,0.128495,0.584927,3.606939,3.879455,1.527133,7.73126907720822,
Nepal,NPL,2018,0.0,68.979,10.63,4.53,,,,,,,,6.40186328295842,
Nepal,NPL,2019,0.0,69.558,10.578,4.45,,,,,,,,5.45191654383778,
Nepal,NPL,2020,0.0,69.246,13.157,5.21,,,,,,,,-4.08656859188451,
Nepal,NPL,2021,0.0,68.45,12.315,5.42,,,,,,,,2.44237973234667,
Nepal,NPL,2022,0.0,70.484,10.922,,,,,,,,,3.85881208353065,30.0
Nepal,NPL,2023,0.0,,10.685,,,,,,,,,0.800881695010574,
Nauru,NRU,2001,0.0,58.278,,16.22330093,,,,,,,,-6.63505680665513,
Nauru,NRU,2002,0.0,58.181,,13.80812454,,,,,,,,-9.86698507144503,
Nauru,NRU,2003,0.0,58.095,,9.97444248,,,,,,,,0.352538798887252,
Nauru,NRU,2004,0.0,58.072,,6.87889576,,,,,,,,-4.23151270439648,
Nauru,NRU,2005,0.0,58.161,,10.82081795,,,,,,,,-7.69129904336239,
Nauru,NRU,2006,0.0,58.379,,12.41761494,,,,,,,,-8.29733494826556,
Nauru,NRU,2007,0.0,58.53,,24.23068047,,,,,,,,-4.40041587293696,
Nauru,NRU,2008,0.0,58.833,,23.0041008,,,,,,,,76.0212209170811,
Nauru,NRU,2009,0.0,59.123,,12.31575871,,,,,,,,-5.46326156118015,
Nauru,NRU,2010,0.0,59.64,,12.6964016,,,,,,,,-0.0781173713504444,
Nauru,NRU,2011,0.0,60.24,,9.96043968,,,,,,,,14.2373763664758,
Nauru,NRU,2012,0.0,60.715,,8.84148979,,,,,,,,22.4419124218053,32.4
Nauru,NRU,2013,0.0,61.231,,9.85010052,,,,,,,,1.68954939565296,
Nauru,NRU,2014,0.0,61.807,,8.38675785,,,,,,,,13.2367368363898,
Nauru,NRU,2015,0.0,62.269,,14.00562382,,,,,,,,1.15348318298638,
Nauru,NRU,2016,0.0,62.702,,10.99060059,,,,,,,,1.83780783985901,
Nauru,NRU,2017,0.0,62.988,,11.4886446,,,,,,,,-8.31329164662473,
Nauru,NRU,2018,0.0,63.234,,11.10239792,,,,,,,,-2.85977859778606,
Nauru,NRU,2019,0.0,63.484,,11.55542469,,,,,,,,6.68599817956877,
Nauru,NRU,2020,0.0,63.437,,12.68183994,,,,,,,,0.0654089980523906,
Nauru,NRU,2021,0.0,63.617,,13.06414223,,,,,,,,6.06387309400364,
Nauru,NRU,2022,0.0,64.014,,,,,,,,,,0.89218173929379,
Nauru,NRU,2023,0.0,,,,,,,,,,,-0.178315589940198,
Nueva Zelandia,NZL,2001,0.0,78.6926829268293,5.433,7.5789361,,,,,,,,2.80387341553825,
Nueva Zelandia,NZL,2002,0.0,78.8463414634146,5.282,7.90045929,,,,,,,,2.91048965518847,
Nueva Zelandia,NZL,2003,0.0,79.1463414634146,4.745,7.72169256,,,,,,,,2.68234235625238,
Nueva Zelandia,NZL,2004,0.0,79.5487804878049,4.005,7.90090561,,,,,,,,2.55271908444313,
Nueva Zelandia,NZL,2005,0.0,79.8512195121951,3.807,8.27334881,,,,,,,,2.19317700017744,
Nueva Zelandia,NZL,2006,0.0,80.0487804878049,3.857,8.63841629,,,,,,,,1.53430913433827,
Nueva Zelandia,NZL,2007,0.0,80.1512195121951,3.661,8.32904434,,,,,,,,2.09353083178681,
Nueva Zelandia,NZL,2008,0.0,80.3512195121951,4.167,9.12382889,,,,,,,,-2.07416977408981,
Nueva Zelandia,NZL,2009,0.0,80.7024390243902,6.121,9.62076378,,,,,,,,-1.04618298900314,
Nueva Zelandia,NZL,2010,0.0,80.9048780487805,6.557,9.59277534,,,,,,,,0.323080777115536,
Nueva Zelandia,NZL,2011,0.0,81.1560975609756,6.491,9.51987362,,,,,,,,1.46473712971036,
Nueva Zelandia,NZL,2012,0.0,81.4073170731707,6.931,9.65163612,,,,,,,,1.73022518753503,
Nueva Zelandia,NZL,2013,0.0,81.4048780487805,5.839,9.36019325,,,,,,,,1.97364932096052,
Nueva Zelandia,NZL,2014,0.0,81.4568292682927,5.428,9.40168381,,,,,,,,2.0451815064295,
Nueva Zelandia,NZL,2015,0.0,81.6124390243903,5.415,9.28344345,,,,,,,,1.64333157642101,
Nueva Zelandia,NZL,2016,0.0,81.6585365853659,5.147,9.24379444,,,,,,,,1.44406499831086,
Nueva Zelandia,NZL,2017,0.0,81.8585365853659,4.736,8.96694851,,,,,,,,1.25999864014925,
Nueva Zelandia,NZL,2018,0.0,81.7073170731707,4.335,9.0351162,,,,,,,,1.66207788960591,
Nueva Zelandia,NZL,2019,0.0,82.0560975609756,4.109,9.49310207,,,,,,,,0.74611018814295,
Nueva Zelandia,NZL,2020,0.0,82.2560975609756,4.595,10.07205391,,,,,,,,-2.59630156645085,
Nueva Zelandia,NZL,2021,0.0,82.2073170731707,3.776,10.04858398,,,,,,,,4.11466940497311,
Nueva Zelandia,NZL,2022,0.0,82.7609756097561,3.297,,,,,,,,,2.65634589792765,
Nueva Zelandia,NZL,2023,0.0,,3.737,,,,,,,,,-1.40810809424879,
Miembros OCDE,OED,2001,0.0,77.203441174259,6.62582784223015,9.81485991712428,,,,,,,,0.656108070523814,
Miembros OCDE,OED,2002,0.0,77.37869710127,7.1344532800611,10.2416751064919,,,,,,,,0.777230123988957,
Miembros OCDE,OED,2003,0.0,77.5053039608125,7.25977892445071,10.4614570154035,,,,,,,,1.28252596972906,
Miembros OCDE,OED,2004,0.0,77.8985434192771,7.18031854961914,10.4184449374235,,,,,,,,2.50793145448122,
Miembros OCDE,OED,2005,0.0,78.0118313363979,6.82163914010166,10.4699238677766,,,,,,,,2.080948221439,
Miembros OCDE,OED,2006,0.0,78.2978214441002,6.33214245515211,10.5455063567146,,,,,,,,2.27055905577566,
Miembros OCDE,OED,2007,0.0,78.5050531122997,5.87687005092682,10.5199463190112,,,,,,,,1.84446260427515,
Miembros OCDE,OED,2008,0.0,78.6564743601317,6.19663633572403,10.7191547034843,,,,,,,,-0.378165724116911,
Miembros OCDE,OED,2009,0.0,78.9200247316373,8.35573322396362,11.6600601375273,,,,,,,,-4.06872282275388,
Miembros OCDE,OED,2010,0.0,79.092735109456,8.50107413421201,11.5505275463033,,,,,,,,2.29478922405444,
Miembros OCDE,OED,2011,0.0,79.3196779312764,8.10200533620874,11.5907937120225,,,,,,,,1.35704881574755,
Miembros OCDE,OED,2012,0.0,79.4742558062102,8.08540006897916,11.7200177654919,,,,,,,,0.778096866216373,
Miembros OCDE,OED,2013,0.0,79.6707996957426,7.97479370260556,11.7140666343479,,,,,,,,0.98028193572955,
Miembros OCDE,OED,2014,0.0,79.9190046547073,7.40189151006678,11.8744168073875,,,,,,,,1.52501946162158,
Miembros OCDE,OED,2015,0.0,79.7941423491773,6.85222359904241,12.2415850686692,,,,,,,,1.86680398742767,
Miembros OCDE,OED,2016,0.0,79.9068740392267,6.43543073237329,12.4073242831232,,,,,,,,1.20658244910912,
Miembros OCDE,OED,2017,0.0,79.9333351462022,5.90735032407124,12.364830146264,,,,,,,,1.97106465949177,
Miembros OCDE,OED,2018,0.0,80.0115717465781,5.46951508208401,12.325268485784,,,,,,,,1.741277923122,
Miembros OCDE,OED,2019,0.0,80.2235418765656,5.38904353838096,12.5213822723298,,,,,,,,1.26217597454921,
Miembros OCDE,OED,2020,0.0,78.8993835759152,7.14151055635845,13.9287645390152,,,,,,,,-4.47724518233728,
Miembros OCDE,OED,2021,0.0,78.6662054863823,6.19380130575329,13.3533916951673,,,,,,,,5.5243120984067,
Miembros OCDE,OED,2022,0.0,79.6307987453617,4.98417502472304,,,,,,,,,2.36847121479278,
Miembros OCDE,OED,2023,0.0,,4.81907315738235,,,,,,,,,1.11307442191659,
Omán,OMN,2001,0.0,73.808,4.337,2.70073724,,,,,,,,3.1452272322378,
Omán,OMN,2002,0.0,73.869,4.374,2.77737164,,,,,,,,-2.29436374150119,
Omán,OMN,2003,0.0,74.14,4.653,2.77524447,,,,,,,,-3.78700569016253,
Omán,OMN,2004,0.0,74.329,4.756,2.59660101,,,,,,,,-0.236292802427812,
Omán,OMN,2005,0.0,74.396,4.64,2.26479053,,,,,,,,0.60205937327018,
Omán,OMN,2006,0.0,74.48,4.391,2.01985121,,,,,,,,3.50131233176465,
Omán,OMN,2007,0.0,74.461,4.3,2.11371112,,,,,,,,2.6467589204473,
Omán,OMN,2008,0.0,74.612,4.142,1.75567567,,,,,,,,6.35004370200389,
Omán,OMN,2009,0.0,74.681,3.991,2.4694581,,,,,,,,4.28288171903171,
Omán,OMN,2010,0.0,76.269,3.925,2.47588587,,,,,,,,-4.79339813916209,
Omán,OMN,2011,0.0,76.608,3.928,2.23611403,,,,,,,,-7.53182501285681,
Omán,OMN,2012,0.0,77.061,3.727,2.27702832,,,,,,,,-1.25807375037573,
Omán,OMN,2013,0.0,77.246,3.516,2.5054009,,,,,,,,-2.52238574661166,
Omán,OMN,2014,0.0,77.446,3.43,3.13740134,,,,,,,,-3.57336802814908,
Omán,OMN,2015,0.0,77.687,3.392,4.07826233,,,,,,,,0.444638517235134,
Omán,OMN,2016,0.0,77.916,3.266,4.17580843,,,,,,,,0.119161082356882,
Omán,OMN,2017,0.0,77.924,2.524,3.95418668,,,,,,,,-2.87132381204755,
Omán,OMN,2018,0.0,77.966,1.8,3.21469474,,,,,,,,-0.0183566727402678,
Omán,OMN,2019,0.0,78.002,2.052,3.80648994,,,,,,,,-1.16331668317662,
Omán,OMN,2020,0.0,74.757,2.94,5.25332022,,,,,,,,-2.11716850954581,
Omán,OMN,2021,0.0,72.541,1.9,4.37028217,,,,,,,,3.61516461650578,
Omán,OMN,2022,0.0,73.935,1.514,,,,,,,,,3.0387436441855,
Omán,OMN,2023,0.0,,1.46,,,,,,,,,-0.185043398650947,
Otros Estados pequeos,OSS,2001,0.0,67.1348977317519,10.1478306770786,5.14278863864915,,,,,,,,1.84073225487711,
Otros Estados pequeos,OSS,2002,0.0,67.2944756483104,9.5438292018272,5.44153849712834,,,,,,,,2.04600332203991,
Otros Estados pequeos,OSS,2003,0.0,67.5021442779993,9.88661042197215,5.62040495270647,,,,,,,,3.13554029600591,
Otros Estados pequeos,OSS,2004,0.0,67.7849410679412,9.80726985593402,5.5365368248821,,,,,,,,3.38723578568056,
Otros Estados pequeos,OSS,2005,0.0,68.1048848286788,9.61976262535152,5.49962933141965,,,,,,,,3.25431980772957,
Otros Estados pequeos,OSS,2006,0.0,68.4237025047433,8.82404982089005,5.26777497228567,,,,,,,,4.65960434273158,
Otros Estados pequeos,OSS,2007,0.0,68.8446203976514,8.1920484728495,5.28147440741914,,,,,,,,4.59202207286286,
Otros Estados pequeos,OSS,2008,0.0,69.2822514736263,7.97066866672761,5.4053432193791,,,,,,,,0.385579262327212,
Otros Estados pequeos,OSS,2009,0.0,69.7563091776789,9.52043737866589,5.96940997264733,,,,,,,,-5.09239059756747,
Otros Estados pequeos,OSS,2010,0.0,70.3182930382145,9.82484125180476,5.7485702016541,,,,,,,,1.43145084343818,
Otros Estados pequeos,OSS,2011,0.0,70.7167298704571,9.35920444835167,5.5506014413464,,,,,,,,2.07880330004571,
Otros Estados pequeos,OSS,2012,0.0,71.1286933389706,9.3646306824871,5.57023093700344,,,,,,,,0.584030789516746,
Otros Estados pequeos,OSS,2013,0.0,71.5833915907986,9.55710666022416,5.76568943839699,,,,,,,,0.456008342304088,
Otros Estados pequeos,OSS,2014,0.0,71.9334267956089,9.28835108260616,5.93028375151465,,,,,,,,1.03117102019654,
Otros Estados pequeos,OSS,2015,0.0,72.2915632669388,8.88962681266777,6.20851042413517,,,,,,,,1.92357815410551,
Otros Estados pequeos,OSS,2016,0.0,72.6272199710453,8.57033729989458,6.29282752739033,,,,,,,,2.51389354918805,
Otros Estados pequeos,OSS,2017,0.0,73.0133546433457,8.21544312614478,6.18825831693217,,,,,,,,3.34966826129708,
Otros Estados pequeos,OSS,2018,0.0,73.2401483121548,7.84284122860608,6.12084892894174,,,,,,,,2.67949349016159,
Otros Estados pequeos,OSS,2019,0.0,73.4700633121699,7.55897242328313,6.22300517414721,,,,,,,,2.98686376622132,
Otros Estados pequeos,OSS,2020,0.0,73.1733964395647,9.12084049089226,7.25736461116691,,,,,,,,-6.41146901230196,
Otros Estados pequeos,OSS,2021,0.0,72.3668987010047,8.7356119554679,7.34833064327164,,,,,,,,5.89271006444588,
Otros Estados pequeos,OSS,2022,0.0,72.870262555981,8.27402660239825,,,,,,,,,3.41594337795203,
Otros Estados pequeos,OSS,2023,0.0,,8.15238482768172,,,,,,,,,1.43343955079544,
Pakistán,PAK,2001,0.0,62.421,0.595,2.54956865,,,,,,,,0.495411848013603,28.7
Pakistán,PAK,2002,0.0,62.626,0.597,2.66229343,,,,,,,,0.0528767980882066,
Pakistán,PAK,2003,0.0,62.843,0.595,2.30006313,,,,,,,,3.11874537909679,
Pakistán,PAK,2004,0.0,63.052,0.588,2.22177458,,,,,,,,5.44780221304131,30.9
Pakistán,PAK,2005,0.0,62.466,0.582,2.55108738,,,,,,,,4.9858297048835,31.3
Pakistán,PAK,2006,0.0,63.731,0.582,2.86177492,,,,,,,,3.84931891636293,
Pakistán,PAK,2007,0.0,63.852,0.398,2.81689191,,,,,,,,2.23188339952361,29.7
Pakistán,PAK,2008,0.0,64.036,0.423,2.71266913,,,,,,,,-0.0805842055896022,
Pakistán,PAK,2009,0.0,64.14,0.535,2.47458911,,,,,,,,1.19149790702573,
Pakistán,PAK,2010,0.0,64.436,0.653,2.39686537,,,,,,,,-0.759129913637068,28.8
Pakistán,PAK,2011,0.0,64.648,0.796,2.14016914,,,,,,,,0.535424529082334,29.7
Pakistán,PAK,2012,0.0,64.782,3.667,2.20038652,,,,,,,,1.19172685220417,
Pakistán,PAK,2013,0.0,65.15,2.954,2.4017837,,,,,,,,2.77511626081524,29.5
Pakistán,PAK,2014,0.0,65.284,1.827,2.45603824,,,,,,,,2.65952650755452,
Pakistán,PAK,2015,0.0,65.697,3.566,2.45764351,,,,,,,,2.87542459493075,31.3
Pakistán,PAK,2016,0.0,65.88,2.286,2.57026362,,,,,,,,5.29832429882757,
Pakistán,PAK,2017,0.0,66.297,3.193,2.7863009,,,,,,,,3.05478922007623,
Pakistán,PAK,2018,0.0,66.482,4.083,2.82844949,,,,,,,,4.53244520613151,29.6
Pakistán,PAK,2019,0.0,66.756,4.83,2.84736943,,,,,,,,0.862674221586389,
Pakistán,PAK,2020,0.0,66.269,6.162,2.95273018,,,,,,,,-2.97029464978425,
Pakistán,PAK,2021,0.0,66.098,6.338,2.91131568,,,,,,,,4.57816043050141,
Pakistán,PAK,2022,0.0,66.431,5.548,,,,,,,,,2.80269109335549,
Pakistán,PAK,2023,0.0,,5.499,,,,,,,,,-1.94283766076391,
Panamá,PAN,2001,0.0,74.414,6.429,7.17009974,,,,,,,,-1.37388223022434,56.7
Panamá,PAN,2002,0.0,74.824,6.419,7.31349277,,,,,,,,0.264941437307883,56.1
Panamá,PAN,2003,0.0,75.218,6.393,6.95631361,,,,,,,,2.22010714937244,55.7
Panamá,PAN,2004,0.0,75.544,6.171,7.34004402,,,,,,,,5.4765050328899,54.8
Panamá,PAN,2005,0.0,75.829,6.041,6.43272924,,,,,,,,5.16289682608576,53.8
Panamá,PAN,2006,0.0,76.012,5.849,6.7842741,,,,,,,,6.6299318529818,54.6
Panamá,PAN,2007,0.0,76.154,5.743,7.62018394,,,,,,,,9.92676585437539,52.7
Panamá,PAN,2008,0.0,76.225,5.704,7.05229712,,,,,,,,7.85477428624614,52.7
Panamá,PAN,2009,0.0,76.343,5.849,7.24006367,,,,,,,,-0.579348337851414,51.8
Panamá,PAN,2010,0.0,76.448,5.873,7.4865942,,,,,,,,3.95086668478952,51.6
Panamá,PAN,2011,0.0,76.627,4.049,7.08092785,,,,,,,,9.35039187358045,51.3
Panamá,PAN,2012,0.0,76.819,3.717,6.74132681,,,,,,,,7.84339403957495,51.7
Panamá,PAN,2013,0.0,77.038,3.707,6.75967455,,,,,,,,5.03825468082428,51.5
Panamá,PAN,2014,0.0,77.248,4.415,7.16729832,,,,,,,,3.24983013684663,50.5
Panamá,PAN,2015,0.0,77.468,4.37,7.18962574,,,,,,,,3.90792888074709,50.8
Panamá,PAN,2016,0.0,77.653,4.758,7.35213518,,,,,,,,3.14843275886638,50.4
Panamá,PAN,2017,0.0,77.795,5.395,7.42582321,,,,,,,,3.79367797647103,49.9
Panamá,PAN,2018,0.0,77.863,5.218,7.87820292,,,,,,,,1.96303772715136,49.2
Panamá,PAN,2019,0.0,77.81,6.332,8.46795654,,,,,,,,1.6401875183941,49.8
Panamá,PAN,2020,0.0,76.657,14.183,10.8049345,,,,,,,,-18.8543822302115,
Panamá,PAN,2021,0.0,76.223,10.453,9.68179989,,,,,,,,14.3217931852755,50.9
Panamá,PAN,2022,0.0,76.826,8.202,,,,,,,,,9.36878285347336,
Panamá,PAN,2023,0.0,,6.701,,,,,,,,,5.88753215857902,48.9
Perú,PER,2001,0.0,71.041,5.067,4.72161007,,,,,,,,-0.724689714782272,51.3
Perú,PER,2002,0.0,71.661,4.84,4.93902254,,,,,,,,4.22057017074744,53.6
Perú,PER,2003,0.0,72.217,4.15,4.58695936,,,,,,,,3.07584218086193,53.1
Perú,PER,2004,0.0,72.668,4.71,4.42970943,,,,,,,,3.94011215959908,49.9
Perú,PER,2005,0.0,72.986,4.87,4.66595268,,,,,,,,5.32837924683271,50.4
Perú,PER,2006,0.0,73.172,4.17,4.4095645,,,,,,,,6.64304687824702,50.3
Perú,PER,2007,0.0,73.223,4.08,4.42612123,,,,,,,,7.68626409527067,50.0
Perú,PER,2008,0.0,73.377,4.03,4.5332098,,,,,,,,8.34694304031613,47.5
Perú,PER,2009,0.0,73.466,3.96,4.96515894,,,,,,,,0.387889020776356,47.0
Perú,PER,2010,0.0,73.711,3.6,4.71503925,,,,,,,,7.51616967333678,45.5
Perú,PER,2011,0.0,74.133,3.477,4.53500509,,,,,,,,5.43211009632483,44.7
Perú,PER,2012,0.0,74.544,3.238,4.73488665,,,,,,,,5.1697619045632,44.4
Perú,PER,2013,0.0,74.967,3.575,4.7487607,,,,,,,,4.83334779976734,43.9
Perú,PER,2014,0.0,75.333,3.208,4.96445227,,,,,,,,1.31920125652192,43.1
Perú,PER,2015,0.0,75.621,3.272,4.96122217,,,,,,,,2.04895673228597,43.4
Perú,PER,2016,0.0,75.789,3.741,4.95967245,,,,,,,,2.54786708172743,43.6
Perú,PER,2017,0.0,75.879,3.691,4.8808279,,,,,,,,0.985513944113038,43.3
Perú,PER,2018,0.0,76.009,3.492,5.15967131,,,,,,,,2.03724979302511,42.4
Perú,PER,2019,0.0,76.156,3.379,5.17916393,,,,,,,,0.306641968886368,41.5
Perú,PER,2020,0.0,73.665,7.179,6.28521156,,,,,,,,-12.2166865947607,43.7
Perú,PER,2021,0.0,72.377,5.097,6.15173197,,,,,,,,11.9743591934842,40.1
Perú,PER,2022,0.0,73.385,3.85,,,,,,,,,1.7174898997512,40.3
Perú,PER,2023,0.0,,4.82,,,,,,,,,-1.42773504639044,
Filipinas,PHL,2001,0.0,69.614,3.698,2.85,,,,,,,,0.890742890768067,
Filipinas,PHL,2002,0.0,69.781,3.615,2.64,,,,,,,,1.59883528105142,
Filipinas,PHL,2003,0.0,69.924,3.527,3.08,,,,,,,,2.98718961508722,46.6
Filipinas,PHL,2004,0.0,70.037,3.554,3.05,,,,,,,,4.47246455926522,
Filipinas,PHL,2005,0.0,70.24,3.795,3.74,,,,,,,,2.93061028885407,
Filipinas,PHL,2006,0.0,70.282,4.052,3.78,,,,,,,,3.35080900793881,47.2
Filipinas,PHL,2007,0.0,70.483,3.434,3.75,,,,,,,,4.54552513369286,
Filipinas,PHL,2008,0.0,70.564,3.72,3.86,,,,,,,,2.41093432953198,
Filipinas,PHL,2009,0.0,70.633,3.858,4.16,,,,,,,,-0.401300433448426,46.3
Filipinas,PHL,2010,0.0,70.754,3.605,4.13,,,,,,,,5.41803030821811,
Filipinas,PHL,2011,0.0,70.788,3.592,4.03,,,,,,,,2.02421991760072,
Filipinas,PHL,2012,0.0,70.881,3.504,4.18,,,,,,,,5.04933014689183,46.5
Filipinas,PHL,2013,0.0,70.835,3.497,4.27,,,,,,,,4.96480133874881,
Filipinas,PHL,2014,0.0,71.151,3.6,3.7,,,,,,,,4.64233602675324,
Filipinas,PHL,2015,0.0,71.268,3.068,3.9,,,,,,,,4.58721825070494,44.6
Filipinas,PHL,2016,0.0,71.387,2.695,3.95,,,,,,,,5.26557127641811,
Filipinas,PHL,2017,0.0,71.516,2.552,3.96,,,,,,,,5.06439325253496,
Filipinas,PHL,2018,0.0,71.689,2.338,3.95,,,,,,,,4.54870091782639,42.3
Filipinas,PHL,2019,0.0,71.865,2.237,4.17,,,,,,,,4.37652555122709,
Filipinas,PHL,2020,0.0,72.119,2.522,5.16,,,,,,,,-10.9781941392831,
Filipinas,PHL,2021,0.0,69.266,3.398,5.87,,,,,,,,4.14651416904204,40.7
Filipinas,PHL,2022,0.0,72.187,2.598,5.1,,,,,,,,6.01819483656472,
Filipinas,PHL,2023,0.0,,2.233,,,,,,,,,3.94620378197092,
Palau,PLW,2001,0.0,,,7.79659462,,,,,,,,5.95252707091217,
Palau,PLW,2002,0.0,,,8.01948452,,,,,,,,4.89452388451146,
Palau,PLW,2003,0.0,,,8.96286488,,,,,,,,-3.36450754257933,
Palau,PLW,2004,0.0,,,9.91890907,,,,,,,,3.7980804719798,
Palau,PLW,2005,0.0,69.1292682926829,,9.29251766,,,,,,,,3.81031162398938,
Palau,PLW,2006,0.0,,,9.56446457,,,,,,,,0.955525159028198,
Palau,PLW,2007,0.0,,,9.80653,,,,,,,,3.08333112901846,
Palau,PLW,2008,0.0,,,9.40130234,,,,,,,,-4.18781094262833,
Palau,PLW,2009,0.0,,,10.30605984,,,,,,,,-5.90099939266028,
Palau,PLW,2010,0.0,,,11.61802578,,,,,,,,0.632899998099347,
Palau,PLW,2011,0.0,,,10.86477661,,,,,,,,6.84719838487726,
Palau,PLW,2012,0.0,,,11.4970541,,,,,,,,2.91223644559744,
Palau,PLW,2013,0.0,,,11.97790623,,,,,,,,-2.26843048025331,
Palau,PLW,2014,0.0,,,12.12317181,,,,,,,,5.34770587580655,
Palau,PLW,2015,0.0,,,11.33741093,,,,,,,,9.76074887480409,
Palau,PLW,2016,0.0,,,11.62825298,,,,,,,,0.757876995536449,
Palau,PLW,2017,0.0,,,12.52633381,,,,,,,,-3.65317518302462,
Palau,PLW,2018,0.0,,,12.85856915,,,,,,,,0.481401010178047,
Palau,PLW,2019,0.0,,,13.40278435,,,,,,,,0.616587252304598,
Palau,PLW,2020,0.0,,,14.34041405,,,,,,,,-7.85603540694406,
Palau,PLW,2021,0.0,,,16.38419533,,,,,,,,-14.4116914444209,
Palau,PLW,2022,0.0,,,,,,,,,,,-0.533364115402762,
Palau,PLW,2023,0.0,,,,,,,,,,,0.431742859455937,
Papua Nueva Guinea,PNG,2001,0.0,61.773,2.801,2.3006382,,,,,,,,-3.45482700101142,
Papua Nueva Guinea,PNG,2002,0.0,61.698,2.754,2.77562952,,,,,,,,-3.44774916520083,
Papua Nueva Guinea,PNG,2003,0.0,61.797,2.627,2.4531486,,,,,,,,-1.16339542271085,
Papua Nueva Guinea,PNG,2004,0.0,61.761,2.524,2.59372902,,,,,,,,-0.579036527113914,
Papua Nueva Guinea,PNG,2005,0.0,61.801,2.386,2.44874048,,,,,,,,2.97956551178532,
Papua Nueva Guinea,PNG,2006,0.0,61.917,2.286,2.42600322,,,,,,,,2.11954115945552,
Papua Nueva Guinea,PNG,2007,0.0,62.034,2.171,2.42102122,,,,,,,,4.49946370135348,
Papua Nueva Guinea,PNG,2008,0.0,62.571,2.168,2.13526058,,,,,,,,-3.32642816400887,
Papua Nueva Guinea,PNG,2009,0.0,62.788,2.088,2.32937527,,,,,,,,3.59444521417949,41.9
Papua Nueva Guinea,PNG,2010,0.0,63.039,2.002,2.10756016,,,,,,,,6.86989732080856,
Papua Nueva Guinea,PNG,2011,0.0,63.526,2.62,2.29397798,,,,,,,,-1.78540372164341,
Papua Nueva Guinea,PNG,2012,0.0,63.733,2.627,2.66693544,,,,,,,,1.78976660048515,
Papua Nueva Guinea,PNG,2013,0.0,63.961,2.682,2.99727893,,,,,,,,1.06637176582581,
Papua Nueva Guinea,PNG,2014,0.0,64.259,2.524,3.27119064,,,,,,,,10.6123177026363,
Papua Nueva Guinea,PNG,2015,0.0,64.701,2.487,1.81881714,,,,,,,,3.90203126621873,
Papua Nueva Guinea,PNG,2016,0.0,64.84,2.453,2.33063054,,,,,,,,2.91734310228075,
Papua Nueva Guinea,PNG,2017,0.0,65.103,2.544,2.22970986,,,,,,,,1.08531216872012,
Papua Nueva Guinea,PNG,2018,0.0,65.182,2.604,2.30051899,,,,,,,,-2.57131996144417,
Papua Nueva Guinea,PNG,2019,0.0,65.474,2.599,2.3253386,,,,,,,,2.14546338635098,
Papua Nueva Guinea,PNG,2020,0.0,65.787,2.814,2.30193973,,,,,,,,-5.22481758623621,
Papua Nueva Guinea,PNG,2021,0.0,65.351,2.906,2.32032132,,,,,,,,-2.77278243910037,
Papua Nueva Guinea,PNG,2022,0.0,65.958,2.689,,,,,,,,,3.16201888023512,
Papua Nueva Guinea,PNG,2023,0.0,,2.651,,,,,,,,,0.819102070688274,
Polonia,POL,2001,0.0,74.2,18.373,5.67,,,,,,,,1.28650764201419,
Polonia,POL,2002,0.0,74.4975609756098,19.895,6.07,,,,,,,,2.08313591593866,
Polonia,POL,2003,0.0,74.5975609756098,19.37,5.95,,,,,,,,3.56826865222615,
Polonia,POL,2004,0.0,74.8463414634146,19.074,5.87,,,,,,,,5.04429087883767,38.0
Polonia,POL,2005,0.0,74.9951219512195,17.746,5.81,,,,,,,,3.552334782491,35.8
Polonia,POL,2006,0.0,75.1439024390244,13.841,5.8,,,,,,,,6.19841368396281,34.7
Polonia,POL,2007,0.0,75.2439024390244,9.602,5.87,,,,,,,,7.11969021149332,34.0
Polonia,POL,2008,0.0,75.5439024390244,7.118,6.38,,,,,,,,4.18577208627693,33.5
Polonia,POL,2009,0.0,75.6951219512195,8.167,6.59,,,,,,,,2.76252525104977,33.4
Polonia,POL,2010,0.0,76.2463414634146,9.637,6.47,,,,,,,,3.22904912851982,33.2
Polonia,POL,2011,0.0,76.6951219512195,9.632,6.29,,,,,,,,4.98572218638633,33.2
Polonia,POL,2012,0.0,76.7463414634146,10.088,6.27,,,,,,,,1.54546434180358,33.0
Polonia,POL,2013,0.0,77.0,10.326,6.48,,,,,,,,0.91745249247623,33.1
Polonia,POL,2014,0.0,77.6024390243903,8.99,6.43,,,,,,,,3.91470563333374,32.8
Polonia,POL,2015,0.0,77.4512195121951,7.501,6.4,,,,,,,,4.45288399815828,31.8
Polonia,POL,2016,0.0,77.8512195121951,6.161,6.59,,,,,,,,2.99777305502597,31.2
Polonia,POL,2017,0.0,77.7536585365854,4.888,6.58,,,,,,,,5.12689681500834,29.7
Polonia,POL,2018,0.0,77.6024390243903,3.846,6.31,,,,,,,,5.94542050836115,30.2
Polonia,POL,2019,0.0,77.9048780487805,3.277,6.46,,,,,,,,4.47550510562556,28.8
Polonia,POL,2020,0.0,76.5,3.162,6.5,,,,,,,,-1.84839482693985,28.5
Polonia,POL,2021,0.0,75.5024390243902,3.363,6.44,,,,,,,,7.3654328477301,28.5
Polonia,POL,2022,0.0,77.3048780487805,2.886,6.68,,,,,,,,8.29236633399775,
Polonia,POL,2023,0.0,,2.905,,,,,,,,,0.531623454887892,
previa al dividendo demográfico,PRE,2001,0.0,51.9215614271429,5.17532344007442,3.79207325689885,,,,,,,,1.46172329263337,
previa al dividendo demográfico,PRE,2002,0.0,52.3681161355008,5.14963429628808,3.63052887054088,,,,,,,,2.79400462462537,
previa al dividendo demográfico,PRE,2003,0.0,52.8837927902007,5.12953455697387,4.50053676686324,,,,,,,,-3.69425396595824,
previa al dividendo demográfico,PRE,2004,0.0,53.3398016471408,5.04953871969228,4.5335233543309,,,,,,,,8.74581484319225,
previa al dividendo demográfico,PRE,2005,0.0,53.9397791722359,5.01029958381764,4.27294956696162,,,,,,,,2.90900777999776,
previa al dividendo demográfico,PRE,2006,0.0,54.5785753533199,4.988431546572,4.2216316056793,,,,,,,,3.22400941340729,
previa al dividendo demográfico,PRE,2007,0.0,55.0867801380248,4.9436946049711,4.16285511888885,,,,,,,,3.2095528610145,
previa al dividendo demográfico,PRE,2008,0.0,55.6136543774986,4.93854005245996,3.96980883395269,,,,,,,,3.38463955559402,
previa al dividendo demográfico,PRE,2009,0.0,56.3080035125471,4.99628794046852,4.27256132047506,,,,,,,,1.83678380126213,
previa al dividendo demográfico,PRE,2010,0.0,56.8119682833244,5.20817820460454,3.8627271505255,,,,,,,,3.47772465791023,
previa al dividendo demográfico,PRE,2011,0.0,57.3871065174694,5.26882688596026,3.72600507739769,,,,,,,,1.25823304880575,
previa al dividendo demográfico,PRE,2012,0.0,57.8697927005393,5.18099327412766,3.60441132321444,,,,,,,,1.18130283071618,
previa al dividendo demográfico,PRE,2013,0.0,58.3300592913712,5.02917853484085,3.75096853807488,,,,,,,,2.75381501025306,
previa al dividendo demográfico,PRE,2014,0.0,58.7521965415578,5.01367464138971,3.69458699923438,,,,,,,,2.07803603585073,
previa al dividendo demográfico,PRE,2015,0.0,59.1193712621413,5.10192042563972,3.96125877657177,,,,,,,,0.388466479405196,
previa al dividendo demográfico,PRE,2016,0.0,59.5239150627753,5.1886831437827,4.30177496107854,,,,,,,,-0.446306355882285,
previa al dividendo demográfico,PRE,2017,0.0,59.9506113469282,5.46533363858061,4.16417129486326,,,,,,,,-1.19952405647213,
previa al dividendo demográfico,PRE,2018,0.0,60.3548387754098,5.45851475517408,3.86660087193419,,,,,,,,-0.218800595266615,
previa al dividendo demográfico,PRE,2019,0.0,60.7216573709725,5.51609281598594,3.89791958795777,,,,,,,,0.498851865182019,
previa al dividendo demográfico,PRE,2020,0.0,60.2495318388733,6.04272774627958,4.45466124218743,,,,,,,,-5.20560891083046,
previa al dividendo demográfico,PRE,2021,0.0,59.87258063232,5.88360900576437,4.55275814723012,,,,,,,,0.41688682161552,
previa al dividendo demográfico,PRE,2022,0.0,60.5030211720339,5.21942761134312,,,,,,,,,1.43484365059905,
previa al dividendo demográfico,PRE,2023,0.0,,5.16816565702535,,,,,,,,,-0.293773356677491,
Puerto Rico,PRI,2001,12.2891,76.456,11.4,,1.307047,0.21119,0.395423,0.940449,2.772486,4.709758,1.952747,6.08604915442912,
Puerto Rico,PRI,2002,12.255233999999998,76.728,11.94,,1.302836,0.211606,0.400447,0.940806,2.769536,4.711284,1.918719,0.78642426955598,
Puerto Rico,PRI,2003,12.218481,76.874,11.78,,1.294977,0.212069,0.405448,0.941189,2.768037,4.712828,1.883933,-0.0091839432607798,
Puerto Rico,PRI,2004,12.179324999999999,77.143,10.31,,1.284069,0.212467,0.408882,0.941534,2.765808,4.714137,1.852428,8.72642635726453,
Puerto Rico,PRI,2005,12.143442999999998,77.237,11.35,,1.271908,0.212679,0.411,0.941738,2.763139,4.714803,1.828176,-1.84546036881626,
Puerto Rico,PRI,2006,12.095433,77.415,11.01,,1.250206,0.212709,0.411977,0.941808,2.757174,4.711843,1.809716,-0.991029990749254,
Puerto Rico,PRI,2007,12.026767999999999,77.621,10.93,,1.21474,0.212668,0.412885,0.94184,2.747134,4.704561,1.79294,-0.582297438193407,
Puerto Rico,PRI,2008,11.950831,77.841,11.48,,1.17177,0.21259,0.413065,0.94183,2.738188,4.695654,1.777734,-1.2665834534511,
Puerto Rico,PRI,2009,11.877624,77.877,15.0,,1.129682,0.212515,0.413018,0.941822,2.728431,4.688132,1.764024,-1.41621087876716,
Puerto Rico,PRI,2010,11.82369,78.01,16.1,,1.093685,0.212477,0.413657,0.941821,2.725618,4.684722,1.75171,0.09210207177928,
Puerto Rico,PRI,2011,11.781517000000001,78.316,15.7,,1.063787,0.212459,0.413561,0.94181,2.725602,4.684156,1.740142,0.800573059973047,
Puerto Rico,PRI,2012,11.742033,78.461,14.5,,1.036089,0.212442,0.413822,0.94186,2.724971,4.683885,1.728964,1.24696939039622,
Puerto Rico,PRI,2013,11.701020999999999,78.777,14.3,,1.006709,0.212419,0.413728,0.941913,2.724364,4.683593,1.718295,0.842159017658361,
Puerto Rico,PRI,2014,11.662701,78.929,13.9,,0.978507,0.212389,0.413598,0.941959,2.724716,4.683233,1.708299,0.436573539062167,
Puerto Rico,PRI,2015,11.628875,79.695,12.0,,0.953737,0.212372,0.413388,0.942083,2.724765,4.683272,1.699258,0.706860914000828,
Puerto Rico,PRI,2016,11.595903,80.27,11.8,,0.929357,0.212354,0.413068,0.942212,2.724418,4.683273,1.691221,0.665428416050347,
Puerto Rico,PRI,2017,11.567643,79.258,10.8,,0.906125,0.212347,0.412628,0.942408,2.726108,4.683654,1.684373,-0.508345051404973,
Puerto Rico,PRI,2018,0.0,79.77,9.2,,,,,,,,,-0.410161932653054,
Puerto Rico,PRI,2019,0.0,79.063,8.3,,,,,,,,,1.66463944622161,
Puerto Rico,PRI,2020,0.0,78.041,8.89,,,,,,,,,-6.74641129088297,
Puerto Rico,PRI,2021,0.0,80.162,7.9,,,,,,,,,0.965622665641604,
Puerto Rico,PRI,2022,0.0,79.72,6.0,,,,,,,,,4.93760570724984,
Puerto Rico,PRI,2023,0.0,,5.962,,,,,,,,,1.01594203308866,
Portugal,PRT,2001,13.669097999999998,76.8146341463415,3.829,8.63,0.714561,0.248486,0.469683,0.926252,4.680431,5.35148,1.278205,1.2272634226527,
Portugal,PRT,2002,13.712012999999999,77.0658536585366,4.497,8.79,0.713759,0.248622,0.47356,0.924605,4.71645,5.350923,1.284094,0.220542488198603,
Portugal,PRT,2003,13.759567,77.219512195122,6.132,9.12,0.712051,0.248759,0.47712,0.922649,4.759833,5.35053,1.288625,-1.30174208592079,38.8
Portugal,PRT,2004,13.798466999999999,77.6707317073171,6.319,9.53,0.70967,0.248862,0.480292,0.921038,4.796305,5.350485,1.291815,1.54562010216144,38.9
Portugal,PRT,2005,13.813821,78.0707317073171,7.582,9.65,0.706347,0.248916,0.484077,0.920503,4.808875,5.351409,1.293694,0.595038718090478,38.5
Portugal,PRT,2006,13.81189,78.419512195122,7.649,9.35,0.699766,0.248918,0.487375,0.920982,4.80553,5.354362,1.294957,1.44193641296673,38.1
Portugal,PRT,2007,13.811116,78.3219512195122,7.966,9.25,0.690426,0.248874,0.491157,0.921734,4.803936,5.358942,1.296047,2.30555211277161,36.8
Portugal,PRT,2008,13.803131,78.5243902439025,7.553,9.58,0.680296,0.248821,0.495106,0.9226,4.795229,5.364204,1.296875,0.174700554936223,36.6
Portugal,PRT,2009,13.795577999999999,78.7268292682927,9.432,10.13,0.672078,0.248755,0.49907,0.923296,4.786921,5.368501,1.296957,-3.21438996722308,34.9
Portugal,PRT,2010,13.785571,79.0268292682927,10.771,10.03,0.669327,0.248722,0.501449,0.923709,4.774924,5.371129,1.296311,1.69092841483231,35.8
Portugal,PRT,2011,13.768251,80.4707317073171,12.682,9.73,0.671262,0.248717,0.503632,0.923906,4.7539,5.372365,1.294469,-1.55146831672478,36.3
Portugal,PRT,2012,13.736101999999999,80.3731707317073,15.531,9.65,0.673695,0.248741,0.505364,0.924146,4.718802,5.373829,1.291525,-3.66753141566937,36.0
Portugal,PRT,2013,13.695456,80.7219512195122,16.188,9.4,0.67753,0.248794,0.506904,0.924423,4.675021,5.375392,1.287392,-0.377398248791067,36.2
Portugal,PRT,2014,13.648358,81.1219512195122,13.897,9.34,0.683347,0.248883,0.508989,0.924747,4.622827,5.377254,1.282311,1.33711996744654,35.6
Portugal,PRT,2015,13.591774,81.1243902439025,12.447,9.32,0.690379,0.249004,0.510327,0.925073,4.561403,5.37913,1.276458,2.2144828853083,35.5
Portugal,PRT,2016,13.531687000000002,81.1243902439025,11.068,9.39,0.699273,0.24916,0.512185,0.925408,4.494714,5.380981,1.269966,2.34182321593775,35.2
Portugal,PRT,2017,13.465306,81.4243902439025,8.869,9.31,0.709413,0.249372,0.513079,0.925815,4.421461,5.383261,1.262905,3.75909438887767,33.8
Portugal,PRT,2018,0.0,81.3243902439024,6.994,9.41,,,,,,,,3.01412372965098,33.5
Portugal,PRT,2019,0.0,81.6756097560976,6.464,9.51,,,,,,,,2.65839260557085,32.8
Portugal,PRT,2020,0.0,80.9756097560976,6.796,10.55,,,,,,,,-8.39685500953166,34.7
Portugal,PRT,2021,0.0,81.3780487804878,6.577,11.14,,,,,,,,5.07669501382099,34.6
Portugal,PRT,2022,0.0,81.5804878048781,6.011,10.62,,,,,,,,6.33622376266987,
Portugal,PRT,2023,0.0,,6.491,,,,,,,,,1.13770053718866,
Paraguay,PRY,2001,13.012771000000003,69.9,6.206,5.60815811,0.508997,0.198481,0.210964,1.067711,2.843599,5.976007,2.207012,-2.50324144139002,54.6
Paraguay,PRY,2002,13.035193,70.025,9.393,4.75770569,0.512458,0.198472,0.211005,1.067657,2.854846,5.975026,2.215729,-1.4392570908976,57.3
Paraguay,PRY,2003,13.061052,70.297,6.814,4.90703917,0.515857,0.198479,0.210821,1.067666,2.867884,5.97441,2.225935,3.02012063281991,54.9
Paraguay,PRY,2004,13.084811,70.481,6.513,4.93224335,0.518791,0.198502,0.210697,1.067733,2.879062,5.974291,2.235735,2.84572914855484,52.3
Paraguay,PRY,2005,13.105002,70.527,4.825,4.82934713,0.521008,0.19855,0.211286,1.067914,2.887829,5.974931,2.243484,1.00427226796494,51.4
Paraguay,PRY,2006,13.12541,70.781,5.277,5.01927567,0.522281,0.198666,0.211852,1.068397,2.894314,5.97719,2.25271,3.71264697494098,53.0
Paraguay,PRY,2007,13.156680000000001,71.106,4.713,5.02042723,0.524274,0.198872,0.21382,1.069275,2.902453,5.981728,2.266258,4.37554313351369,53.0
Paraguay,PRY,2008,13.192221,71.384,4.415,5.03776026,0.527694,0.19914,0.216221,1.070391,2.909553,5.987616,2.281606,5.45865492127598,50.7
Paraguay,PRY,2009,13.225456,71.635,5.46,5.52496862,0.52973,0.199419,0.218252,1.071469,2.917321,5.993405,2.29586,-1.26552656139802,49.1
Paraguay,PRY,2010,13.252780000000001,71.887,4.569,5.46593952,0.532229,0.199668,0.221084,1.072284,2.923385,5.997879,2.306251,9.82341463295111,51.0
Paraguay,PRY,2011,13.273443999999998,72.131,4.67,5.82225847,0.532834,0.199914,0.223115,1.072857,2.929236,6.000894,2.314594,2.94216224153907,52.3
Paraguay,PRY,2012,13.296857,72.454,4.086,6.53144598,0.533757,0.200228,0.225718,1.073443,2.935353,6.003971,2.324387,-2.0387310967984,47.6
Paraguay,PRY,2013,13.31897,72.757,4.385,6.0642848,0.533491,0.200591,0.227796,1.07398,2.941107,6.006738,2.335267,6.80851344989249,47.9
Paraguay,PRY,2014,13.341016,72.878,5.034,6.62719059,0.53252,0.201005,0.230337,1.074511,2.946082,6.009525,2.347036,3.83049792540911,50.7
Paraguay,PRY,2015,13.362643,73.191,4.556,6.69165802,0.531954,0.201451,0.232781,1.074953,2.950421,6.011838,2.359245,1.50345764723987,47.6
Paraguay,PRY,2016,13.383763,73.534,5.255,6.67556572,0.530195,0.201928,0.235552,1.075336,2.955169,6.013757,2.371826,2.79275975879854,47.9
Paraguay,PRY,2017,13.4024,73.644,6.138,6.60902548,0.527618,0.202426,0.238288,1.075629,2.95884,6.015214,2.384385,3.34581598704227,48.5
Paraguay,PRY,2018,0.0,73.568,6.217,6.74497652,,,,,,,,1.79595163131663,46.0
Paraguay,PRY,2019,0.0,73.621,6.595,7.16081905,,,,,,,,-1.72420205098025,45.7
Paraguay,PRY,2020,0.0,73.182,7.548,7.67533064,,,,,,,,-2.14847789745059,43.5
Paraguay,PRY,2021,0.0,70.262,7.311,8.03277016,,,,,,,,2.69625613799829,42.9
Paraguay,PRY,2022,0.0,70.475,6.755,,,,,,,,,-0.960716726240747,45.1
Paraguay,PRY,2023,0.0,,5.779,,,,,,,,,3.4813357159456,
Ribera Occidental y Gaza,PSE,2001,0.0,69.887,21.493,,,,,,,,,-11.5986372778127,
Ribera Occidental y Gaza,PSE,2002,0.0,70.969,27.465,,,,,,,,,-14.6970137389765,
Ribera Occidental y Gaza,PSE,2003,0.0,71.053,23.004,,,,,,,,,11.1393849871895,
Ribera Occidental y Gaza,PSE,2004,0.0,71.182,23.215,,,,,,,,,18.849181499215,34.0
Ribera Occidental y Gaza,PSE,2005,0.0,72.067,20.016,,,,,,,,,8.4829084168252,34.7
Ribera Occidental y Gaza,PSE,2006,0.0,71.915,19.014,,,,,,,,,-3.49430234961132,34.0
Ribera Occidental y Gaza,PSE,2007,0.0,72.153,18.282,,,,,,,,,1.16982596233521,35.6
Ribera Occidental y Gaza,PSE,2008,0.0,72.413,22.913,,,,,,,,,4.51371143942183,
Ribera Occidental y Gaza,PSE,2009,0.0,72.608,20.452,,,,,,,,,5.73457681316152,34.5
Ribera Occidental y Gaza,PSE,2010,0.0,73.004,21.416,,,,,,,,,3.06565425625401,35.3
Ribera Occidental y Gaza,PSE,2011,0.0,73.243,17.597,,,,,,,,,6.86783487502541,34.4
Ribera Occidental y Gaza,PSE,2012,0.0,73.466,19.202,,,,,,,,,3.51036746369036,
Ribera Occidental y Gaza,PSE,2013,0.0,74.029,19.894,,,,,,,,,2.21485047926886,
Ribera Occidental y Gaza,PSE,2014,0.0,72.622,20.527,,,,,,,,,-2.47102630481804,
Ribera Occidental y Gaza,PSE,2015,0.0,74.406,23.005,,,,,,,,,1.37258508832343,
Ribera Occidental y Gaza,PSE,2016,0.0,74.554,23.939,,,,,,,,,6.44666146094556,33.7
Ribera Occidental y Gaza,PSE,2017,0.0,74.833,25.677,,,,,,,,,-0.577622802403482,
Ribera Occidental y Gaza,PSE,2018,0.0,74.793,26.256,,,,,,,,,-1.30481419195327,
Ribera Occidental y Gaza,PSE,2019,0.0,75.241,25.34,,,,,,,,,-1.15161366535136,
Ribera Occidental y Gaza,PSE,2020,0.0,74.403,25.895,,,,,,,,,-13.4963869730477,
Ribera Occidental y Gaza,PSE,2021,0.0,73.473,26.39,,,,,,,,,4.41469534491321,
Ribera Occidental y Gaza,PSE,2022,0.0,73.444,24.42,,,,,,,,,1.58856471383393,
Ribera Occidental y Gaza,PSE,2023,0.0,,,,,,,,,,,-7.74337275590695,
Estados pequeos de las Islas del Pacfico,PSS,2001,0.0,67.4120451768642,4.48792525446272,4.87545576540905,,,,,,,,-0.371665271217552,
Estados pequeos de las Islas del Pacfico,PSS,2002,0.0,67.2052661088637,4.57801201363109,5.12278517319274,,,,,,,,0.713309921625594,
Estados pequeos de las Islas del Pacfico,PSS,2003,0.0,67.5196995129671,4.47909084917371,4.70463697399031,,,,,,,,0.67655535930993,
Estados pequeos de las Islas del Pacfico,PSS,2004,0.0,67.6882069100611,4.30987581256897,5.11854957643043,,,,,,,,2.68193673776116,
Estados pequeos de las Islas del Pacfico,PSS,2005,0.0,67.8304123903201,3.80270895258292,5.58520300247721,,,,,,,,1.18279809560016,
Estados pequeos de las Islas del Pacfico,PSS,2006,0.0,67.9857334641943,3.77116179249332,5.31213194786147,,,,,,,,1.13125037932885,
Estados pequeos de las Islas del Pacfico,PSS,2007,0.0,67.9652128719108,3.73530275742268,5.10328636052238,,,,,,,,-0.776300129623692,
Estados pequeos de las Islas del Pacfico,PSS,2008,0.0,68.1238403841778,3.6503810188297,4.90329941692124,,,,,,,,0.977769883566353,
Estados pequeos de las Islas del Pacfico,PSS,2009,0.0,68.0236126664195,3.59774938739617,5.34475977431409,,,,,,,,-1.66832667523136,
Estados pequeos de las Islas del Pacfico,PSS,2010,0.0,68.395698405641,3.50988644215718,5.04270105733308,,,,,,,,2.59215016069439,
Estados pequeos de las Islas del Pacfico,PSS,2011,0.0,68.5313845167091,3.46060756586954,4.76783726949574,,,,,,,,2.70697632338555,
Estados pequeos de las Islas del Pacfico,PSS,2012,0.0,68.5970917831778,3.57577704701433,4.85206646941748,,,,,,,,-0.100351300055735,
Estados pequeos de las Islas del Pacfico,PSS,2013,0.0,68.625773949461,3.47250438483349,4.89378919064077,,,,,,,,2.08620339095975,
Estados pequeos de las Islas del Pacfico,PSS,2014,0.0,68.642639894166,3.46103866764466,4.89584960442368,,,,,,,,2.49388159585358,
Estados pequeos de las Islas del Pacfico,PSS,2015,0.0,68.562208761319,3.46048200664483,4.93991197309273,,,,,,,,2.6643775137412,
Estados pequeos de las Islas del Pacfico,PSS,2016,0.0,68.8275112368945,3.46624189356177,4.85776243423714,,,,,,,,2.66638035767757,
Estados pequeos de las Islas del Pacfico,PSS,2017,0.0,69.1188648923584,3.48418829093629,4.70429029563308,,,,,,,,2.89819490896048,
Estados pequeos de las Islas del Pacfico,PSS,2018,0.0,69.2137482861639,3.49163625149505,5.15198539355508,,,,,,,,1.70031150820999,
Estados pequeos de las Islas del Pacfico,PSS,2019,0.0,69.2942514087701,3.51851427690957,5.39427437851474,,,,,,,,0.183066733268646,
Estados pequeos de las Islas del Pacfico,PSS,2020,0.0,69.3649211004034,3.50581280666335,6.02423314745949,,,,,,,,-11.3281846220218,
Estados pequeos de las Islas del Pacfico,PSS,2021,0.0,69.1635941828432,3.60474415655574,6.56337266178538,,,,,,,,-4.18763412269031,
Estados pequeos de las Islas del Pacfico,PSS,2022,0.0,69.734834839395,3.83067888737598,,,,,,,,,7.78223262042992,
Estados pequeos de las Islas del Pacfico,PSS,2023,0.0,,3.72942065533497,,,,,,,,,4.22961682175414,
posterior al dividendo demográfico,PST,2001,0.0,77.6440001289902,6.37616085115761,10.0578231261925,,,,,,,,1.04922187641429,
posterior al dividendo demográfico,PST,2002,0.0,77.7961534958994,6.76609718301748,10.4964775017076,,,,,,,,1.02349479602537,
posterior al dividendo demográfico,PST,2003,0.0,77.9092237127172,6.84931934759255,10.6936580816891,,,,,,,,1.51398756177343,
posterior al dividendo demográfico,PST,2004,0.0,78.3391630442744,6.65679399397234,10.6510771757971,,,,,,,,2.68261050513962,
posterior al dividendo demográfico,PST,2005,0.0,78.4264196988978,6.37655047018209,10.7341959264212,,,,,,,,2.25376013747574,
posterior al dividendo demográfico,PST,2006,0.0,78.7586473515955,5.96485594641909,10.829744498181,,,,,,,,2.36898024207895,
posterior al dividendo demográfico,PST,2007,0.0,79.0058514277467,5.54737108345186,10.8103435298824,,,,,,,,1.94621140280819,
posterior al dividendo demográfico,PST,2008,0.0,79.1508584263205,5.88647713276345,11.0174212378068,,,,,,,,-0.245607217919499,
posterior al dividendo demográfico,PST,2009,0.0,79.4756095757224,8.03983414695593,11.9581022003226,,,,,,,,-3.88387827592348,
posterior al dividendo demográfico,PST,2010,0.0,79.6850584909436,8.31575683044207,11.8975300487874,,,,,,,,2.43509926253407,
posterior al dividendo demográfico,PST,2011,0.0,79.950319503711,8.02508423453438,11.9659201159036,,,,,,,,1.38932838394172,
posterior al dividendo demográfico,PST,2012,0.0,80.0836715018756,8.08177598959486,12.1108064243948,,,,,,,,0.835324099403721,
posterior al dividendo demográfico,PST,2013,0.0,80.2602095768695,7.9659645786129,12.1210921635921,,,,,,,,1.06652388269875,
posterior al dividendo demográfico,PST,2014,0.0,80.5157118699578,7.44120265953412,12.3108622775039,,,,,,,,1.54934780423368,
posterior al dividendo demográfico,PST,2015,0.0,80.3817473499255,6.86785629878725,12.7008850533063,,,,,,,,1.76780212148564,
posterior al dividendo demográfico,PST,2016,0.0,80.5391330454269,6.4043730200603,12.8505298254583,,,,,,,,1.33804610857146,
posterior al dividendo demográfico,PST,2017,0.0,80.583392604549,5.83639833337156,12.8107142762707,,,,,,,,2.07538175326216,
posterior al dividendo demográfico,PST,2018,0.0,80.6701397121384,5.28825303519223,12.7563311511426,,,,,,,,1.88800270250317,
posterior al dividendo demográfico,PST,2019,0.0,80.8980437439001,4.93964776716091,12.9554727497507,,,,,,,,1.47502387658545,
posterior al dividendo demográfico,PST,2020,0.0,79.9983213884459,6.707652739053,14.4120621326704,,,,,,,,-4.47719422734374,
posterior al dividendo demográfico,PST,2021,0.0,79.7379449051126,5.79579066217279,13.8225034997889,,,,,,,,5.5292768427075,
posterior al dividendo demográfico,PST,2022,0.0,80.1676151914022,4.50999157227142,,,,,,,,,2.62435066033777,
posterior al dividendo demográfico,PST,2023,0.0,,4.45596873789694,,,,,,,,,1.22384214852562,
Polinesia Francesa,PYF,2001,0.0,79.685,11.678,,,,,,,,,-1.95223487887877,
Polinesia Francesa,PYF,2002,0.0,79.711,11.71,,,,,,,,,-0.744711326407085,
Polinesia Francesa,PYF,2003,0.0,79.703,11.748,,,,,,,,,0.560718466834871,
Polinesia Francesa,PYF,2004,0.0,79.696,11.697,,,,,,,,,-0.525174149797806,
Polinesia Francesa,PYF,2005,0.0,79.736,11.718,,,,,,,,,-1.14364408382306,
Polinesia Francesa,PYF,2006,0.0,79.842,11.766,,,,,,,,,-0.520075696647126,
Polinesia Francesa,PYF,2007,0.0,80.02,11.74,,,,,,,,,0.506867933014448,
Polinesia Francesa,PYF,2008,0.0,80.301,11.759,,,,,,,,,-0.841599299580238,
Polinesia Francesa,PYF,2009,0.0,80.665,11.968,,,,,,,,,-4.81662313790055,
Polinesia Francesa,PYF,2010,0.0,81.039,12.143,,,,,,,,,-2.98331147791387,
Polinesia Francesa,PYF,2011,0.0,81.429,12.273,,,,,,,,,-3.46438568360307,
Polinesia Francesa,PYF,2012,0.0,81.759,12.146,,,,,,,,,-1.38351773150443,
Polinesia Francesa,PYF,2013,0.0,82.017,12.03,,,,,,,,,-0.105925367566101,
Polinesia Francesa,PYF,2014,0.0,82.214,11.886,,,,,,,,,-0.0453209640432988,
Polinesia Francesa,PYF,2015,0.0,82.354,11.776,,,,,,,,,0.998225295592704,
Polinesia Francesa,PYF,2016,0.0,82.488,11.699,,,,,,,,,1.75795355431632,
Polinesia Francesa,PYF,2017,0.0,82.618,11.554,,,,,,,,,3.70010426122671,
Polinesia Francesa,PYF,2018,0.0,82.783,11.553,,,,,,,,,1.09430838063112,
Polinesia Francesa,PYF,2019,0.0,82.996,11.536,,,,,,,,,1.97658693500679,
Polinesia Francesa,PYF,2020,0.0,82.217,12.879,,,,,,,,,-7.72920563707365,
Polinesia Francesa,PYF,2021,0.0,79.486,12.492,,,,,,,,,1.38557350980042,
Polinesia Francesa,PYF,2022,0.0,83.55,11.911,,,,,,,,,3.6996646513398,
Polinesia Francesa,PYF,2023,0.0,,11.724,,,,,,,,,,
Qatar,QAT,2001,12.307325,75.263,0.87,2.3197093,2.011146,0.211285,0.306831,0.826718,3.716088,4.520539,0.714718,-1.13639035619863,
Qatar,QAT,2002,12.171364,75.412,0.87,2.46044064,1.884796,0.211902,0.311036,0.827151,3.705942,4.518565,0.711972,2.01906263896392,
Qatar,QAT,2003,12.005048000000002,75.565,0.87,3.50257182,1.738364,0.212586,0.316182,0.827383,3.690285,4.510815,0.709433,-1.17681781010212,
Qatar,QAT,2004,11.856141999999998,75.961,0.87,3.18311739,1.617769,0.213212,0.319571,0.827348,3.672239,4.49813,0.707873,14.7106389603298,
Qatar,QAT,2005,11.778348000000001,76.064,0.87,2.56300044,1.576526,0.213659,0.320742,0.826796,3.653271,4.478903,0.708451,-1.47018532552036,
Qatar,QAT,2006,11.763163,76.57,0.87,2.288064,1.608198,0.214003,0.321023,0.825935,3.626432,4.455796,0.711776,5.49322129021243,
Qatar,QAT,2007,11.768004000000001,77.016,0.52,2.07008052,1.672419,0.214384,0.319637,0.824804,3.591513,4.427889,0.717358,-2.78171821117928,
Qatar,QAT,2008,11.779843999999999,77.427,0.31,1.63775349,1.753505,0.214775,0.318032,0.823391,3.551997,4.394091,0.724053,0.360880522367538,
Qatar,QAT,2009,11.795357,77.878,0.31,2.38356304,1.832219,0.215105,0.315596,0.822013,3.5173,4.362986,0.730138,0.415386597297541,
Qatar,QAT,2010,11.812814,78.425,0.45,1.87017763,1.887668,0.21529,0.313912,0.821045,3.498145,4.3431,0.733654,12.387494904147,
Qatar,QAT,2011,11.831881000000001,78.891,0.56,1.599962,1.919078,0.215355,0.313587,0.820671,3.49216,4.336499,0.734531,7.67760832016431,
Qatar,QAT,2012,11.85283,79.227,0.48,1.74822152,1.941896,0.215382,0.314643,0.820656,3.48764,4.3381,0.734513,-0.847554024383243,
Qatar,QAT,2013,11.871808,79.536,0.28,2.07620168,1.963383,0.215392,0.315988,0.820531,3.484366,4.337588,0.73456,-1.17719204664343,
Qatar,QAT,2014,11.886338,79.768,0.2,2.42293572,1.985606,0.215387,0.316684,0.820266,3.478949,4.334799,0.734647,-3.17836570227246,
Qatar,QAT,2015,11.90067,80.064,0.17,3.63581347,2.001989,0.215344,0.316654,0.820022,3.478406,4.334049,0.734206,-3.92809919619101,
Qatar,QAT,2016,11.916977000000001,80.433,0.15,3.54971433,2.016525,0.21526,0.317081,0.819934,3.48023,4.334822,0.733125,-4.1078624678908,
Qatar,QAT,2017,11.928308999999999,80.717,0.14,3.21237087,2.024984,0.21514,0.318165,0.8199,3.482327,4.336059,0.731734,-5.73260962173684,35.1
Qatar,QAT,2018,0.0,80.898,0.11,2.96176219,,,,,,,,-0.776739175354805,
Qatar,QAT,2019,0.0,80.99,0.1,3.20278597,,,,,,,,-0.764496640722243,
Qatar,QAT,2020,0.0,79.099,0.14,3.81872201,,,,,,,,-1.92075758851206,
Qatar,QAT,2021,0.0,79.272,0.14,2.89366841,,,,,,,,4.35442707982936,
Qatar,QAT,2022,0.0,81.559,0.13,,,,,,,,,3.94258033577132,
Qatar,QAT,2023,0.0,,0.13,,,,,,,,,,
Rumania,ROU,2001,0.0,71.1609756097561,6.562,4.38,,,,,,,,6.69667366637488,
Rumania,ROU,2002,0.0,71.009756097561,8.112,4.58,,,,,,,,7.65586943426131,
Rumania,ROU,2003,0.0,71.309756097561,6.95,5.37,,,,,,,,3.08196384315724,
Rumania,ROU,2004,0.0,71.5609756097561,7.719,5.48,,,,,,,,11.0591132161949,
Rumania,ROU,2005,0.0,71.9121951219512,7.174,5.53,,,,,,,,5.3165061122384,
Rumania,ROU,2006,0.0,72.1634146341463,7.27,5.07,,,,,,,,8.67067585292331,39.6
Rumania,ROU,2007,0.0,72.5658536585366,6.413,5.02,,,,,,,,8.82964823723904,37.5
Rumania,ROU,2008,0.0,72.5658536585366,5.788,5.02,,,,,,,,11.1442089014979,36.4
Rumania,ROU,2009,0.0,73.309756097561,6.859,5.28,,,,,,,,-4.72698260115841,35.6
Rumania,ROU,2010,0.0,73.4585365853659,6.959,5.64,,,,,,,,-3.32875036446971,35.5
Rumania,ROU,2011,0.0,74.409756097561,7.177,4.48,,,,,,,,5.03243758056851,35.9
Rumania,ROU,2012,0.0,74.4121951219512,6.794,4.51,,,,,,,,2.37975233636634,36.5
Rumania,ROU,2013,0.0,75.0634146341463,7.096,5.22,,,,,,,,0.642981501285703,36.9
Rumania,ROU,2014,0.0,74.909756097561,6.802,5.03,,,,,,,,4.51141685454274,36.0
Rumania,ROU,2015,0.0,74.9121951219512,6.812,4.94,,,,,,,,3.64655356590626,35.9
Rumania,ROU,2016,0.0,75.209756097561,5.901,5.08,,,,,,,,3.44929521895125,34.4
Rumania,ROU,2017,0.0,75.209756097561,4.927,5.19,,,,,,,,8.82370076808195,36.0
Rumania,ROU,2018,0.0,75.3585365853659,4.187,5.52,,,,,,,,6.65376580785784,35.8
Rumania,ROU,2019,0.0,75.6073170731707,3.912,5.71,,,,,,,,4.40172136610761,34.8
Rumania,ROU,2020,0.0,74.2536585365854,5.035,6.23,,,,,,,,-3.14554156129175,34.6
Rumania,ROU,2021,0.0,72.809756097561,5.59,6.48,,,,,,,,6.50047052344212,33.9
Rumania,ROU,2022,0.0,75.3048780487805,5.614,,,,,,,,,4.51723504090292,
Rumania,ROU,2023,0.0,,5.595,,,,,,,,,2.09965979815894,
Federación de Rusia,RUS,2001,0.0,65.3834146341463,8.978,5.24,,,,,,,,5.54671833932643,
Federación de Rusia,RUS,2002,0.0,65.1287804878049,7.875,5.52,,,,,,,,5.18275023824988,
Federación de Rusia,RUS,2003,0.0,65.0275609756098,8.21,5.16,,,,,,,,7.78796752390349,
Federación de Rusia,RUS,2004,0.0,65.4709756097561,7.763,4.76,,,,,,,,7.63249118230908,
Federación de Rusia,RUS,2005,0.0,65.529756097561,7.124,4.77,,,,,,,,6.80660765259209,
Federación de Rusia,RUS,2006,0.0,66.7275609756098,7.055,4.77,,,,,,,,8.55494147469737,
Federación de Rusia,RUS,2007,0.0,67.5868292682927,6.002,4.75,,,,,,,,8.68576548155966,
Federación de Rusia,RUS,2008,0.0,67.9492682926829,6.205,4.9,,,,,,,,5.24621001829865,
Federación de Rusia,RUS,2009,0.0,68.6846341463415,8.301,5.64,,,,,,,,-7.8277499767233,
Federación de Rusia,RUS,2010,0.0,68.8412195121951,7.369,4.97,,,,,,,,4.45309639834757,
Federación de Rusia,RUS,2011,0.0,69.6839024390244,6.536,4.79,,,,,,,,4.17697624368184,
Federación de Rusia,RUS,2012,0.0,70.0721951219512,5.436,4.94,,,,,,,,3.76271915500016,
Federación de Rusia,RUS,2013,0.0,70.5787804878049,5.458,5.08,,,,,,,,1.45314767875932,
Federación de Rusia,RUS,2014,0.0,70.7436585365854,5.16,5.18,,,,,,,,-1.12194041744186,36.9
Federación de Rusia,RUS,2015,0.0,71.1834146341463,5.571,5.3,,,,,,,,-2.2762114110788,36.5
Federación de Rusia,RUS,2016,0.0,71.6512195121951,5.559,5.29,,,,,,,,-0.0904862004782103,36.7
Federación de Rusia,RUS,2017,0.0,72.4514634146342,5.212,5.36,,,,,,,,1.61387325924203,35.5
Federación de Rusia,RUS,2018,0.0,72.6621951219512,4.846,5.36,,,,,,,,2.71659271660542,35.3
Federación de Rusia,RUS,2019,0.0,73.0839024390244,4.496,5.65,,,,,,,,2.14202624717367,35.7
Federación de Rusia,RUS,2020,0.0,71.3387804878049,5.589,7.57,,,,,,,,-2.52680431743222,33.7
Federación de Rusia,RUS,2021,0.0,69.900243902439,4.715,7.39,,,,,,,,5.96554013311996,35.1
Federación de Rusia,RUS,2022,0.0,72.5456097560976,3.867,,,,,,,,,-1.73318663190568,
Federación de Rusia,RUS,2023,0.0,,3.325,,,,,,,,,3.89361804941169,
Rwanda,RWA,2001,11.529195999999999,49.021,11.828,3.31599975,0.551091,0.155802,0.091919,0.616788,4.188414,3.66121,2.263972,6.98138160554976,
Rwanda,RWA,2002,11.517501,51.032,11.557,3.13122177,0.550033,0.156151,0.093007,0.61722,4.166047,3.660866,2.274177,11.1862038595628,
Rwanda,RWA,2003,11.510774,53.368,11.751,6.93491793,0.549025,0.156609,0.093804,0.617767,4.143508,3.660065,2.289996,-0.131812109558581,
Rwanda,RWA,2004,11.498903,55.491,11.78,7.50929976,0.548498,0.157091,0.095078,0.61835,4.114294,3.659465,2.306127,4.71181205566151,
Rwanda,RWA,2005,11.482217,57.316,11.901,7.72549963,0.548101,0.1575,0.096222,0.618837,4.085294,3.659647,2.316616,6.53694566834675,52.0
Rwanda,RWA,2006,11.448758,58.714,11.669,7.60959911,0.553518,0.157943,0.097308,0.619319,4.037709,3.66025,2.322711,6.35481700874139,
Rwanda,RWA,2007,11.405729000000001,59.965,11.661,7.86212587,0.565763,0.158538,0.098759,0.619946,3.972632,3.661571,2.32852,4.77266069933427,
Rwanda,RWA,2008,11.363926000000001,61.134,11.601,7.5670433,0.57936,0.159198,0.100459,0.620641,3.906977,3.663462,2.333829,8.21997789894695,
Rwanda,RWA,2009,11.33553,61.958,11.694,7.80694866,0.591113,0.159827,0.10173,0.621302,3.857369,3.665557,2.338632,3.47942261367089,
Rwanda,RWA,2010,11.328859,62.54,11.7,8.08696938,0.596599,0.160326,0.103552,0.621824,3.836344,3.667729,2.342485,4.57249024307988,47.2
Rwanda,RWA,2011,11.33843,63.261,11.801,7.93879843,0.597789,0.160746,0.104721,0.622261,3.837336,3.670075,2.345502,5.22392901744348,
Rwanda,RWA,2012,11.349072,64.009,11.72,8.10667801,0.597997,0.161204,0.106537,0.622768,3.839435,3.673649,2.347482,6.00169965410731,
Rwanda,RWA,2013,11.359451,64.426,11.802,6.77649164,0.596626,0.161689,0.108072,0.623329,3.842979,3.678245,2.348511,2.257665757795,45.1
Rwanda,RWA,2014,11.367274,64.94,11.858,6.98844194,0.592906,0.162187,0.110042,0.623905,3.846173,3.683434,2.348627,3.67276990524657,
Rwanda,RWA,2015,11.378907,65.298,11.849,6.65446424,0.5883,0.162693,0.11216,0.624513,3.854341,3.689279,2.347621,6.29032810378693,
Rwanda,RWA,2016,11.385072000000001,65.737,11.805,6.96060848,0.58074,0.163197,0.114004,0.625119,3.860959,3.695472,2.345581,3.4132461314237,43.7
Rwanda,RWA,2017,11.390088,65.941,11.875,6.38999748,0.570294,0.163688,0.115817,0.62571,3.86945,3.702435,2.342694,1.37389802841599,
Rwanda,RWA,2018,0.0,66.251,10.759,6.69894743,,,,,,,,5.9059630075101,
Rwanda,RWA,2019,0.0,66.437,11.236,6.34386826,,,,,,,,6.86176122901128,
Rwanda,RWA,2020,0.0,66.774,11.829,7.47530079,,,,,,,,-5.66201158935542,
Rwanda,RWA,2021,0.0,66.072,15.793,7.32305002,,,,,,,,8.25962652732505,
Rwanda,RWA,2022,0.0,67.129,15.085,,,,,,,,,5.68623242423337,
Rwanda,RWA,2023,0.0,,14.932,,,,,,,,,5.79929478719474,
Asia meridional,SAS,2001,0.0,63.3037073531154,6.97443274007752,3.80140134125838,,,,,,,,2.36777817103093,
Asia meridional,SAS,2002,0.0,63.7715296382315,7.17128847615979,3.86381069793298,,,,,,,,1.75206628269248,
Asia meridional,SAS,2003,0.0,64.1997729412621,7.30064202739105,3.64304739758148,,,,,,,,5.21239715256223,
Asia meridional,SAS,2004,0.0,64.5400348324969,7.40567642544253,3.62028477900676,,,,,,,,5.67938406647994,
Asia meridional,SAS,2005,0.0,64.9162980965955,7.49539520028514,3.55546182573865,,,,,,,,5.82804286203753,
Asia meridional,SAS,2006,0.0,65.3714047440218,7.35365889485142,3.48919752431987,,,,,,,,5.92586247130131,
Asia meridional,SAS,2007,0.0,65.6322768161914,7.30958502305881,3.42005023041261,,,,,,,,5.55095839720776,
Asia meridional,SAS,2008,0.0,65.9610070803582,7.30746069878847,3.39147476329162,,,,,,,,1.80859724236517,
Asia meridional,SAS,2009,0.0,66.2545914531589,7.30235077938681,3.37209524195315,,,,,,,,5.40078807384945,
Asia meridional,SAS,2010,0.0,66.7509942386822,7.0701978028144,3.20184882352231,,,,,,,,5.8055259945338,
Asia meridional,SAS,2011,0.0,67.1424365863389,7.02391725431361,3.15677779947083,,,,,,,,3.55262575997459,
Asia meridional,SAS,2012,0.0,67.6320178896539,7.27920411133687,3.20886107190424,,,,,,,,3.91293117871754,
Asia meridional,SAS,2013,0.0,68.121401503545,7.18862661591832,3.56770328726292,,,,,,,,4.60200664073369,
Asia meridional,SAS,2014,0.0,68.6382506953563,7.00081709920807,3.4708383789523,,,,,,,,5.48659296900323,
Asia meridional,SAS,2015,0.0,69.1437835147163,7.10982709880106,3.45242198368784,,,,,,,,5.95195850785744,
Asia meridional,SAS,2016,0.0,69.609572441708,6.91597583450751,3.38455949256142,,,,,,,,6.48516390631161,
Asia meridional,SAS,2017,0.0,69.9792893786272,6.95480348947292,2.96360752319374,,,,,,,,5.22275361615951,
Asia meridional,SAS,2018,0.0,70.2534786113924,7.00880479011883,2.90913088806795,,,,,,,,5.08663023673471,
Asia meridional,SAS,2019,0.0,70.4727549740685,6.23383231502801,2.98057333340679,,,,,,,,2.74839490973251,
Asia meridional,SAS,2020,0.0,69.7483309161325,7.55004885180795,3.30540903793134,,,,,,,,-5.64370085847379,
Asia meridional,SAS,2021,0.0,67.5791290463818,6.44589719333181,3.26560184589601,,,,,,,,7.65554554032381,
Asia meridional,SAS,2022,0.0,68.1609330214255,5.14528947887754,,,,,,,,,5.34641402359644,
Asia meridional,SAS,2023,0.0,,4.61349940430436,,,,,,,,,5.29941916368497,
Arabia Saudita,SAU,2001,0.0,72.974,4.618,4.4617424,,,,,,,,-3.61962231403571,
Arabia Saudita,SAU,2002,0.0,73.337,5.265,4.2493701,,,,,,,,-5.12800068779897,
Arabia Saudita,SAU,2003,0.0,73.628,5.563,3.97910738,,,,,,,,8.70770608238405,
Arabia Saudita,SAU,2004,0.0,74.153,5.822,3.58400226,,,,,,,,5.62717507126105,
Arabia Saudita,SAU,2005,0.0,74.588,6.051,3.41866732,,,,,,,,2.3897136692657,
Arabia Saudita,SAU,2006,0.0,74.81,6.254,3.6192224,,,,,,,,-1.20128510844,
Arabia Saudita,SAU,2007,0.0,75.046,5.734,3.56229162,,,,,,,,-2.0770481588664,
Arabia Saudita,SAU,2008,0.0,75.274,5.085,2.97100711,,,,,,,,2.2329199753821,
Arabia Saudita,SAU,2009,0.0,75.431,5.377,4.29042768,,,,,,,,-5.65743222034889,
Arabia Saudita,SAU,2010,0.0,75.763,5.55,3.64786315,,,,,,,,1.72484812721648,
Arabia Saudita,SAU,2011,0.0,76.234,5.77,3.68218255,,,,,,,,8.2732444330277,
Arabia Saudita,SAU,2012,0.0,76.461,5.622,3.98779702,,,,,,,,3.11548747464592,
Arabia Saudita,SAU,2013,0.0,76.626,5.6,4.42293596,,,,,,,,0.382125887424479,
Arabia Saudita,SAU,2014,0.0,76.757,5.877,5.15801096,,,,,,,,1.73340179827674,
Arabia Saudita,SAU,2015,0.0,76.918,5.6,5.86202002,,,,,,,,2.51688696429464,
Arabia Saudita,SAU,2016,0.0,77.064,5.6,6.24143076,,,,,,,,-0.147393750094267,
Arabia Saudita,SAU,2017,0.0,77.16,5.89,6.03126049,,,,,,,,-1.38160394192704,
Arabia Saudita,SAU,2018,0.0,77.212,6.029,5.34063101,,,,,,,,0.767900778827467,
Arabia Saudita,SAU,2019,0.0,77.304,5.636,5.46742678,,,,,,,,-1.18575053223252,
Arabia Saudita,SAU,2020,0.0,76.239,7.45,6.64629889,,,,,,,,-4.03619785487392,
Arabia Saudita,SAU,2021,0.0,76.936,6.621,5.96836901,,,,,,,,5.21163634195938,
Arabia Saudita,SAU,2022,0.0,77.905,5.589,,,,,,,,,6.13262664715586,
Arabia Saudita,SAU,2023,0.0,,4.88,,,,,,,,,-2.20061175301424,
Sudán,SDN,2001,0.0,58.562,14.825,3.36456871,,,,,,,,3.53462666134909,
Sudán,SDN,2002,0.0,58.976,14.767,3.30010891,,,,,,,,3.17583159693746,
Sudán,SDN,2003,0.0,58.2,14.766,3.89187932,,,,,,,,3.49445168503024,
Sudán,SDN,2004,0.0,56.773,14.788,4.15593481,,,,,,,,2.3273511267635,
Sudán,SDN,2005,0.0,57.279,14.791,4.09418154,,,,,,,,2.6489481233195,
Sudán,SDN,2006,0.0,60.281,14.783,4.88544321,,,,,,,,3.31219590814811,
Sudán,SDN,2007,0.0,61.256,14.769,5.66269159,,,,,,,,2.4077757883645,
Sudán,SDN,2008,0.0,61.206,14.8,5.42313576,,,,,,,,0.595542524766103,
Sudán,SDN,2009,0.0,62.644,13.0,6.39496326,,,,,,,,-5.73753557742924,35.4
Sudán,SDN,2010,0.0,63.016,15.156,5.05810165,,,,,,,,0.806213762462463,
Sudán,SDN,2011,0.0,63.246,17.44,5.61579561,,,,,,,,6.36497407928857,
Sudán,SDN,2012,0.0,63.792,17.068,5.68827009,,,,,,,,-6.66241942387246,
Sudán,SDN,2013,0.0,63.678,16.414,6.96487474,,,,,,,,-0.398675964029266,
Sudán,SDN,2014,0.0,64.269,15.558,5.67619705,,,,,,,,1.79746715920011,34.2
Sudán,SDN,2015,0.0,64.659,14.512,5.81112576,,,,,,,,-1.20799806155449,
Sudán,SDN,2016,0.0,64.78,13.812,5.68438482,,,,,,,,0.298783690019718,
Sudán,SDN,2017,0.0,65.445,13.206,5.91767406,,,,,,,,-2.51568638689621,
Sudán,SDN,2018,0.0,65.681,12.605,4.46358299,,,,,,,,-5.73781228362907,
Sudán,SDN,2019,0.0,65.876,12.014,4.57422638,,,,,,,,-4.96825070175018,
Sudán,SDN,2020,0.0,65.614,12.368,3.01518917,,,,,,,,-6.25022807906741,
Sudán,SDN,2021,0.0,65.267,11.466,2.83633852,,,,,,,,-4.4836196256332,
Sudán,SDN,2022,0.0,65.578,7.53,,,,,,,,,-3.52926934636056,
Sudán,SDN,2023,0.0,,11.449,,,,,,,,,-14.3042535207652,
Senegal,SEN,2001,8.470438999999999,57.564,2.68,3.68148756,0.465335,0.170495,0.115615,0.644539,3.27778,2.89486,0.901815,1.85748537835701,41.2
Senegal,SEN,2002,8.470692999999999,58.231,2.808,3.95294404,0.46536,0.17072,0.116089,0.644825,3.277186,2.894898,0.901615,-2.31899690946396,
Senegal,SEN,2003,8.472108,59.122,2.774,4.29703569,0.464369,0.170996,0.117169,0.645174,3.278087,2.894941,0.901372,3.02806294089615,
Senegal,SEN,2004,8.473526,60.027,2.77,4.56856203,0.464596,0.171244,0.117801,0.645489,3.278213,2.894894,0.901289,2.05929577338581,
Senegal,SEN,2005,8.474737,60.915,2.685,3.67466521,0.464236,0.171396,0.11854,0.645705,3.278445,2.894843,0.901572,1.69283885897526,39.2
Senegal,SEN,2006,8.475631,61.75,2.755,3.76337624,0.464177,0.171478,0.118783,0.645813,3.277609,2.894163,0.903608,-0.297866563165542,
Senegal,SEN,2007,8.478203,62.543,2.796,3.41496587,0.464461,0.171567,0.119306,0.645883,3.276632,2.892702,0.907652,0.155202178419074,
Senegal,SEN,2008,8.481631,63.242,2.813,3.50687575,0.463835,0.171665,0.119744,0.645951,3.277006,2.891063,0.912367,1.0037086838431,
Senegal,SEN,2009,8.483167,63.923,2.807,3.841573,0.463784,0.171769,0.120001,0.646031,3.275408,2.889773,0.916401,0.038174664910585,
Senegal,SEN,2010,8.486891,64.615,2.798,4.02764368,0.464177,0.171877,0.120375,0.646144,3.276556,2.889392,0.91837,0.625915167183067,
Senegal,SEN,2011,8.494522,65.262,2.853,4.21416712,0.465211,0.172013,0.120983,0.646312,3.281263,2.889813,0.918927,-1.38705683397437,40.3
Senegal,SEN,2012,8.50491,65.457,3.887,4.26688004,0.466206,0.17219,0.121573,0.646511,3.288467,2.890466,0.919497,1.20518376811296,
Senegal,SEN,2013,8.518607,66.072,4.989,4.38573599,0.467184,0.17241,0.122222,0.646762,3.298502,2.891473,0.920054,-0.327534793003196,
Senegal,SEN,2014,8.540385,66.452,5.842,4.38962269,0.46998,0.172664,0.123063,0.647043,3.314314,2.892787,0.920534,3.37470117405547,
Senegal,SEN,2015,8.561428,66.879,6.757,4.37789631,0.47235,0.172951,0.123728,0.647369,3.329605,2.894516,0.920909,3.50805418581042,
Senegal,SEN,2016,8.587318,67.497,4.455,4.25606871,0.474385,0.173269,0.124287,0.647737,3.34987,2.89667,0.9211,3.50688918804765,
Senegal,SEN,2017,8.616653999999999,67.75,4.078,4.16359377,0.478695,0.173616,0.12529,0.648156,3.370497,2.899331,0.921069,4.52749063133484,
Senegal,SEN,2018,0.0,68.097,3.567,4.43182087,,,,,,,,3.36482160369758,38.3
Senegal,SEN,2019,0.0,68.526,2.863,4.49531031,,,,,,,,1.8292630702439,
Senegal,SEN,2020,0.0,68.006,3.405,5.15119171,,,,,,,,-1.34214592481055,
Senegal,SEN,2021,0.0,67.093,3.368,4.35098124,,,,,,,,3.76246020254614,36.2
Senegal,SEN,2022,0.0,67.913,2.968,,,,,,,,,1.18543325241156,
Senegal,SEN,2023,0.0,,2.93,,,,,,,,,1.09211395949825,
Singapur,SGP,2001,0.0,78.2512195121951,3.76,3.16302657,,,,,,,,-3.70366595204537,
Singapur,SGP,2002,0.0,78.5512195121951,5.65,3.358464,,,,,,,,2.97922962062731,
Singapur,SGP,2003,0.0,79.0390243902439,5.93,3.60699272,,,,,,,,6.10127554555405,
Singapur,SGP,2004,0.0,79.490243902439,5.84,3.15019798,,,,,,,,8.5722052915981,
Singapur,SGP,2005,0.0,79.990243902439,5.59,3.03367925,,,,,,,,4.87209326850753,
Singapur,SGP,2006,0.0,80.1414634146341,4.48,2.9347465,,,,,,,,5.64834329383781,
Singapur,SGP,2007,0.0,80.4414634146342,3.9,2.83749056,,,,,,,,4.57298627096552,
Singapur,SGP,2008,0.0,80.790243902439,3.96,3.19488454,,,,,,,,-3.41549269446281,
Singapur,SGP,2009,0.0,81.2414634146342,5.86,3.39853096,,,,,,,,-2.84677194924208,
Singapur,SGP,2010,0.0,81.5414634146342,4.12,3.20265388,,,,,,,,12.5085215498552,
Singapur,SGP,2011,0.0,81.7439024390244,3.89,3.15792179,,,,,,,,4.02338164865897,
Singapur,SGP,2012,0.0,81.9951219512195,3.72,3.32783675,,,,,,,,1.90446223662212,
Singapur,SGP,2013,0.0,82.2463414634147,3.86,3.68562651,,,,,,,,3.13397914899265,
Singapur,SGP,2014,0.0,82.4951219512195,3.74,3.87155652,,,,,,,,2.59472315486744,
Singapur,SGP,2015,0.0,82.7439024390244,3.79,4.18069839,,,,,,,,1.76232468638902,
Singapur,SGP,2016,0.0,82.8463414634146,4.08,4.38810682,,,,,,,,2.25332840052626,
Singapur,SGP,2017,0.0,83.0951219512195,4.2,4.36493397,,,,,,,,4.42037360424483,
Singapur,SGP,2018,0.0,83.2975609756098,3.613,4.07545424,,,,,,,,3.0320299723957,
Singapur,SGP,2019,0.0,83.5951219512195,3.1,4.39938164,,,,,,,,0.191993897241005,
Singapur,SGP,2020,0.0,83.5439024390244,4.1,5.71281767,,,,,,,,-3.56949598146913,
Singapur,SGP,2021,0.0,83.0926829268293,4.64,5.56525183,,,,,,,,14.3619661171204,
Singapur,SGP,2022,0.0,82.8951219512195,3.591,,,,,,,,,0.458682804705319,
Singapur,SGP,2023,0.0,,3.472,,,,,,,,,-3.71813638952344,
Islas Salomón,SLB,2001,0.0,67.364,2.583,6.60538721,,,,,,,,-10.1337789433022,
Islas Salomón,SLB,2002,0.0,67.515,2.635,10.10495281,,,,,,,,-5.03504850138742,
Islas Salomón,SLB,2003,0.0,67.644,2.256,7.075634,,,,,,,,4.10852597818494,
Islas Salomón,SLB,2004,0.0,67.801,2.015,7.72383881,,,,,,,,5.27096214826688,
Islas Salomón,SLB,2005,0.0,67.936,1.879,9.01593494,,,,,,,,4.97676503903676,46.1
Islas Salomón,SLB,2006,0.0,68.09,1.915,8.00584698,,,,,,,,1.82855180599684,
Islas Salomón,SLB,2007,0.0,67.986,1.975,7.18298769,,,,,,,,1.34165294386257,
Islas Salomón,SLB,2008,0.0,68.404,1.996,5.50597048,,,,,,,,3.88282682631159,
Islas Salomón,SLB,2009,0.0,68.466,2.02,6.60598898,,,,,,,,0.558443866775832,
Islas Salomón,SLB,2010,0.0,68.732,1.622,4.66139841,,,,,,,,7.15830977501489,
Islas Salomón,SLB,2011,0.0,68.908,1.297,5.02313328,,,,,,,,4.84431725218819,
Islas Salomón,SLB,2012,0.0,69.084,0.987,4.87480497,,,,,,,,-0.0682031868943369,37.1
Islas Salomón,SLB,2013,0.0,69.188,0.694,4.57886171,,,,,,,,2.59904883804849,
Islas Salomón,SLB,2014,0.0,69.234,0.728,4.88791895,,,,,,,,-1.35332306766367,
Islas Salomón,SLB,2015,0.0,69.583,0.735,4.44578695,,,,,,,,-0.860529804071021,
Islas Salomón,SLB,2016,0.0,69.801,0.735,4.40253973,,,,,,,,2.95964958146601,
Islas Salomón,SLB,2017,0.0,69.988,0.727,4.14992523,,,,,,,,0.587961871197322,
Islas Salomón,SLB,2018,0.0,70.173,0.723,3.77378345,,,,,,,,0.312349382868433,
Islas Salomón,SLB,2019,0.0,70.382,0.746,4.32405567,,,,,,,,-0.624686844901149,
Islas Salomón,SLB,2020,0.0,70.199,0.852,4.79699087,,,,,,,,-5.64540180953043,
Islas Salomón,SLB,2021,0.0,70.348,0.866,4.76345396,,,,,,,,0.150392485048627,
Islas Salomón,SLB,2022,0.0,70.742,1.579,,,,,,,,,0.0806310425950585,
Islas Salomón,SLB,2023,0.0,,1.545,,,,,,,,,0.704416896804162,
Sierra Leona,SLE,2001,0.0,45.661,4.161,8.36564541,,,,,,,,-11.6100016787977,
Sierra Leona,SLE,2002,0.0,46.359,3.901,9.40313911,,,,,,,,19.5576574813772,
Sierra Leona,SLE,2003,0.0,46.963,3.879,8.4533062,,,,,,,,5.17062574375558,40.2
Sierra Leona,SLE,2004,0.0,47.577,3.42,8.67061424,,,,,,,,2.96846663220316,
Sierra Leona,SLE,2005,0.0,48.237,3.724,9.04395866,,,,,,,,1.59921052047827,
Sierra Leona,SLE,2006,0.0,49.323,3.9,9.02353287,,,,,,,,2.01356321541233,
Sierra Leona,SLE,2007,0.0,50.365,4.018,8.52283859,,,,,,,,5.62421706375164,
Sierra Leona,SLE,2008,0.0,51.526,4.14,8.81158161,,,,,,,,2.80994060614795,
Sierra Leona,SLE,2009,0.0,52.626,4.282,9.68422222,,,,,,,,0.423333100952036,
Sierra Leona,SLE,2010,0.0,53.693,4.427,9.12688351,,,,,,,,3.70749941429165,
Sierra Leona,SLE,2011,0.0,54.62,4.554,10.76753807,,,,,,,,3.19321507665293,34.0
Sierra Leona,SLE,2012,0.0,55.451,4.56,8.94355106,,,,,,,,12.2116152090603,
Sierra Leona,SLE,2013,0.0,56.313,4.538,11.59017754,,,,,,,,18.0146534946538,
Sierra Leona,SLE,2014,0.0,56.393,4.678,19.69004631,,,,,,,,1.98463481397566,
Sierra Leona,SLE,2015,0.0,57.189,4.621,19.65816307,,,,,,,,-22.3833148317162,
Sierra Leona,SLE,2016,0.0,58.404,4.312,15.78850651,,,,,,,,3.80453756664755,
Sierra Leona,SLE,2017,0.0,58.652,3.848,9.3997612,,,,,,,,1.27194946638203,
Sierra Leona,SLE,2018,0.0,59.796,3.193,8.28987598,,,,,,,,1.0547690134314,35.7
Sierra Leona,SLE,2019,0.0,60.255,3.204,9.12992668,,,,,,,,2.82676305120302,
Sierra Leona,SLE,2020,0.0,59.763,3.485,9.32588673,,,,,,,,-4.19655104811287,
Sierra Leona,SLE,2021,0.0,60.062,3.516,8.55334282,,,,,,,,1.79687952384096,
Sierra Leona,SLE,2022,0.0,60.411,3.194,,,,,,,,,1.23255280589404,
Sierra Leona,SLE,2023,0.0,,3.174,,,,,,,,,1.24981982883963,
El Salvador,SLV,2001,10.843938,69.598,6.96,7.88604879,0.57561,0.192068,0.207843,0.759236,3.099898,2.889712,3.119571,0.380732463223339,51.3
El Salvador,SLV,2002,10.79434,70.232,6.2,7.88565731,0.57709,0.192408,0.209373,0.760097,3.089073,2.893763,3.072536,1.18124442675949,51.9
El Salvador,SLV,2003,10.736646,70.14,6.9,7.77182293,0.578727,0.192767,0.211669,0.761024,3.077165,2.897983,3.017311,1.30293757074168,50.4
El Salvador,SLV,2004,10.679744,70.34,6.8,8.1302166,0.579355,0.193109,0.213524,0.76195,3.066272,2.902326,2.963208,0.742207189640482,47.8
El Salvador,SLV,2005,10.639228,70.44,7.22,9.20057869,0.581323,0.193404,0.215907,0.762827,3.058823,2.906668,2.920276,2.64406250782032,48.5
El Salvador,SLV,2006,10.606913,70.773,6.57,8.69338894,0.581639,0.193704,0.218638,0.763679,3.05103,2.911102,2.887121,4.39545698940658,45.7
El Salvador,SLV,2007,10.577359999999999,71.108,6.41,8.47836304,0.582179,0.194084,0.220663,0.764657,3.043548,2.916086,2.856143,1.68423504798841,45.2
El Salvador,SLV,2008,10.551718999999999,71.424,5.88,8.49585915,0.582595,0.194484,0.223092,0.76561,3.037453,2.920971,2.827514,1.75090977503847,46.9
El Salvador,SLV,2009,10.529664,71.576,7.33,8.83749676,0.583041,0.194857,0.225559,0.76644,3.032828,2.925243,2.801696,-2.47983074489038,45.8
El Salvador,SLV,2010,10.51178,71.848,4.893,8.90416241,0.583812,0.195155,0.227828,0.767036,3.030472,2.928342,2.779135,1.77248097880032,43.5
El Salvador,SLV,2011,10.495423,71.859,4.297,8.87645435,0.585721,0.19542,0.229858,0.767472,3.027701,2.930574,2.758677,3.37936248725347,42.3
El Salvador,SLV,2012,10.483502,71.831,3.843,8.60625362,0.589475,0.195735,0.231869,0.767948,3.026992,2.932926,2.738557,2.48792473987429,41.8
El Salvador,SLV,2013,10.472474,71.771,3.693,9.05235958,0.59376,0.196091,0.234488,0.768454,3.02532,2.935404,2.718957,1.7806559363643,43.4
El Salvador,SLV,2014,10.464982,71.746,4.154,8.5989418,0.599151,0.196483,0.236998,0.768981,3.025158,2.937975,2.700236,1.33811313449822,41.6
El Salvador,SLV,2015,10.457758,71.814,3.998,8.75833225,0.604498,0.196909,0.239302,0.769541,3.024102,2.940689,2.682717,2.04601635573663,40.6
El Salvador,SLV,2016,10.456452,72.025,4.418,8.71456337,0.611135,0.197357,0.241685,0.770066,3.025543,2.943086,2.66758,2.22008531516545,40.0
El Salvador,SLV,2017,10.457685999999999,72.311,4.385,8.42286873,0.61886,0.197831,0.243873,0.770585,3.025887,2.94522,2.65543,1.98421127831776,38.0
El Salvador,SLV,2018,0.0,72.555,4.006,8.322752,,,,,,,,2.25436301028891,38.6
El Salvador,SLV,2019,0.0,72.559,4.17,8.80846119,,,,,,,,2.37426593989549,38.8
El Salvador,SLV,2020,0.0,71.061,5.008,9.08151054,,,,,,,,-8.07626916563888,
El Salvador,SLV,2021,0.0,70.748,4.327,9.71643353,,,,,,,,11.5248556155141,39.0
El Salvador,SLV,2022,0.0,71.475,2.999,,,,,,,,,2.43898103574529,38.8
El Salvador,SLV,2023,0.0,,2.758,,,,,,,,,3.0466615323586,
San Marino,SMR,2001,0.0,,,5.64127541,,,,,,,,3.6008008675515,
San Marino,SMR,2002,0.0,,,5.39155769,,,,,,,,-1.96304027688777,
San Marino,SMR,2003,0.0,,,4.77200127,,,,,,,,1.57767229894597,
San Marino,SMR,2004,0.0,,,4.86479282,,,,,,,,2.78078889850858,
San Marino,SMR,2005,0.0,,,4.88683653,,,,,,,,0.98460206250796,
San Marino,SMR,2006,0.0,,,4.91361904,,,,,,,,2.26703514301485,
San Marino,SMR,2007,0.0,,,5.09587288,,,,,,,,5.65284458849327,
San Marino,SMR,2008,0.0,,,5.41110897,,,,,,,,-1.56399111526295,
San Marino,SMR,2009,0.0,,,6.18409586,,,,,,,,-11.3575249331086,
San Marino,SMR,2010,0.0,,,6.20853519,,,,,,,,-7.11551372737081,
San Marino,SMR,2011,0.0,,,8.0707283,,,,,,,,-10.8174600101232,
San Marino,SMR,2012,0.0,,,8.98883724,,,,,,,,-8.83170788811384,
San Marino,SMR,2013,0.0,,,8.23800278,,,,,,,,-1.24003498452547,
San Marino,SMR,2014,0.0,,,8.30091763,,,,,,,,-1.01166258669356,
San Marino,SMR,2015,0.0,,,8.43315315,,,,,,,,1.73997852818752,
San Marino,SMR,2016,0.0,,,8.4219532,,,,,,,,1.54583273797132,
San Marino,SMR,2017,0.0,,,8.25972271,,,,,,,,-0.395285594495562,
San Marino,SMR,2018,0.0,,,8.2778492,,,,,,,,1.19675721727393,
San Marino,SMR,2019,0.0,,,8.14801598,,,,,,,,1.99998659410139,
San Marino,SMR,2020,0.0,,,8.48147392,,,,,,,,-6.17850136644861,
San Marino,SMR,2021,0.0,,,7.97527838,,,,,,,,9.30519141231972,
San Marino,SMR,2022,0.0,,,,,,,,,,,,
San Marino,SMR,2023,0.0,,,,,,,,,,,,
Somalia,SOM,2001,10.173906,50.74,18.883,,0.486672,0.152432,0.076425,0.615231,3.77988,3.524825,1.538441,2.98587948763243,
Somalia,SOM,2002,10.169471999999999,50.731,18.893,,0.484865,0.152502,0.076499,0.615436,3.781052,3.523531,1.535587,3.7377791062917,
Somalia,SOM,2003,10.163922000000001,50.614,18.914,,0.48315,0.152598,0.076445,0.61563,3.782377,3.521336,1.532386,3.80102104207482,
Somalia,SOM,2004,10.158675,50.538,18.846,,0.481291,0.152696,0.076376,0.615825,3.783005,3.519634,1.529848,3.30888343412057,
Somalia,SOM,2005,10.159336,50.661,18.873,,0.480943,0.152781,0.07659,0.616056,3.784001,3.51988,1.529085,3.52944839395548,
Somalia,SOM,2006,10.16358,50.597,18.9,,0.482112,0.152888,0.076516,0.61638,3.78283,3.521535,1.531319,3.34971969611063,
Somalia,SOM,2007,10.168021999999999,50.515,18.834,,0.483339,0.153051,0.076728,0.61683,3.778749,3.523522,1.535803,3.49758796474831,
Somalia,SOM,2008,10.172874,51.12,18.88,,0.484947,0.153233,0.076963,0.617333,3.773623,3.525751,1.541024,3.64797683059916,
Somalia,SOM,2009,10.177800000000001,51.853,18.926,,0.486709,0.153402,0.077297,0.617825,3.768744,3.52839,1.545433,4.10052308639774,
Somalia,SOM,2010,10.182751,50.563,18.973,,0.48777,0.153511,0.077515,0.618196,3.76713,3.531512,1.547117,4.06296016274838,
Somalia,SOM,2011,10.189774,51.304,19.021,,0.489011,0.153579,0.077832,0.618491,3.768783,3.535175,1.546903,5.03336672918653,
Somalia,SOM,2012,10.195817,53.161,19.078,,0.489463,0.15365,0.078257,0.618804,3.769761,3.53934,1.546542,4.77760038569035,
Somalia,SOM,2013,10.204303000000001,53.843,18.995,,0.491197,0.153719,0.078566,0.619136,3.771767,3.543948,1.54597,-5.82856927844114,
Somalia,SOM,2014,10.213674,54.277,18.847,,0.493166,0.153782,0.07869,0.61947,3.774406,3.549125,1.545035,3.83627122735946,
Somalia,SOM,2015,10.223272000000001,54.857,18.444,,0.494599,0.153839,0.078854,0.619808,3.777474,3.555038,1.54366,6.31486428515046,
Somalia,SOM,2016,10.234483,55.044,18.372,,0.496591,0.153885,0.079322,0.620139,3.781353,3.561614,1.541579,2.48029678520032,
Somalia,SOM,2017,10.244160999999998,55.654,18.545,,0.497894,0.153912,0.079896,0.620442,3.784748,3.568698,1.538571,5.2978755396651,
Somalia,SOM,2018,0.0,56.375,18.783,,,,,,,,,-0.665618617313129,
Somalia,SOM,2019,0.0,57.078,18.828,,,,,,,,,-0.0670916876808008,
Somalia,SOM,2020,0.0,55.967,19.35,,,,,,,,,-5.83739361134317,
Somalia,SOM,2021,0.0,55.28,19.553,,,,,,,,,0.111181795823015,
Somalia,SOM,2022,0.0,56.107,19.128,,,,,,,,,-0.658388537355137,
Somalia,SOM,2023,0.0,,19.027,,,,,,,,,0.000975995751375,
Serbia,SRB,2001,9.484438,72.2341463414634,12.8,6.49679995,0.456262,0.194992,0.153578,0.693297,2.716068,3.38636,1.883881,7.06270732214276,
Serbia,SRB,2002,9.494883999999999,72.2853658536585,13.8,7.59296274,0.457699,0.195206,0.155397,0.693387,2.700769,3.389389,1.903037,6.47847678049133,
Serbia,SRB,2003,9.510329,72.4365853658537,15.2,7.66696072,0.460305,0.195477,0.157715,0.693482,2.684733,3.392958,1.925659,4.61006584286503,
Serbia,SRB,2004,9.524585,72.6829268292683,18.5,7.84200048,0.461658,0.195763,0.160631,0.693629,2.669606,3.396348,1.94695,9.28288774951476,
Serbia,SRB,2005,9.532871,72.8341463414634,20.85,8.28380585,0.462847,0.196026,0.163412,0.693881,2.65594,3.398838,1.961927,5.84786986827727,
Serbia,SRB,2006,9.539345,73.3853658536585,20.85,8.49390411,0.463488,0.196353,0.165797,0.694267,2.644229,3.400738,1.974473,5.52189240110543,
Serbia,SRB,2007,9.546492,73.6317073170732,18.06,9.3764925,0.461531,0.196811,0.168795,0.694795,2.631312,3.402799,1.990449,6.87196980103251,
Serbia,SRB,2008,9.552984,73.8853658536585,13.67,9.48246479,0.458344,0.19731,0.171589,0.695355,2.619175,3.404653,2.006558,6.10631700958608,
Serbia,SRB,2009,9.558159,73.9853658536585,16.116,9.34623528,0.455231,0.197763,0.174636,0.695859,2.609186,3.406051,2.019433,-2.34092820223162,
Serbia,SRB,2010,9.560381,74.3365853658537,19.204,9.5273037,0.454886,0.198084,0.177051,0.696228,2.60152,3.406741,2.025871,1.13680433834465,
Serbia,SRB,2011,9.558992,74.5365853658537,22.959,9.11380386,0.45417,0.198333,0.17836,0.696539,2.596686,3.406993,2.027911,2.84500960707238,
Serbia,SRB,2012,9.557113,74.8365853658537,24.0,9.32820415,0.452949,0.198617,0.180229,0.6969,2.591891,3.407053,2.029474,-0.198378899470342,39.9
Serbia,SRB,2013,9.554241,75.1853658536585,22.154,9.31232452,0.452227,0.198925,0.18211,0.697301,2.586581,3.406865,2.030232,3.39452352049253,39.4
Serbia,SRB,2014,9.548487,75.3365853658537,19.223,9.24598789,0.450108,0.199253,0.183528,0.697745,2.581376,3.40659,2.029887,-1.12639732710853,40.4
Serbia,SRB,2015,9.542037,75.2878048780488,17.66,8.81319809,0.447539,0.199589,0.185056,0.698199,2.577638,3.406153,2.027863,2.31101588882194,40.5
Serbia,SRB,2016,9.533612999999999,75.6878048780488,15.257,8.45890999,0.444604,0.199932,0.186224,0.698684,2.574493,3.405636,2.02404,3.88118476026682,38.8
Serbia,SRB,2017,9.52133,75.5390243902439,13.477,8.22039318,0.441905,0.200264,0.187147,0.699141,2.570068,3.404672,2.018133,2.64598586238259,36.1
Serbia,SRB,2018,0.0,75.890243902439,12.733,8.53168106,,,,,,,,5.0675948814029,35.0
Serbia,SRB,2019,0.0,75.9365853658537,10.395,8.66552734,,,,,,,,4.89309425558007,34.5
Serbia,SRB,2020,0.0,74.4780487804878,9.011,8.70042133,,,,,,,,-0.2409239589782,35.0
Serbia,SRB,2021,0.0,72.780487804878,10.061,10.0125246,,,,,,,,8.74735667879341,33.1
Serbia,SRB,2022,0.0,75.4821951219512,8.684,,,,,,,,,5.16395693805021,
Serbia,SRB,2023,0.0,,8.683,,,,,,,,,3.24698781306859,
África al sur del Sahara (excluido altos ingresos),SSA,2001,0.0,51.5337626313284,6.25826316438261,5.02684610749715,,,,,,,,1.49179301933621,
África al sur del Sahara (excluido altos ingresos),SSA,2002,0.0,51.8890711484619,6.16766093376977,4.58776546586216,,,,,,,,3.55244341873015,
África al sur del Sahara (excluido altos ingresos),SSA,2003,0.0,52.3673959299741,6.10011877520962,5.4962408989355,,,,,,,,1.32666527768315,
África al sur del Sahara (excluido altos ingresos),SSA,2004,0.0,52.8466181215404,5.95285915175114,5.47995037626311,,,,,,,,3.78869114212455,
África al sur del Sahara (excluido altos ingresos),SSA,2005,0.0,53.4601779317097,5.84326739613379,5.29295540647081,,,,,,,,3.19178969007055,
África al sur del Sahara (excluido altos ingresos),SSA,2006,0.0,54.2113682396008,5.75440671726186,5.20199290004259,,,,,,,,3.20920479692342,
África al sur del Sahara (excluido altos ingresos),SSA,2007,0.0,54.8471078111259,5.71055572642118,5.10051546903226,,,,,,,,3.28807660016477,
África al sur del Sahara (excluido altos ingresos),SSA,2008,0.0,55.4488626082174,5.70786355954883,4.892347807892,,,,,,,,2.33868148955271,
África al sur del Sahara (excluido altos ingresos),SSA,2009,0.0,56.2178928838296,5.79076422308504,5.28836676214996,,,,,,,,0.382994119179074,
África al sur del Sahara (excluido altos ingresos),SSA,2010,0.0,56.8456972290726,6.04248261015662,5.21274266284679,,,,,,,,3.11595055276752,
África al sur del Sahara (excluido altos ingresos),SSA,2011,0.0,57.5571440641247,5.95611377736133,5.1551752157935,,,,,,,,1.58267361755564,
África al sur del Sahara (excluido altos ingresos),SSA,2012,0.0,58.139480025035,5.84135603342065,4.98574575581478,,,,,,,,0.475270774519458,
África al sur del Sahara (excluido altos ingresos),SSA,2013,0.0,58.6666818675623,5.66410890815386,4.96620514524222,,,,,,,,2.25823524168534,
África al sur del Sahara (excluido altos ingresos),SSA,2014,0.0,59.1413468929509,5.71342634020634,4.75028810949571,,,,,,,,2.04947893964223,
África al sur del Sahara (excluido altos ingresos),SSA,2015,0.0,59.5616171804581,5.88782130413379,4.97444536578512,,,,,,,,0.141096769171156,
África al sur del Sahara (excluido altos ingresos),SSA,2016,0.0,60.0677233314774,5.95717068693606,5.04205488622775,,,,,,,,-1.45000291196146,
África al sur del Sahara (excluido altos ingresos),SSA,2017,0.0,60.4758930748584,6.0446244692085,5.04491716815235,,,,,,,,-0.191155026223782,
África al sur del Sahara (excluido altos ingresos),SSA,2018,0.0,60.8619664295261,6.01754020171336,4.77471677594038,,,,,,,,0.0701442627856608,
África al sur del Sahara (excluido altos ingresos),SSA,2019,0.0,61.2431760700969,6.1385567095684,4.7340249508943,,,,,,,,-0.0109901669833761,
África al sur del Sahara (excluido altos ingresos),SSA,2020,0.0,60.8474927916025,6.56697284213806,4.93514898614465,,,,,,,,-4.49057961420196,
África al sur del Sahara (excluido altos ingresos),SSA,2021,0.0,60.2406378326655,6.69681929875394,5.10350370855077,,,,,,,,1.63226413027124,
África al sur del Sahara (excluido altos ingresos),SSA,2022,0.0,60.7631048177053,6.0782191698974,,,,,,,,,1.08220447890585,
África al sur del Sahara (excluido altos ingresos),SSA,2023,0.0,,5.96814416054341,,,,,,,,,0.408917453592039,
Sudán del Sur,SSD,2001,0.0,46.881,12.166,,,,,,,,,,
Sudán del Sur,SSD,2002,0.0,47.492,12.116,,,,,,,,,,
Sudán del Sur,SSD,2003,0.0,50.253,12.118,,,,,,,,,,
Sudán del Sur,SSD,2004,0.0,50.917,12.142,,,,,,,,,,
Sudán del Sur,SSD,2005,0.0,51.545,12.145,,,,,,,,,,
Sudán del Sur,SSD,2006,0.0,52.016,12.137,,,,,,,,,,
Sudán del Sur,SSD,2007,0.0,52.856,12.121,,,,,,,,,,
Sudán del Sur,SSD,2008,0.0,53.538,12.15,,,,,,,,,,
Sudán del Sur,SSD,2009,0.0,53.891,12.319,,,,,,,,,0.428311415870425,46.3
Sudán del Sur,SSD,2010,0.0,54.812,12.35,,,,,,,,,0.224489690813229,
Sudán del Sur,SSD,2011,0.0,54.94,12.48,,,,,,,,,-9.56171072740051,
Sudán del Sur,SSD,2012,0.0,55.865,12.754,,,,,,,,,-48.3924544008618,
Sudán del Sur,SSD,2013,0.0,55.751,12.578,,,,,,,,,9.01010300567134,
Sudán del Sur,SSD,2014,0.0,54.973,12.462,,,,,,,,,2.38489853377585,
Sudán del Sur,SSD,2015,0.0,55.566,12.355,,,,,,,,,-10.6420744058549,
Sudán del Sur,SSD,2016,0.0,55.544,12.876,,,,,,,,,,44.1
Sudán del Sur,SSD,2017,0.0,55.309,13.079,15.9569149,,,,,,,,,
Sudán del Sur,SSD,2018,0.0,55.95,12.918,10.05615997,,,,,,,,,
Sudán del Sur,SSD,2019,0.0,55.912,12.642,9.03740788,,,,,,,,,
Sudán del Sur,SSD,2020,0.0,55.48,14.204,9.44806385,,,,,,,,,
Sudán del Sur,SSD,2021,0.0,54.975,13.868,5.86061621,,,,,,,,,
Sudán del Sur,SSD,2022,0.0,55.567,12.395,,,,,,,,,,
Sudán del Sur,SSD,2023,0.0,,12.271,,,,,,,,,,
África al sur del Sahara,SSF,2001,0.0,51.5363218250062,6.25826316438261,5.02682869549896,,,,,,,,1.48457128257596,
África al sur del Sahara,SSF,2002,0.0,51.891342436414,6.16766093376978,4.58736240789462,,,,,,,,3.54680728404131,
África al sur del Sahara,SSF,2003,0.0,52.36952152081,6.10011877520962,5.4956795293558,,,,,,,,1.31678846906836,
África al sur del Sahara,SSF,2004,0.0,52.8488071191082,5.95285915175114,5.47919244621981,,,,,,,,3.78016772427931,
África al sur del Sahara,SSF,2005,0.0,53.4621950485481,5.84326739613379,5.29219990088254,,,,,,,,3.19459810309975,
África al sur del Sahara,SSF,2006,0.0,54.2133010695829,5.75440671726186,5.20108209248605,,,,,,,,3.21222317013601,
África al sur del Sahara,SSF,2007,0.0,54.8490285448748,5.71055572642118,5.09929918803561,,,,,,,,3.29078380617152,
África al sur del Sahara,SSF,2008,0.0,55.4507126052464,5.70786355954884,4.8913538896588,,,,,,,,2.33137184204656,
África al sur del Sahara,SSF,2009,0.0,56.2196130711593,5.79076422308504,5.28712714719978,,,,,,,,0.378447710938403,
África al sur del Sahara,SSF,2010,0.0,56.8473656890804,6.04248261015662,5.21225465850828,,,,,,,,3.11475432266045,
África al sur del Sahara,SSF,2011,0.0,57.5586106850985,5.95611377736133,5.15471847005052,,,,,,,,1.58723531254255,
África al sur del Sahara,SSF,2012,0.0,58.1410132486788,5.84135603342065,4.98601304378435,,,,,,,,0.475317334026599,
África al sur del Sahara,SSF,2013,0.0,58.668043004746,5.66410890815386,4.96566442914217,,,,,,,,2.25515107890546,
África al sur del Sahara,SSF,2014,0.0,59.1426582019127,5.71342634020634,4.75016895001391,,,,,,,,2.0489484285327,
África al sur del Sahara,SSF,2015,0.0,59.5629817000586,5.88782130413379,4.97392241046586,,,,,,,,0.145878198620068,
África al sur del Sahara,SSF,2016,0.0,60.0690246731195,5.95717068693606,5.04197078967098,,,,,,,,-1.44078459976149,
África al sur del Sahara,SSF,2017,0.0,60.4771384571495,6.0446244692085,5.04462777748119,,,,,,,,-0.186884335505809,
África al sur del Sahara,SSF,2018,0.0,60.8630275388921,6.01754020171336,4.77488819304456,,,,,,,,0.0724081797107488,
África al sur del Sahara,SSF,2019,0.0,61.2442905189234,6.1385567095684,4.7340622294304,,,,,,,,-0.0080170723799142,
África al sur del Sahara,SSF,2020,0.0,60.8488944244664,6.56697284213806,4.93645561155037,,,,,,,,-4.50035860103959,
África al sur del Sahara,SSF,2021,0.0,60.2417434631864,6.69681929875394,5.10362475159997,,,,,,,,1.62901944819048,
África al sur del Sahara,SSF,2022,0.0,60.7643999775278,6.0782191698974,,,,,,,,,1.09068109739113,
África al sur del Sahara,SSF,2023,0.0,,5.9681441605434,,,,,,,,,0.409373989155256,
Pequeños Estados,SST,2001,0.0,67.4392574357724,9.66611688500094,4.94494500319782,,,,,,,,1.39374923721883,
Pequeños Estados,SST,2002,0.0,67.5429977660284,9.32654034221645,5.20239127949199,,,,,,,,1.79152698165565,
Pequeños Estados,SST,2003,0.0,67.7338684173925,9.61571853633001,5.39224870463715,,,,,,,,2.54763728650134,
Pequeños Estados,SST,2004,0.0,68.0104522277905,9.43549627195943,5.38359967743143,,,,,,,,3.06290625651182,
Pequeños Estados,SST,2005,0.0,68.3086990510631,9.19770909889793,5.36447527438826,,,,,,,,3.00975196492939,
Pequeños Estados,SST,2006,0.0,68.6213083841976,8.45031512500184,5.19169177517229,,,,,,,,4.31067157940836,
Pequeños Estados,SST,2007,0.0,68.9789515777953,7.9292813248787,5.20152642060633,,,,,,,,3.96532623870402,
Pequeños Estados,SST,2008,0.0,69.3511842187505,7.760206856319,5.32163554764892,,,,,,,,0.322096670102042,
Pequeños Estados,SST,2009,0.0,69.7201365799247,9.13530273313507,5.81715294024241,,,,,,,,-4.58983685647124,
Pequeños Estados,SST,2010,0.0,70.1938116265358,9.35548800082526,5.62788332956767,,,,,,,,1.26793614668279,
Pequeños Estados,SST,2011,0.0,70.5094812811322,9.05723991603655,5.46818337876008,,,,,,,,1.89543064546686,
Pequeños Estados,SST,2012,0.0,70.8330816434934,9.10066189771818,5.48472728500812,,,,,,,,0.727596764731004,
Pequeños Estados,SST,2013,0.0,71.1737055890161,9.29833010802622,5.65442219866961,,,,,,,,0.312338084538212,
Pequeños Estados,SST,2014,0.0,71.4543676533908,9.05953639254819,5.77334874804028,,,,,,,,1.09355745514431,
Pequeños Estados,SST,2015,0.0,71.7374274433806,8.67227846770129,5.97899514208141,,,,,,,,1.60678287417124,
Pequeños Estados,SST,2016,0.0,72.0653097209304,8.43823032520535,6.07855900924553,,,,,,,,2.03710341430512,
Pequeños Estados,SST,2017,0.0,72.413998438043,8.09252205807457,6.0416913799706,,,,,,,,2.97039023475372,
Pequeños Estados,SST,2018,0.0,72.6308564795014,7.85457543799761,6.00447250691342,,,,,,,,2.45397523519347,
Pequeños Estados,SST,2019,0.0,72.7506270642624,7.5896147335354,6.11205688679047,,,,,,,,2.35549339512993,
Pequeños Estados,SST,2020,0.0,72.5405980370116,9.092816530217,7.11778552097903,,,,,,,,-7.20021076391176,
Pequeños Estados,SST,2021,0.0,71.6444984379684,8.68223921514957,7.1676725708992,,,,,,,,5.98112257396959,
Pequeños Estados,SST,2022,0.0,72.1645255241764,8.11159054588073,,,,,,,,,6.56457857204136,
Pequeños Estados,SST,2023,0.0,,7.88971878930358,,,,,,,,,3.4647518719854,
Santo Tomé y Príncipe,STP,2001,0.0,62.032,15.73,10.83865166,,,,,,,,1.27178930894334,
Santo Tomé y Príncipe,STP,2002,0.0,62.6,17.63,10.69723701,,,,,,,,0.888637963626834,
Santo Tomé y Príncipe,STP,2003,0.0,63.166,16.36,12.6639061,,,,,,,,5.53003711960952,
Santo Tomé y Príncipe,STP,2004,0.0,63.731,16.12,11.91980934,,,,,,,,0.954333270100037,
Santo Tomé y Príncipe,STP,2005,0.0,63.709,16.47,11.55062962,,,,,,,,3.98816476530017,
Santo Tomé y Príncipe,STP,2006,0.0,64.398,16.65,8.30422878,,,,,,,,6.20891574134438,
Santo Tomé y Príncipe,STP,2007,0.0,64.724,16.098,8.20471764,,,,,,,,1.12739805479345,
Santo Tomé y Príncipe,STP,2008,0.0,65.079,15.573,7.16872263,,,,,,,,3.68973127139573,
Santo Tomé y Príncipe,STP,2009,0.0,65.116,15.4,7.24220848,,,,,,,,0.910767934361019,
Santo Tomé y Príncipe,STP,2010,0.0,65.249,14.66,6.86072636,,,,,,,,-0.785082451855757,30.8
Santo Tomé y Príncipe,STP,2011,0.0,64.902,14.196,6.76036882,,,,,,,,-0.142032343554305,
Santo Tomé y Príncipe,STP,2012,0.0,65.746,13.59,6.47629499,,,,,,,,0.83987811119934,
Santo Tomé y Príncipe,STP,2013,0.0,66.328,13.711,7.93743753,,,,,,,,3.04016923484151,
Santo Tomé y Príncipe,STP,2014,0.0,66.845,13.619,6.73101807,,,,,,,,2.91960134224303,
Santo Tomé y Príncipe,STP,2015,0.0,67.249,13.598,5.34009647,,,,,,,,-0.29143919030804,
Santo Tomé y Príncipe,STP,2016,0.0,67.492,13.65,6.43088865,,,,,,,,3.37377877143992,
Santo Tomé y Príncipe,STP,2017,0.0,68.267,13.811,6.46181059,,,,,,,,2.40941467800187,40.7
Santo Tomé y Príncipe,STP,2018,0.0,68.355,13.878,5.50957823,,,,,,,,2.74439117312018,
Santo Tomé y Príncipe,STP,2019,0.0,68.523,13.998,5.29584646,,,,,,,,0.466984036333457,
Santo Tomé y Príncipe,STP,2020,0.0,67.785,15.183,7.30042553,,,,,,,,0.727641306349327,
Santo Tomé y Príncipe,STP,2021,0.0,67.591,15.042,7.82528496,,,,,,,,-0.140450036440157,
Santo Tomé y Príncipe,STP,2022,0.0,68.794,14.115,,,,,,,,,-1.81517737305937,
Santo Tomé y Príncipe,STP,2023,0.0,,14.208,,,,,,,,,-2.39579238120169,
Suriname,SUR,2001,12.102302,65.482,12.137,3.82474971,0.689376,0.183106,0.257208,0.861426,3.870721,4.509188,1.731277,2.40501894069133,
Suriname,SUR,2002,12.129975,65.531,11.233,5.32991552,0.690233,0.183207,0.258993,0.86158,3.889723,4.51012,1.736119,1.08440670849748,
Suriname,SUR,2003,12.159627999999998,65.596,10.351,4.88878393,0.691978,0.183336,0.261431,0.861779,3.90827,4.511292,1.741542,4.58790646517815,
Suriname,SUR,2004,12.189672,66.416,9.49,5.4608078,0.692351,0.18349,0.264648,0.862067,3.927429,4.513036,1.746651,7.05665428792723,
Suriname,SUR,2005,12.217259000000002,67.002,9.263,5.2439642,0.693088,0.183651,0.267531,0.862445,3.944593,4.515601,1.75035,3.35665822258677,
Suriname,SUR,2006,12.246003,67.571,9.096,5.85598755,0.692636,0.18391,0.270606,0.862952,3.962471,4.519161,1.754267,4.61750357600963,
Suriname,SUR,2007,12.277019000000001,68.204,9.005,5.22148609,0.689158,0.184317,0.274969,0.863625,3.981307,4.523746,1.759897,3.9322472074726,
Suriname,SUR,2008,12.312175000000002,68.816,8.832,4.74699593,0.686334,0.184766,0.279361,0.864316,4.003285,4.528493,1.76562,2.97468067937979,
Suriname,SUR,2009,12.340783,69.505,8.72,4.97810316,0.683757,0.185172,0.283805,0.864967,4.019964,4.533075,1.770043,1.85972700714025,
Suriname,SUR,2010,12.35619,69.894,7.15,4.6978569,0.681531,0.185436,0.287534,0.86546,4.027658,4.536963,1.771608,3.99538233865444,
Suriname,SUR,2011,12.365927,69.914,7.54,4.40932178,0.682244,0.185616,0.290762,0.865887,4.029737,4.54052,1.771161,4.68648273858432,
Suriname,SUR,2012,12.373016999999999,69.764,8.1,4.28435707,0.684119,0.18582,0.293688,0.866393,4.028037,4.544447,1.770513,1.59281191597201,
Suriname,SUR,2013,12.379090999999999,69.682,6.6,4.48738098,0.68571,0.186042,0.297263,0.866956,4.024939,4.548572,1.769609,1.86823594018924,
Suriname,SUR,2014,12.379534,69.782,6.94,4.52127838,0.689086,0.18628,0.300467,0.8676,4.014569,4.553196,1.768336,-0.753771107060828,
Suriname,SUR,2015,12.38039,70.8,7.22,5.80808163,0.691755,0.186524,0.303178,0.868296,4.00594,4.558144,1.766553,-4.38533208291062,
Suriname,SUR,2016,12.376393,71.592,7.917,5.99283743,0.69657,0.186762,0.305583,0.868995,3.991231,4.563082,1.76417,-5.88927708937858,
Suriname,SUR,2017,12.369278,72.417,7.883,5.32285929,0.701883,0.186999,0.307738,0.869735,3.973583,4.56807,1.76127,0.510548543486934,
Suriname,SUR,2018,0.0,72.553,7.685,6.68795872,,,,,,,,3.86010326545345,
Suriname,SUR,2019,0.0,72.242,7.545,8.70230103,,,,,,,,0.0576636748633064,
Suriname,SUR,2020,0.0,72.561,8.726,6.84054422,,,,,,,,-16.9114074466877,
Suriname,SUR,2021,0.0,70.274,8.459,5.6838975,,,,,,,,-3.37763159393668,
Suriname,SUR,2022,0.0,70.289,8.232,,,,,,,,,1.59590985658642,39.2
Suriname,SUR,2023,0.0,,7.704,,,,,,,,,1.22444266648832,
República Eslovaca,SVK,2001,0.0,73.4024390243903,19.149,5.33,,,,,,,,3.4429240980634,
República Eslovaca,SVK,2002,0.0,73.6048780487805,18.541,5.51,,,,,,,,4.54744289315758,
República Eslovaca,SVK,2003,0.0,73.6048780487805,17.55,5.45,,,,,,,,5.56854702197779,
República Eslovaca,SVK,2004,0.0,73.9585365853659,18.206,6.37,,,,,,,,5.30031949156331,27.1
República Eslovaca,SVK,2005,0.0,73.9048780487805,16.276,6.59,,,,,,,,6.61300293307447,29.3
República Eslovaca,SVK,2006,0.0,74.2048780487805,13.395,6.85,,,,,,,,8.48818929971516,25.8
República Eslovaca,SVK,2007,0.0,74.2073170731707,11.16,7.18,,,,,,,,10.7996945164922,24.7
República Eslovaca,SVK,2008,0.0,74.7048780487805,9.514,6.96,,,,,,,,5.48438909375071,26.0
República Eslovaca,SVK,2009,0.0,74.909756097561,12.023,7.95,,,,,,,,-5.58143638478245,27.2
República Eslovaca,SVK,2010,0.0,75.1121951219512,14.387,7.67,,,,,,,,6.61722848630926,27.3
República Eslovaca,SVK,2011,0.0,75.9585365853659,13.634,7.3,,,,,,,,2.53915714663711,26.5
República Eslovaca,SVK,2012,0.0,76.109756097561,13.966,7.54,,,,,,,,1.14652064105034,26.1
República Eslovaca,SVK,2013,0.0,76.4121951219512,14.227,7.5,,,,,,,,0.524660148617301,28.1
República Eslovaca,SVK,2014,0.0,76.8121951219512,11.537,6.88,,,,,,,,2.59757522977975,26.1
República Eslovaca,SVK,2015,0.0,76.5634146341463,11.492,6.76,,,,,,,,5.06728462990019,26.5
República Eslovaca,SVK,2016,0.0,77.1658536585366,9.679,7.09,,,,,,,,1.81260702828008,25.2
República Eslovaca,SVK,2017,0.0,77.1658536585366,8.142,6.76,,,,,,,,2.7784542927246,23.2
República Eslovaca,SVK,2018,0.0,77.2658536585366,6.544,6.67,,,,,,,,3.88639887857198,25.0
República Eslovaca,SVK,2019,0.0,77.6658536585366,5.761,6.92,,,,,,,,2.37262351593202,23.2
República Eslovaca,SVK,2020,0.0,76.8658536585366,6.719,7.13,,,,,,,,-3.4126012520308,24.2
República Eslovaca,SVK,2021,0.0,74.6146341463415,6.894,7.75,,,,,,,,4.99394874788244,24.1
República Eslovaca,SVK,2022,0.0,77.0658536585366,6.143,,,,,,,,,2.16063787030694,
República Eslovaca,SVK,2023,0.0,,5.84,,,,,,,,,1.69028689092559,
Eslovenia,SVN,2001,0.0,75.7585365853659,5.685,7.88,,,,,,,,3.05412350197929,
Eslovenia,SVN,2002,0.0,76.0073170731707,5.927,8.02,,,,,,,,3.3774180710591,
Eslovenia,SVN,2003,0.0,76.8585365853659,6.481,8.1,,,,,,,,2.89819727780511,
Eslovenia,SVN,2004,0.0,77.2073170731707,6.017,7.94,,,,,,,,4.29235521934484,24.8
Eslovenia,SVN,2005,0.0,77.6121951219512,6.515,8.0,,,,,,,,3.61834092406035,24.6
Eslovenia,SVN,2006,0.0,78.0865853658537,5.957,7.82,,,,,,,,5.40948263334755,24.4
Eslovenia,SVN,2007,0.0,78.5609756097561,4.828,7.51,,,,,,,,6.38358892726794,24.4
Eslovenia,SVN,2008,0.0,78.7658536585366,4.379,7.85,,,,,,,,3.34627954360531,23.7
Eslovenia,SVN,2009,0.0,78.9707317073171,5.869,8.54,,,,,,,,-8.38031959236709,24.8
Eslovenia,SVN,2010,0.0,79.4219512195122,7.248,8.57,,,,,,,,0.902771380289735,24.9
Eslovenia,SVN,2011,0.0,79.9707317073171,8.182,8.54,,,,,,,,0.652023243217954,24.9
Eslovenia,SVN,2012,0.0,80.1243902439024,8.852,8.72,,,,,,,,-2.84370502025251,25.6
Eslovenia,SVN,2013,0.0,80.3219512195122,10.116,8.74,,,,,,,,-1.16352087549969,26.2
Eslovenia,SVN,2014,0.0,81.0780487804878,9.692,8.5,,,,,,,,2.66713405933845,25.7
Eslovenia,SVN,2015,0.0,80.7756097560976,8.975,8.5,,,,,,,,2.13325802761534,25.4
Eslovenia,SVN,2016,0.0,81.1756097560976,8.007,8.46,,,,,,,,3.11634660116351,24.8
Eslovenia,SVN,2017,0.0,81.0292682926829,6.573,8.18,,,,,,,,4.74710618321161,24.2
Eslovenia,SVN,2018,0.0,81.3780487804878,5.116,8.28,,,,,,,,4.07631630530021,24.6
Eslovenia,SVN,2019,0.0,81.5292682926829,4.448,8.5,,,,,,,,2.80435041419331,24.4
Eslovenia,SVN,2020,0.0,80.5317073170732,4.974,9.43,,,,,,,,-4.88009190901116,24.0
Eslovenia,SVN,2021,0.0,80.6756097560976,4.747,9.48,,,,,,,,7.9379162267506,24.3
Eslovenia,SVN,2022,0.0,81.2829268292683,4.013,8.85,,,,,,,,2.27123931080948,
Eslovenia,SVN,2023,0.0,,3.627,,,,,,,,,1.15817173260085,
Suecia,SWE,2001,0.0,79.7951219512195,4.73,7.9,,,,,,,,1.17750189231714,26.5
Suecia,SWE,2002,0.0,79.8463414634146,4.965,8.21,,,,,,,,1.86487397389017,26.2
Suecia,SWE,2003,0.0,80.0951219512195,5.555,8.32,,,,,,,,1.92983038350924,25.3
Suecia,SWE,2004,0.0,80.4975609756098,6.693,8.13,,,,,,,,3.92730625670833,26.1
Suecia,SWE,2005,0.0,80.5463414634146,7.486,8.15,,,,,,,,2.44824843978924,26.8
Suecia,SWE,2006,0.0,80.7487804878049,7.066,8.05,,,,,,,,4.07571489749014,26.4
Suecia,SWE,2007,0.0,80.9,6.161,8.0,,,,,,,,2.67500267083921,27.1
Suecia,SWE,2008,0.0,81.1,6.235,8.21,,,,,,,,-1.22306957770027,28.1
Suecia,SWE,2009,0.0,81.3512195121951,8.351,8.77,,,,,,,,-5.15126272885315,27.3
Suecia,SWE,2010,0.0,81.4512195121951,8.61,8.32,,,,,,,,5.0526785726024,27.7
Suecia,SWE,2011,0.0,81.8024390243903,7.804,10.42,,,,,,,,2.41898851140094,27.6
Suecia,SWE,2012,0.0,81.7048780487805,7.976,10.74,,,,,,,,-1.32100232444557,27.6
Suecia,SWE,2013,0.0,81.9560975609756,8.052,10.9,,,,,,,,0.333984863287881,28.8
Suecia,SWE,2014,0.0,82.2536585365854,7.954,10.95,,,,,,,,1.64424400595537,28.4
Suecia,SWE,2015,0.0,82.2048780487805,7.432,10.8,,,,,,,,3.39017629600058,29.2
Suecia,SWE,2016,0.0,82.3073170731707,6.99,10.85,,,,,,,,0.79614630049835,29.6
Suecia,SWE,2017,0.0,82.409756097561,6.718,10.79,,,,,,,,1.19514757132167,28.8
Suecia,SWE,2018,0.0,82.5585365853659,6.365,10.94,,,,,,,,0.772577449000039,30.0
Suecia,SWE,2019,0.0,83.109756097561,6.833,10.83,,,,,,,,0.957561656419784,29.3
Suecia,SWE,2020,0.0,82.3560975609756,8.291,11.33,,,,,,,,-2.87468419018519,28.9
Suecia,SWE,2021,0.0,83.0560975609756,8.722,11.25,,,,,,,,5.51142519349814,29.8
Suecia,SWE,2022,0.0,83.109756097561,7.392,10.67,,,,,,,,1.96686365077406,
Suecia,SWE,2023,0.0,,7.587,,,,,,,,,-0.666848158531991,
Eswatini,SWZ,2001,0.0,45.975,25.2,5.13895369,,,,,,,,-0.0029469897671674,
Eswatini,SWZ,2002,0.0,44.486,25.734,5.52298307,,,,,,,,3.44507676442021,
Eswatini,SWZ,2003,0.0,43.349,26.229,6.37864399,,,,,,,,3.09649853377074,
Eswatini,SWZ,2004,0.0,42.538,26.695,6.81432486,,,,,,,,2.94651490452893,
Eswatini,SWZ,2005,0.0,42.125,27.208,7.37623358,,,,,,,,5.39337214116568,
Eswatini,SWZ,2006,0.0,43.12,27.689,7.82560062,,,,,,,,5.41693435133843,
Eswatini,SWZ,2007,0.0,43.641,28.24,7.93004131,,,,,,,,3.8310229235741,
Eswatini,SWZ,2008,0.0,44.175,27.847,8.85792923,,,,,,,,0.279382179407264,
Eswatini,SWZ,2009,0.0,44.639,27.404,8.63292217,,,,,,,,1.09974900839312,51.4
Eswatini,SWZ,2010,0.0,46.619,26.753,8.5912571,,,,,,,,3.31872245454383,
Eswatini,SWZ,2011,0.0,48.195,25.994,8.46997261,,,,,,,,1.74301022805365,
Eswatini,SWZ,2012,0.0,49.835,25.118,7.82047606,,,,,,,,4.82073687005895,
Eswatini,SWZ,2013,0.0,51.486,24.435,7.45703411,,,,,,,,3.22271454579,
Eswatini,SWZ,2014,0.0,53.05,23.817,7.25596571,,,,,,,,0.246802469436361,
Eswatini,SWZ,2015,0.0,55.019,23.279,7.05855274,,,,,,,,1.49985760265459,
Eswatini,SWZ,2016,0.0,56.659,22.718,6.82044792,,,,,,,,0.302953769282354,54.6
Eswatini,SWZ,2017,0.0,57.895,24.83,6.98103714,,,,,,,,1.2409471862878,
Eswatini,SWZ,2018,0.0,59.411,26.983,6.62469387,,,,,,,,1.5827075461722,
Eswatini,SWZ,2019,0.0,60.549,29.049,7.15369368,,,,,,,,1.88572411932168,
Eswatini,SWZ,2020,0.0,59.692,34.232,6.59767151,,,,,,,,-2.48029970534307,
Eswatini,SWZ,2021,0.0,57.066,35.707,7.03582335,,,,,,,,9.60533016098344,
Eswatini,SWZ,2022,0.0,56.36,37.852,,,,,,,,,-0.310113436745482,
Eswatini,SWZ,2023,0.0,,37.636,,,,,,,,,4.04987000471557,
Sint Maarten (Dutch part),SXM,2001,0.0,74.522,,,,,,,,,,,
Sint Maarten (Dutch part),SXM,2002,0.0,74.858,,,,,,,,,,,
Sint Maarten (Dutch part),SXM,2003,0.0,74.148,,,,,,,,,,,
Sint Maarten (Dutch part),SXM,2004,0.0,74.24,,,,,,,,,,,
Sint Maarten (Dutch part),SXM,2005,0.0,75.542,,,,,,,,,,,
Sint Maarten (Dutch part),SXM,2006,0.0,75.926,,,,,,,,,,,
Sint Maarten (Dutch part),SXM,2007,0.0,75.417,,,,,,,,,,,
Sint Maarten (Dutch part),SXM,2008,0.0,75.742,,,,,,,,,,,
Sint Maarten (Dutch part),SXM,2009,0.0,75.441,,,,,,,,,,,
Sint Maarten (Dutch part),SXM,2010,0.0,75.132,,,,,,,,,,3.75150780465489,
Sint Maarten (Dutch part),SXM,2011,0.0,74.684,,,,,,,,,,6.54277602130782,
Sint Maarten (Dutch part),SXM,2012,0.0,74.608,,,,,,,,,,-2.13646484924664,
Sint Maarten (Dutch part),SXM,2013,0.0,74.917,,,,,,,,,,-4.13677266538005,
Sint Maarten (Dutch part),SXM,2014,0.0,76.773,,,,,,,,,,-1.32538007804635,
Sint Maarten (Dutch part),SXM,2015,0.0,76.954,,,,,,,,,,-2.83354620585612,
Sint Maarten (Dutch part),SXM,2016,0.0,76.598,,,,,,,,,,0.535320538729664,
Sint Maarten (Dutch part),SXM,2017,0.0,75.03,,,,,,,,,,-6.63247609069418,
Sint Maarten (Dutch part),SXM,2018,0.0,75.131,,,,,,,,,,-7.62013659646763,
Sint Maarten (Dutch part),SXM,2019,0.0,75.437,,,,,,,,,,8.96669053704105,
Sint Maarten (Dutch part),SXM,2020,0.0,74.584,,,,,,,,,,-14.8248832529385,
Sint Maarten (Dutch part),SXM,2021,0.0,73.972,,,,,,,,,,3.657905818171,
Sint Maarten (Dutch part),SXM,2022,0.0,74.409,,,,,,,,,,9.3166319028865,
Sint Maarten (Dutch part),SXM,2023,0.0,,,,,,,,,,,2.7092097271822,
Seychelles,SYC,2001,8.904855999999999,73.2536585365854,,5.01642942,0.774545,0.240299,0.179553,0.565046,2.955657,3.336308,0.853448,-2.35661333545873,
Seychelles,SYC,2002,8.90611,71.0878048780488,,4.35287333,0.778803,0.240808,0.179953,0.565694,2.951102,3.337125,0.852625,-1.83480695440478,
Seychelles,SYC,2003,8.904421,71.0292682926829,,5.08738041,0.782148,0.24132,0.180137,0.566331,2.945765,3.337412,0.851308,-4.81617833042706,
Seychelles,SYC,2004,8.90243,72.6609756097561,,4.90274191,0.78517,0.241757,0.180531,0.566795,2.941494,3.336468,0.850215,-2.49000825290008,
Seychelles,SYC,2005,8.898562,72.1317073170732,,4.66865683,0.788257,0.242059,0.181119,0.566989,2.936018,3.333961,0.850159,8.5018972132326,
Seychelles,SYC,2006,8.88969,72.2170731707317,,4.39767885,0.788481,0.242272,0.18083,0.566911,2.929147,3.330413,0.851636,7.15334515370103,
Seychelles,SYC,2007,8.87797,73.1439024390244,,3.85076666,0.78581,0.242506,0.1816,0.566732,2.920204,3.326957,0.854161,8.32165420663699,
Seychelles,SYC,2008,8.866294000000002,73.1634146341463,,3.61745405,0.78461,0.242758,0.181926,0.56649,2.910089,3.323377,0.857044,-4.87712623002744,
Seychelles,SYC,2009,8.854301,73.0829268292683,,3.54135323,0.781811,0.243027,0.182531,0.566254,2.901364,3.319791,0.859523,-2.86142425794473,
Seychelles,SYC,2010,8.847225,73.1975609756098,,4.50142097,0.780717,0.243319,0.183356,0.566103,2.896495,3.316372,0.860863,1.62737013590673,
Seychelles,SYC,2011,8.843756999999998,72.7243902439024,,4.46079111,0.780704,0.243683,0.184324,0.566026,2.894561,3.313253,0.861206,12.4265876590009,
Seychelles,SYC,2012,8.841194,74.2756097560976,,5.39592934,0.781728,0.244154,0.186152,0.565972,2.89145,3.310593,0.861145,2.10412826503328,
Seychelles,SYC,2013,8.840081,73.119512195122,,4.24818325,0.782814,0.244724,0.187811,0.565939,2.889817,3.308234,0.860742,-0.599133304568028,46.8
Seychelles,SYC,2014,8.8376,73.2292682926829,,4.59131193,0.78376,0.24537,0.189702,0.565909,2.886782,3.306118,0.859959,2.45761243916046,
Seychelles,SYC,2015,8.839027,74.2951219512195,,4.37339973,0.785783,0.24609,0.192355,0.565917,2.885492,3.304572,0.858818,6.51232550996488,
Seychelles,SYC,2016,8.84122,74.309756097561,,4.96118879,0.787831,0.246864,0.194795,0.565934,2.885115,3.303375,0.857306,10.6277900412689,
Seychelles,SYC,2017,8.84618,74.3,,4.76658726,0.790406,0.247689,0.197452,0.565984,2.886514,3.30267,0.855465,5.65298679577909,
Seychelles,SYC,2018,0.0,72.8414634146341,,4.94443846,,,,,,,,3.94280692985572,32.1
Seychelles,SYC,2019,0.0,74.0463414634146,,4.77020788,,,,,,,,4.58155113586345,
Seychelles,SYC,2020,0.0,77.2365853658537,,6.54135609,,,,,,,,-12.4901374474458,
Seychelles,SYC,2021,0.0,73.3975609756097,,5.25937986,,,,,,,,-0.254097866449726,
Seychelles,SYC,2022,0.0,73.8487804878049,,,,,,,,,,-4.8001108665391,
Seychelles,SYC,2023,0.0,,,,,,,,,,,3.25215193272193,
República Árabe Siria,SYR,2001,0.0,71.644,11.63,4.6971879,,,,,,,,-1.49155200047424,
República Árabe Siria,SYR,2002,0.0,71.939,10.94,4.94717073,,,,,,,,1.31373195267327,
República Árabe Siria,SYR,2003,0.0,72.414,10.28,5.11781693,,,,,,,,4.48140248476246,37.5
República Árabe Siria,SYR,2004,0.0,72.475,9.518,4.47935343,,,,,,,,4.10889998336334,
República Árabe Siria,SYR,2005,0.0,72.769,8.816,4.10970592,,,,,,,,3.35987943969975,
República Árabe Siria,SYR,2006,0.0,73.35,8.17,3.77771473,,,,,,,,0.459605733271459,40.1
República Árabe Siria,SYR,2007,0.0,73.709,8.42,3.72242856,,,,,,,,-0.812968045980213,
República Árabe Siria,SYR,2008,0.0,73.551,10.94,3.39762759,,,,,,,,0.725302004545682,
República Árabe Siria,SYR,2009,0.0,73.853,8.14,3.5464704,,,,,,,,4.19840253387758,40.4
República Árabe Siria,SYR,2010,0.0,73.881,8.61,3.2764473,,,,,,,,2.78860191711188,
República Árabe Siria,SYR,2011,0.0,73.305,8.612,2.52865291,,,,,,,,1.07102212975887,
República Árabe Siria,SYR,2012,0.0,66.769,13.8,3.04719615,,,,,,,,-25.9311923188461,
República Árabe Siria,SYR,2013,0.0,63.827,14.479,,,,,,,,,-22.4952122898179,
República Árabe Siria,SYR,2014,0.0,63.153,14.768,,,,,,,,,-3.94925293480863,
República Árabe Siria,SYR,2015,0.0,65.124,14.29,,,,,,,,,0.146192502227933,
República Árabe Siria,SYR,2016,0.0,65.993,13.867,,,,,,,,,-5.21654691915067,
República Árabe Siria,SYR,2017,0.0,68.481,13.67,,,,,,,,,-0.823278239065289,
República Árabe Siria,SYR,2018,0.0,70.145,13.554,,,,,,,,,-0.442849729031707,
República Árabe Siria,SYR,2019,0.0,71.822,13.393,,,,,,,,,-2.63099215855095,
República Árabe Siria,SYR,2020,0.0,72.14,15.176,,,,,,,,,-3.42272708302652,
República Árabe Siria,SYR,2021,0.0,72.063,14.796,,,,,,,,,-1.3214116536431,
República Árabe Siria,SYR,2022,0.0,72.3,13.813,,,,,,,,,,26.6
República Árabe Siria,SYR,2023,0.0,,13.544,,,,,,,,,,
Islas Turcas y Caicos,TCA,2001,0.0,74.131,,,,,,,,,,,
Islas Turcas y Caicos,TCA,2002,0.0,75.54,,,,,,,,,,,
Islas Turcas y Caicos,TCA,2003,0.0,75.411,,,,,,,,,,,
Islas Turcas y Caicos,TCA,2004,0.0,76.786,,,,,,,,,,,
Islas Turcas y Caicos,TCA,2005,0.0,77.148,,,,,,,,,,,
Islas Turcas y Caicos,TCA,2006,0.0,76.831,,,,,,,,,,,
Islas Turcas y Caicos,TCA,2007,0.0,75.914,,,,,,,,,,,
Islas Turcas y Caicos,TCA,2008,0.0,76.632,,,,,,,,,,,
Islas Turcas y Caicos,TCA,2009,0.0,77.164,,,,,,,,,,,
Islas Turcas y Caicos,TCA,2010,0.0,76.243,,,,,,,,,,,
Islas Turcas y Caicos,TCA,2011,0.0,76.195,,,,,,,,,,,
Islas Turcas y Caicos,TCA,2012,0.0,77.037,,,,,,,,,,-4.87710410940791,
Islas Turcas y Caicos,TCA,2013,0.0,77.018,,,,,,,,,,-3.48113337293891,
Islas Turcas y Caicos,TCA,2014,0.0,77.135,,,,,,,,,,4.38894661597293,
Islas Turcas y Caicos,TCA,2015,0.0,76.912,,,,,,,,,,6.58354239873972,
Islas Turcas y Caicos,TCA,2016,0.0,76.864,,,,,,,,,,2.46152891612343,
Islas Turcas y Caicos,TCA,2017,0.0,76.702,,,,,,,,,,-6.41037546431082,
Islas Turcas y Caicos,TCA,2018,0.0,76.443,,,,,,,,,,1.42812183920495,
Islas Turcas y Caicos,TCA,2019,0.0,75.326,,,,,,,,,,1.4167677757474,
Islas Turcas y Caicos,TCA,2020,0.0,75.001,,,,,,,,,,-28.7606998854916,
Islas Turcas y Caicos,TCA,2021,0.0,74.587,,,,,,,,,,7.00033085176537,
Islas Turcas y Caicos,TCA,2022,0.0,74.925,,,,,,,,,,4.8313409795758,
Islas Turcas y Caicos,TCA,2023,0.0,,,,,,,,,,,0.411259850998263,
Chad,TCD,2001,9.142217,47.85,0.789,5.2932992,0.432742,0.163268,0.103318,0.625312,3.997728,2.895041,0.924808,8.0010539267867,
Chad,TCD,2002,9.150847,47.946,0.768,7.26787424,0.433345,0.163564,0.104102,0.62534,4.003866,2.894213,0.926417,4.81404163677151,
Chad,TCD,2003,9.155089,48.206,0.728,5.50940943,0.433662,0.163937,0.105324,0.625343,4.00569,2.893182,0.927951,10.2557711761468,39.8
Chad,TCD,2004,9.159997999999998,48.232,0.679,5.50012684,0.434195,0.164313,0.106881,0.625331,4.00789,2.892002,0.929386,27.8310946494087,
Chad,TCD,2005,9.159766,48.312,0.67,4.84111166,0.434363,0.164615,0.108164,0.625299,4.00597,2.890633,0.930722,12.7411606362719,
Chad,TCD,2006,9.157414999999999,48.286,0.716,4.86643076,0.434811,0.164917,0.109828,0.625219,4.001302,2.888634,0.932704,-2.85311905014409,
Chad,TCD,2007,9.152559,48.751,0.829,4.34313393,0.435464,0.165304,0.110871,0.625087,3.994275,2.885875,0.935683,-0.16792346689482,
Chad,TCD,2008,9.147275,49.024,0.904,4.05955124,0.436013,0.165711,0.112842,0.624952,3.985896,2.882958,0.938903,-0.437900442497067,
Chad,TCD,2009,9.141031,49.196,0.903,4.44166946,0.437006,0.166076,0.11409,0.624854,3.976943,2.880489,0.941573,0.614501315990211,
Chad,TCD,2010,9.136032,49.584,0.873,4.06023312,0.438422,0.166342,0.115445,0.624862,3.968803,2.879161,0.942997,9.74497303673172,
Chad,TCD,2011,9.130905,50.009,0.899,3.91046357,0.439667,0.166546,0.116408,0.624954,3.961056,2.878784,0.94349,-3.35407468511102,43.3
Chad,TCD,2012,9.124721999999998,50.54,0.893,3.8560791,0.442021,0.166766,0.117701,0.625093,3.950439,2.878809,0.943893,5.15061214529531,
Chad,TCD,2013,9.117998,50.781,0.942,4.06645298,0.444521,0.167001,0.118883,0.625286,3.938848,2.879284,0.944175,2.00631391848307,
Chad,TCD,2014,9.106463999999999,51.202,0.926,4.27316904,0.446536,0.167247,0.119501,0.625542,3.923065,2.880277,0.944296,3.15098859041785,
Chad,TCD,2015,9.098341999999999,51.589,0.968,4.52395248,0.449877,0.167499,0.120668,0.625867,3.908367,2.881842,0.944222,-0.453003769060317,
Chad,TCD,2016,9.087958,52.083,1.044,4.73396969,0.45368,0.167757,0.121372,0.626272,3.890874,2.884071,0.943932,-9.16122585564682,
Chad,TCD,2017,9.07961,52.308,1.116,4.64740467,0.4574,0.168019,0.122129,0.626775,3.874837,2.887049,0.943401,-6.16090513543264,
Chad,TCD,2018,0.0,52.825,1.135,4.56768799,,,,,,,,-1.02652688805676,37.5
Chad,TCD,2019,0.0,53.259,1.081,4.59277868,,,,,,,,-0.0989585609599004,
Chad,TCD,2020,0.0,52.777,1.693,5.53655243,,,,,,,,-4.66133902000324,
Chad,TCD,2021,0.0,52.525,1.511,5.19022274,,,,,,,,-4.24713459541637,
Chad,TCD,2022,0.0,52.997,1.104,,,,,,,,,-0.348673770746828,37.4
Chad,TCD,2023,0.0,,1.082,,,,,,,,,0.959367777401823,
Asia oriental y el Pacífico (BIRF y la AIF),TEA,2001,0.0,71.2883826478195,3.85094568434112,3.85489087721159,,,,,,,,5.97777666955861,
Asia oriental y el Pacífico (BIRF y la AIF),TEA,2002,0.0,71.6386767670973,4.17169692438029,3.91709672463757,,,,,,,,7.09884448362594,
Asia oriental y el Pacífico (BIRF y la AIF),TEA,2003,0.0,71.979469605854,4.42431165087422,3.98302902140117,,,,,,,,8.02007852453819,
Asia oriental y el Pacífico (BIRF y la AIF),TEA,2004,0.0,72.059917455124,4.41776976226018,3.89238840832789,,,,,,,,8.23075825411483,
Asia oriental y el Pacífico (BIRF y la AIF),TEA,2005,0.0,72.5973692703652,4.49622168103464,3.88307155964996,,,,,,,,9.09122940645398,
Asia oriental y el Pacífico (BIRF y la AIF),TEA,2006,0.0,72.9555238889124,4.38925144932631,3.73191654171443,,,,,,,,10.2069792349644,
Asia oriental y el Pacífico (BIRF y la AIF),TEA,2007,0.0,73.2036602652449,4.36858343150325,3.55827633227114,,,,,,,,11.6307208076529,
Asia oriental y el Pacífico (BIRF y la AIF),TEA,2008,0.0,73.1506565921811,4.45427005328098,3.72788704679394,,,,,,,,7.80211266731902,
Asia oriental y el Pacífico (BIRF y la AIF),TEA,2009,0.0,73.6994202494047,4.43959647573775,4.12693441532311,,,,,,,,7.1922203333048,
Asia oriental y el Pacífico (BIRF y la AIF),TEA,2010,0.0,73.9199887002821,4.17625312474223,4.0201690315235,,,,,,,,9.12742225911846,
Asia oriental y el Pacífico (BIRF y la AIF),TEA,2011,0.0,74.1870440946337,4.12565051987232,4.14249704363884,,,,,,,,7.81214412125024,
Asia oriental y el Pacífico (BIRF y la AIF),TEA,2012,0.0,74.4305792471931,4.06377788776874,4.33736653464,,,,,,,,6.66072899164938,
Asia oriental y el Pacífico (BIRF y la AIF),TEA,2013,0.0,74.6738496803997,4.06468875054606,4.46908978293292,,,,,,,,6.39992111154967,
Asia oriental y el Pacífico (BIRF y la AIF),TEA,2014,0.0,74.9277248125601,4.06173293957385,4.55687297763886,,,,,,,,6.12851990827588,
Asia oriental y el Pacífico (BIRF y la AIF),TEA,2015,0.0,75.1521464652061,4.13748670573712,4.71802571418424,,,,,,,,5.89754163852558,
Asia oriental y el Pacífico (BIRF y la AIF),TEA,2016,0.0,75.3531204811651,4.05340538803135,4.75419993614103,,,,,,,,5.76610472301103,
Asia oriental y el Pacífico (BIRF y la AIF),TEA,2017,0.0,75.4157333943935,3.93193268866435,4.81911638328741,,,,,,,,5.89649683475257,
Asia oriental y el Pacífico (BIRF y la AIF),TEA,2018,0.0,75.8356932818659,3.8227222566523,4.91811510953025,,,,,,,,5.83057198175123,
Asia oriental y el Pacífico (BIRF y la AIF),TEA,2019,0.0,76.0366573507798,3.91382134934695,5.06634043020684,,,,,,,,5.18444222577905,
Asia oriental y el Pacífico (BIRF y la AIF),TEA,2020,0.0,75.9688903275997,4.38712736243704,5.35218464249272,,,,,,,,0.768526610805623,
Asia oriental y el Pacífico (BIRF y la AIF),TEA,2021,0.0,75.5711934120901,4.14249578776836,5.25995747509673,,,,,,,,7.23688000498032,
Asia oriental y el Pacífico (BIRF y la AIF),TEA,2022,0.0,76.210674453839,4.2578627099005,,,,,,,,,3.14870221418673,
Asia oriental y el Pacífico (BIRF y la AIF),TEA,2023,0.0,,4.01445096979499,,,,,,,,,4.84575364836893,
Europa y Asia central (BIRF y la AIF),TEC,2001,0.0,68.5577471819297,10.7754423853357,5.30959288299396,,,,,,,,2.68292711469246,
Europa y Asia central (BIRF y la AIF),TEC,2002,0.0,68.6523787778587,10.5599663392486,5.54124681922713,,,,,,,,5.09468692649655,
Europa y Asia central (BIRF y la AIF),TEC,2003,0.0,68.775314080369,10.3020880728314,5.45388066364905,,,,,,,,6.16391898727831,
Europa y Asia central (BIRF y la AIF),TEC,2004,0.0,69.1139774435089,10.0334528350041,5.24848779599477,,,,,,,,7.79464840849656,
Europa y Asia central (BIRF y la AIF),TEC,2005,0.0,69.2032891309077,9.37015334089855,5.22934739275025,,,,,,,,6.55099356293873,
Europa y Asia central (BIRF y la AIF),TEC,2006,0.0,69.7899776515711,8.73270404090635,5.20931569062642,,,,,,,,7.72508173359405,
Europa y Asia central (BIRF y la AIF),TEC,2007,0.0,70.2557667055318,7.63225307966952,5.17912801125378,,,,,,,,7.54460909446479,
Europa y Asia central (BIRF y la AIF),TEC,2008,0.0,70.5578646104184,7.34810697172894,5.28646340509025,,,,,,,,4.18178831055222,
Europa y Asia central (BIRF y la AIF),TEC,2009,0.0,71.1027663122972,9.01090146847926,5.78832421807722,,,,,,,,-5.0346083034221,
Europa y Asia central (BIRF y la AIF),TEC,2010,0.0,71.4167284615301,8.58865742598197,5.3559012653188,,,,,,,,4.17381663695342,
Europa y Asia central (BIRF y la AIF),TEC,2011,0.0,71.8862088026102,8.02978478888861,5.05732511559543,,,,,,,,5.4051835542857,
Europa y Asia central (BIRF y la AIF),TEC,2012,0.0,72.2592604613627,7.57032012595081,5.11313921395155,,,,,,,,2.98164591441621,
Europa y Asia central (BIRF y la AIF),TEC,2013,0.0,72.6938553039806,7.62770105087078,5.17502114019629,,,,,,,,2.87199360123891,
Europa y Asia central (BIRF y la AIF),TEC,2014,0.0,72.9078285209871,7.56199681085316,5.20916196364665,,,,,,,,1.81991782840225,
Europa y Asia central (BIRF y la AIF),TEC,2015,0.0,73.1256308117884,7.53748141968404,5.22868754989276,,,,,,,,0.964924334790652,
Europa y Asia central (BIRF y la AIF),TEC,2016,0.0,73.4417908832798,7.37061624792512,5.3392903056661,,,,,,,,1.3389338181719,
Europa y Asia central (BIRF y la AIF),TEC,2017,0.0,73.8687404688136,7.0241393717098,5.3465828175856,,,,,,,,3.81405909317401,
Europa y Asia central (BIRF y la AIF),TEC,2018,0.0,74.0382839699586,6.57428940750591,5.36209095761148,,,,,,,,3.25450333124687,
Europa y Asia central (BIRF y la AIF),TEC,2019,0.0,74.333622434176,6.62152235765995,5.57936245334639,,,,,,,,2.20846689889559,
Europa y Asia central (BIRF y la AIF),TEC,2020,0.0,72.6915981615403,7.11740339086876,6.59625005906945,,,,,,,,-1.73507327624586,
Europa y Asia central (BIRF y la AIF),TEC,2021,0.0,72.0127517076026,6.7278540306834,6.61554301738015,,,,,,,,7.21683291838953,
Europa y Asia central (BIRF y la AIF),TEC,2022,0.0,73.9544949376725,5.5947671245867,,,,,,,,,3.03490293222207,
Europa y Asia central (BIRF y la AIF),TEC,2023,0.0,,5.19982385763887,,,,,,,,,3.44863529424143,
Togo,TGO,2001,8.839146,54.86,4.102,2.88543367,0.445215,0.163284,0.105071,0.626584,3.632606,2.901775,0.964611,-1.86870628899301,
Togo,TGO,2002,8.844705,55.311,4.085,2.90227056,0.448632,0.163284,0.10463,0.626702,3.635953,2.901819,0.963685,1.15087751207683,
Togo,TGO,2003,8.851023,55.639,3.964,2.93837667,0.451044,0.163294,0.104345,0.62684,3.641304,2.901707,0.962489,3.97464245757394,
Togo,TGO,2004,8.856008,55.569,3.999,3.0855279,0.45431,0.16331,0.103881,0.626962,3.644595,2.901449,0.961501,-3.54470314762663,
Togo,TGO,2005,8.858607000000001,55.962,4.151,3.3024261,0.455704,0.163323,0.103811,0.627048,3.64637,2.901296,0.961055,-7.10954805047128,
Togo,TGO,2006,8.863246,56.222,4.229,3.44603634,0.457143,0.163342,0.103857,0.627208,3.648626,2.90128,0.96179,-0.191993083482004,42.2
Togo,TGO,2007,8.868179,56.511,3.822,3.8666532,0.457972,0.163374,0.103442,0.627485,3.651043,2.901109,0.963754,-4.00702620014511,
Togo,TGO,2008,8.874066000000001,56.695,3.286,3.84063601,0.459085,0.163418,0.103543,0.62781,3.653143,2.900963,0.966104,1.11068446738341,
Togo,TGO,2009,8.877713,57.011,2.853,4.07616663,0.460778,0.163469,0.103037,0.628095,3.653437,2.900811,0.968086,2.55087994478511,
Togo,TGO,2010,8.881642,57.304,2.385,4.45493317,0.462096,0.163519,0.102882,0.628253,3.655271,2.900814,0.968807,3.0640818528268,
Togo,TGO,2011,8.883379999999999,57.925,1.982,4.55412722,0.463777,0.16358,0.103011,0.628335,3.654932,2.901165,0.96858,3.05065490554935,46.0
Togo,TGO,2012,8.886522,58.073,2.028,4.80787134,0.466879,0.163673,0.103405,0.628451,3.653918,2.901866,0.96833,3.57150681458398,
Togo,TGO,2013,8.892900000000001,58.684,2.083,4.94373512,0.470096,0.163798,0.104169,0.628604,3.655243,2.902978,0.968012,3.14979485955959,
Togo,TGO,2014,8.90025,58.853,2.142,5.07998943,0.474005,0.163953,0.104926,0.628787,3.656653,2.904392,0.967534,2.99321468020433,
Togo,TGO,2015,8.90587,59.396,2.204,4.95647097,0.478484,0.164137,0.105883,0.629,3.655251,2.90618,0.966935,2.85934049651289,43.0
Togo,TGO,2016,8.913895,59.55,2.963,6.59755707,0.483072,0.164342,0.107146,0.629215,3.655581,2.908321,0.966218,1.65589269188359,
Togo,TGO,2017,8.924093,60.154,3.744,6.49392271,0.488984,0.164575,0.108107,0.629457,3.656725,2.910945,0.9653,1.4725493020598,
Togo,TGO,2018,0.0,60.244,2.903,6.08894634,,,,,,,,2.27003280676372,42.5
Togo,TGO,2019,0.0,60.901,2.056,5.726192,,,,,,,,2.4228408160517,
Togo,TGO,2020,0.0,61.035,2.211,6.03786469,,,,,,,,-0.417772638015364,
Togo,TGO,2021,0.0,61.619,2.285,5.55532026,,,,,,,,3.51118001032287,37.9
Togo,TGO,2022,0.0,61.588,2.065,,,,,,,,,3.32289076193955,
Togo,TGO,2023,0.0,,2.048,,,,,,,,,3.9974130613107,
Tailandia,THA,2001,0.0,72.613,2.6,3.02623773,,,,,,,,2.49628365318935,
Tailandia,THA,2002,0.0,72.93,1.82,3.334723,,,,,,,,5.20247988511662,41.9
Tailandia,THA,2003,0.0,73.155,1.54,3.24312782,,,,,,,,6.2718932515553,
Tailandia,THA,2004,0.0,73.08,1.51,3.13893151,,,,,,,,5.41995283405068,42.5
Tailandia,THA,2005,0.0,73.82,1.35,3.15972233,,,,,,,,3.3800600378687,
Tailandia,THA,2006,0.0,74.938,1.22,3.09970832,,,,,,,,4.17933586171797,41.8
Tailandia,THA,2007,0.0,75.187,1.18,3.19277525,,,,,,,,4.6348769000129,39.8
Tailandia,THA,2008,0.0,75.492,1.18,3.45933938,,,,,,,,0.96800916533266,40.3
Tailandia,THA,2009,0.0,75.842,1.49,3.61939645,,,,,,,,-1.4014819110336,39.6
Tailandia,THA,2010,0.0,76.131,0.622,3.39009809,,,,,,,,6.79395991942746,39.4
Tailandia,THA,2011,0.0,76.421,0.66,3.56825495,,,,,,,,0.190947237648118,37.5
Tailandia,THA,2012,0.0,76.772,0.58,3.5229404,,,,,,,,6.55400450177738,39.3
Tailandia,THA,2013,0.0,77.083,0.249,3.45313334,,,,,,,,2.06530870621697,37.8
Tailandia,THA,2014,0.0,77.415,0.576,3.68448091,,,,,,,,0.43258232301369,37.0
Tailandia,THA,2015,0.0,77.717,0.597,3.8522861,,,,,,,,2.64481251549444,36.0
Tailandia,THA,2016,0.0,78.049,0.688,3.93900609,,,,,,,,2.977158499243,36.9
Tailandia,THA,2017,0.0,78.394,0.83,3.85276842,,,,,,,,3.74984374367759,36.4
Tailandia,THA,2018,0.0,78.662,0.766,3.87040329,,,,,,,,3.88643966054494,36.4
Tailandia,THA,2019,0.0,78.975,0.716,3.78911877,,,,,,,,1.85684899765484,34.9
Tailandia,THA,2020,0.0,79.274,1.099,4.35728741,,,,,,,,-6.27073306032999,35.0
Tailandia,THA,2021,0.0,78.715,1.215,5.16038752,,,,,,,,1.39024300962116,34.9
Tailandia,THA,2022,0.0,79.68,0.94,,,,,,,,,2.32567933727015,
Tailandia,THA,2023,0.0,,0.913,,,,,,,,,1.73489277205894,
Tayikistán,TJK,2001,0.0,64.057,14.566,4.58,,,,,,,,7.25865896876581,
Tayikistán,TJK,2002,0.0,64.846,14.148,4.44,,,,,,,,8.54826756608648,
Tayikistán,TJK,2003,0.0,65.552,13.751,4.7,,,,,,,,8.82512844809347,32.7
Tayikistán,TJK,2004,0.0,66.028,13.364,4.8,,,,,,,,8.21258420331293,33.6
Tayikistán,TJK,2005,0.0,66.514,12.995,5.21,,,,,,,,4.72987023807147,
Tayikistán,TJK,2006,0.0,67.013,12.627,5.03,,,,,,,,5.05522590632069,
Tayikistán,TJK,2007,0.0,67.217,12.254,5.54,,,,,,,,5.83586138231323,32.2
Tayikistán,TJK,2008,0.0,67.688,11.869,5.91,,,,,,,,5.8930886822252,
Tayikistán,TJK,2009,0.0,68.039,11.5,5.86,,,,,,,,1.89716430110995,30.8
Tayikistán,TJK,2010,0.0,67.742,10.844,5.74,,,,,,,,4.35955531806951,
Tayikistán,TJK,2011,0.0,68.148,10.187,5.86,,,,,,,,5.15068740452,
Tayikistán,TJK,2012,0.0,68.484,9.519,5.98,,,,,,,,5.18198325837393,
Tayikistán,TJK,2013,0.0,68.885,8.86,6.53,,,,,,,,5.02106218524243,
Tayikistán,TJK,2014,0.0,69.069,8.206,6.67,,,,,,,,4.26855718924833,
Tayikistán,TJK,2015,0.0,69.306,7.554,6.91,,,,,,,,3.56019355333524,34.0
Tayikistán,TJK,2016,0.0,69.549,6.9,6.96,,,,,,,,4.43428362152531,
Tayikistán,TJK,2017,0.0,69.905,6.9,6.85,,,,,,,,4.69765772352821,
Tayikistán,TJK,2018,0.0,70.353,6.898,7.01,,,,,,,,5.21172131260622,
Tayikistán,TJK,2019,0.0,70.867,6.898,6.95,,,,,,,,4.99743636034486,
Tayikistán,TJK,2020,0.0,67.994,7.176,8.18,,,,,,,,2.1441873382557,
Tayikistán,TJK,2021,0.0,71.594,7.253,8.01,,,,,,,,7.07897317485686,
Tayikistán,TJK,2022,0.0,71.288,6.981,,,,,,,,,5.80020604279406,
Tayikistán,TJK,2023,0.0,,6.981,,,,,,,,,6.26334647589941,
Turkmenistán,TKM,2001,0.0,65.156,10.898,4.82198191,,,,,,,,2.85892895729742,
Turkmenistán,TKM,2002,0.0,65.385,10.1,4.15504408,,,,,,,,-1.10563572101,
Turkmenistán,TKM,2003,0.0,65.746,9.239,5.0367589,,,,,,,,1.96640983310479,
Turkmenistán,TKM,2004,0.0,66.075,8.367,6.25892353,,,,,,,,3.67577667064683,
Turkmenistán,TKM,2005,0.0,66.068,7.46,5.65422964,,,,,,,,11.5074961483599,
Turkmenistán,TKM,2006,0.0,66.499,6.577,4.97834015,,,,,,,,9.44437658389556,
Turkmenistán,TKM,2007,0.0,66.895,5.705,3.12948632,,,,,,,,9.4930540417955,
Turkmenistán,TKM,2008,0.0,67.407,4.846,3.49424887,,,,,,,,13.0090121670569,
Turkmenistán,TKM,2009,0.0,67.958,4.0,2.84764099,,,,,,,,4.44379424221768,
Turkmenistán,TKM,2010,0.0,68.293,4.0,3.24345636,,,,,,,,7.39630338405735,
Turkmenistán,TKM,2011,0.0,68.567,4.002,3.24805617,,,,,,,,12.7135723717985,
Turkmenistán,TKM,2012,0.0,68.722,3.997,3.36840105,,,,,,,,9.1080414455176,
Turkmenistán,TKM,2013,0.0,68.74,3.999,3.93541193,,,,,,,,8.19001419103537,
Turkmenistán,TKM,2014,0.0,68.614,4.011,4.30969286,,,,,,,,8.2927808288092,
Turkmenistán,TKM,2015,0.0,68.782,4.023,5.11721087,,,,,,,,4.59254389544923,
Turkmenistán,TKM,2016,0.0,68.777,4.034,5.74498892,,,,,,,,4.35181162919179,
Turkmenistán,TKM,2017,0.0,68.916,4.045,5.93897438,,,,,,,,4.71877337208811,
Turkmenistán,TKM,2018,0.0,68.796,4.051,5.69395018,,,,,,,,4.50706954385672,
Turkmenistán,TKM,2019,0.0,69.002,4.055,5.68183947,,,,,,,,4.6886240393401,
Turkmenistán,TKM,2020,0.0,68.687,4.489,5.68472815,,,,,,,,,
Turkmenistán,TKM,2021,0.0,69.264,4.452,5.56931353,,,,,,,,,
Turkmenistán,TKM,2022,0.0,69.41,4.121,,,,,,,,,,
Turkmenistán,TKM,2023,0.0,,4.12,,,,,,,,,,
América Latina y el Caribe (BIRF y la AIF),TLA,2001,0.0,71.339793969471,9.15988054187084,6.5447051325369,,,,,,,,-1.21264871546049,
América Latina y el Caribe (BIRF y la AIF),TLA,2002,0.0,71.695501369337,9.5212978663245,6.39784419517285,,,,,,,,-0.961129550903948,
América Latina y el Caribe (BIRF y la AIF),TLA,2003,0.0,71.8827037581439,9.39369243944304,6.62299574002265,,,,,,,,1.1728820615359,
América Latina y el Caribe (BIRF y la AIF),TLA,2004,0.0,72.2110747045369,8.87979474762325,6.70828341848441,,,,,,,,3.98825288089392,
América Latina y el Caribe (BIRF y la AIF),TLA,2005,0.0,72.5904555105089,8.33737068966026,6.73709046057308,,,,,,,,2.71700212450179,
América Latina y el Caribe (BIRF y la AIF),TLA,2006,0.0,72.8030635076974,7.70020851960316,6.78240910852897,,,,,,,,3.95617915517252,
América Latina y el Caribe (BIRF y la AIF),TLA,2007,0.0,72.9463464973893,7.30784336640251,6.90874347943807,,,,,,,,4.10529458939111,
América Latina y el Caribe (BIRF y la AIF),TLA,2008,0.0,73.1722325417831,6.91293321248399,6.95979934849077,,,,,,,,2.62131137692512,
América Latina y el Caribe (BIRF y la AIF),TLA,2009,0.0,73.3805357741687,7.88895623584118,7.50168842710285,,,,,,,,-3.4247118465982,
América Latina y el Caribe (BIRF y la AIF),TLA,2010,0.0,73.2690817448607,7.25897306105774,7.23338037682429,,,,,,,,5.5363774109739,
América Latina y el Caribe (BIRF y la AIF),TLA,2011,0.0,73.7657830325408,6.73371963279204,7.13077577382668,,,,,,,,3.36719646372121,
América Latina y el Caribe (BIRF y la AIF),TLA,2012,0.0,73.9965865370974,6.44201860244399,7.16349161882669,,,,,,,,1.4758390885834,
América Latina y el Caribe (BIRF y la AIF),TLA,2013,0.0,74.2507515890936,6.39881843305297,7.30501671935905,,,,,,,,1.72156388245273,
América Latina y el Caribe (BIRF y la AIF),TLA,2014,0.0,74.4606271502444,6.21057432497064,7.42609386595256,,,,,,,,0.308154458829819,
América Latina y el Caribe (BIRF y la AIF),TLA,2015,0.0,74.5221420460803,6.74007836174036,7.76380435213436,,,,,,,,-0.692208493617784,
América Latina y el Caribe (BIRF y la AIF),TLA,2016,0.0,74.4890300491822,7.83885831371641,7.81381614321551,,,,,,,,-1.36768909174548,
América Latina y el Caribe (BIRF y la AIF),TLA,2017,0.0,74.6563796984316,8.15207411416683,8.03307618763295,,,,,,,,0.966916236171713,
América Latina y el Caribe (BIRF y la AIF),TLA,2018,0.0,74.7775148407287,8.0579702394819,7.91482112604769,,,,,,,,0.702571315005201,
América Latina y el Caribe (BIRF y la AIF),TLA,2019,0.0,74.9728405763696,8.13346018819448,7.92210575858763,,,,,,,,-0.189949305458299,
América Latina y el Caribe (BIRF y la AIF),TLA,2020,0.0,72.9299286815939,10.3689261961107,8.51108207187802,,,,,,,,-7.32705187752252,
América Latina y el Caribe (BIRF y la AIF),TLA,2021,0.0,72.0773193689861,9.30145763900851,8.305773307449,,,,,,,,6.44497334902393,
América Latina y el Caribe (BIRF y la AIF),TLA,2022,0.0,73.6438104178462,7.00229002695219,,,,,,,,,3.29450767312326,
América Latina y el Caribe (BIRF y la AIF),TLA,2023,0.0,,6.30454339239509,,,,,,,,,1.41189559313608,
Timor-Leste,TLS,2001,0.0,59.362,3.483,,,,,,,,,14.4437676387752,35.9
Timor-Leste,TLS,2002,0.0,60.148,3.326,,,,,,,,,-8.41011410306366,
Timor-Leste,TLS,2003,0.0,60.871,3.409,2.84187031,,,,,,,,-3.98531226021723,
Timor-Leste,TLS,2004,0.0,61.628,3.498,4.26103544,,,,,,,,-1.6449534937329,
Timor-Leste,TLS,2005,0.0,62.328,3.448,5.28044748,,,,,,,,0.50652318419624,
Timor-Leste,TLS,2006,0.0,63.073,3.46,6.00192022,,,,,,,,-6.55049062007159,
Timor-Leste,TLS,2007,0.0,63.723,3.409,5.64793253,,,,,,,,7.58296444499894,27.8
Timor-Leste,TLS,2008,0.0,64.329,3.367,6.96563959,,,,,,,,8.86227948653793,
Timor-Leste,TLS,2009,0.0,64.854,3.295,7.30931807,,,,,,,,7.82480678986455,
Timor-Leste,TLS,2010,0.0,65.304,3.301,6.47058821,,,,,,,,7.02673166899244,
Timor-Leste,TLS,2011,0.0,65.697,3.533,6.86541462,,,,,,,,3.62702075972167,
Timor-Leste,TLS,2012,0.0,66.081,3.767,6.99215221,,,,,,,,2.58400061569802,
Timor-Leste,TLS,2013,0.0,66.44,4.011,8.5323782,,,,,,,,0.984769244753153,
Timor-Leste,TLS,2014,0.0,66.787,4.228,7.60483742,,,,,,,,2.42022311666817,28.7
Timor-Leste,TLS,2015,0.0,67.137,4.45,7.67216587,,,,,,,,1.00843564258626,
Timor-Leste,TLS,2016,0.0,67.446,4.657,6.89625168,,,,,,,,1.78552739164969,
Timor-Leste,TLS,2017,0.0,67.745,4.212,6.75752544,,,,,,,,-4.59930822213956,
Timor-Leste,TLS,2018,0.0,68.017,3.732,6.36952639,,,,,,,,-2.15740770257085,
Timor-Leste,TLS,2019,0.0,68.268,3.129,6.02679253,,,,,,,,21.6199740170024,
Timor-Leste,TLS,2020,0.0,68.475,2.792,9.96385956,,,,,,,,29.9766964274406,
Timor-Leste,TLS,2021,0.0,67.737,2.344,11.43839264,,,,,,,,3.64548336173397,
Timor-Leste,TLS,2022,0.0,69.056,1.537,,,,,,,,,-21.7473583126588,
Timor-Leste,TLS,2023,0.0,,1.523,,,,,,,,,-15.5731802793234,
Oriente Medio y Norte de África (BIRF y la AIF),TMN,2001,0.0,68.9637362403083,13.0849252778066,5.06810673541349,,,,,,,,0.870028217075756,
Oriente Medio y Norte de África (BIRF y la AIF),TMN,2002,0.0,69.3087484886951,13.1496178992427,4.98406634169461,,,,,,,,1.41419937398098,
Oriente Medio y Norte de África (BIRF y la AIF),TMN,2003,0.0,69.1230574789837,12.80348788709,4.82852065450842,,,,,,,,0.419982833376537,
Oriente Medio y Norte de África (BIRF y la AIF),TMN,2004,0.0,69.6081160153551,11.4733621255361,4.733695867351,,,,,,,,5.58727116778994,
Oriente Medio y Norte de África (BIRF y la AIF),TMN,2005,0.0,69.8841373211559,11.700953675015,4.56195293510171,,,,,,,,2.41799921485359,
Oriente Medio y Norte de África (BIRF y la AIF),TMN,2006,0.0,70.0719112166503,10.9516733947816,4.46336523034379,,,,,,,,3.33570849657727,
Oriente Medio y Norte de África (BIRF y la AIF),TMN,2007,0.0,70.4070138492431,10.4875122498134,4.49350100571372,,,,,,,,4.0444464555414,
Oriente Medio y Norte de África (BIRF y la AIF),TMN,2008,0.0,70.6645249982073,10.2468787889925,4.50429892205282,,,,,,,,1.7480392290494,
Oriente Medio y Norte de África (BIRF y la AIF),TMN,2009,0.0,71.0046504281841,10.4203633841747,5.28203958024139,,,,,,,,0.570917441466136,
Oriente Medio y Norte de África (BIRF y la AIF),TMN,2010,0.0,71.2575818425094,10.6799456938447,5.16963008198367,,,,,,,,3.32582770455045,
Oriente Medio y Norte de África (BIRF y la AIF),TMN,2011,0.0,71.503547867921,11.4447207911404,5.16848865987314,,,,,,,,-2.84623385422275,
Oriente Medio y Norte de África (BIRF y la AIF),TMN,2012,0.0,71.3540519418564,11.9560110401347,5.29635713177753,,,,,,,,1.66125160613501,
Oriente Medio y Norte de África (BIRF y la AIF),TMN,2013,0.0,71.3759772152023,11.6901330758374,5.10922259735615,,,,,,,,-1.5320939795013,
Oriente Medio y Norte de África (BIRF y la AIF),TMN,2014,0.0,71.6923140703475,11.8273678370857,5.47738213327213,,,,,,,,-0.197240216278445,
Oriente Medio y Norte de África (BIRF y la AIF),TMN,2015,0.0,71.9585514664059,12.2599451746199,5.98579034495422,,,,,,,,-1.2677293996956,
Oriente Medio y Norte de África (BIRF y la AIF),TMN,2016,0.0,72.2301322796325,12.4010345475513,6.37078824226261,,,,,,,,3.48012481265565,
Oriente Medio y Norte de África (BIRF y la AIF),TMN,2017,0.0,72.7432285455686,12.5840105227982,6.35392112036872,,,,,,,,1.41660157142387,
Oriente Medio y Norte de África (BIRF y la AIF),TMN,2018,0.0,72.9633890576299,12.1183901510572,5.92507486315291,,,,,,,,0.103207583115704,
Oriente Medio y Norte de África (BIRF y la AIF),TMN,2019,0.0,73.1193901266412,11.3500577984175,5.41555087502351,,,,,,,,-0.598058064929148,
Oriente Medio y Norte de África (BIRF y la AIF),TMN,2020,0.0,72.1463761984205,11.9094146582887,5.43157349295372,,,,,,,,-5.84719035071092,
Oriente Medio y Norte de África (BIRF y la AIF),TMN,2021,0.0,71.8811305367081,11.5419431036778,5.46761959430632,,,,,,,,4.64125797922831,
Oriente Medio y Norte de África (BIRF y la AIF),TMN,2022,0.0,72.2832541162233,11.0270037297221,,,,,,,,,2.88022028813435,
Oriente Medio y Norte de África (BIRF y la AIF),TMN,2023,0.0,,10.8744458910793,,,,,,,,,1.25565159669887,
Tonga,TON,2001,8.812965,69.127,4.479,3.42501593,0.732197,0.232991,0.118233,0.460816,2.91857,3.273352,1.076806,3.13875615615709,
Tonga,TON,2002,8.819171,69.335,4.837,3.58957744,0.734746,0.233388,0.118994,0.461022,2.917798,3.273814,1.079409,4.24803863601755,
Tonga,TON,2003,8.828052,69.495,5.18,3.43583083,0.736833,0.233797,0.120358,0.461228,2.919356,3.274395,1.082085,1.71424532543323,
Tonga,TON,2004,8.836443,69.67,3.944,4.50741625,0.738779,0.234154,0.120744,0.461419,2.921299,3.275085,1.084963,-2.99231930582464,
Tonga,TON,2005,8.841782,69.768,2.572,4.38560247,0.740411,0.234386,0.121453,0.461569,2.920051,3.275761,1.088151,-0.484588376150015,
Tonga,TON,2006,8.849581,69.894,1.09,5.47225046,0.742017,0.234546,0.121684,0.461692,2.91885,3.277202,1.09359,-0.672387183949013,
Tonga,TON,2007,8.862406,70.048,1.182,4.73330021,0.743832,0.234712,0.121542,0.461798,2.91904,3.27967,1.101812,-0.150156520550155,
Tonga,TON,2008,8.875145999999999,70.164,1.254,6.05759716,0.745899,0.234876,0.121934,0.461899,2.91703,3.282587,1.110921,4.46216840381808,
Tonga,TON,2009,8.887895,70.012,1.41,3.92779636,0.748608,0.235019,0.122268,0.461995,2.915566,3.285562,1.118877,-5.38668639920526,37.5
Tonga,TON,2010,8.897518,70.323,1.517,4.81632328,0.750351,0.235116,0.122418,0.462064,2.916269,3.287498,1.123802,0.579134053959507,
Tonga,TON,2011,8.903531999999998,70.381,1.606,3.82126665,0.752465,0.235198,0.122582,0.46213,2.915981,3.288554,1.126622,6.59195572220257,
Tonga,TON,2012,8.91087,70.442,1.647,4.79517698,0.754537,0.235296,0.122967,0.462208,2.916819,3.289773,1.12927,0.925330752757276,
Tonga,TON,2013,8.916734,70.505,1.758,3.9839797,0.755917,0.235406,0.123485,0.462297,2.916803,3.291173,1.131653,0.69917288297583,
Tonga,TON,2014,8.922843,70.54,1.924,5.00648069,0.757612,0.235521,0.123964,0.462387,2.917031,3.292675,1.133653,2.46169427346916,
Tonga,TON,2015,8.929871,70.607,2.028,4.47327423,0.759888,0.235639,0.124463,0.462478,2.91798,3.294251,1.135172,1.65237893342727,33.5
Tonga,TON,2016,8.935858,70.661,2.048,4.81820822,0.761871,0.235762,0.125487,0.462574,2.918119,3.295908,1.136137,6.98939252059962,
Tonga,TON,2017,8.940065,70.713,2.132,4.85577822,0.762905,0.235881,0.125706,0.462664,2.91897,3.297507,1.136432,3.60863612360343,
Tonga,TON,2018,0.0,70.779,2.248,4.80628061,,,,,,,,0.493856827697542,
Tonga,TON,2019,0.0,70.871,2.164,4.75078154,,,,,,,,0.897435308576604,
Tonga,TON,2020,0.0,70.928,2.675,5.33435154,,,,,,,,0.199363590239884,
Tonga,TON,2021,0.0,70.986,2.111,6.27256584,,,,,,,,-3.36800414054153,27.1
Tonga,TON,2022,0.0,71.27,2.354,,,,,,,,,-2.78271515032037,
Tonga,TON,2023,0.0,,2.303,,,,,,,,,,
Asia meridional (BIRF y la AIF),TSA,2001,0.0,63.3037073531154,6.97443274007752,3.80140134125838,,,,,,,,2.36777817103093,
Asia meridional (BIRF y la AIF),TSA,2002,0.0,63.7715296382315,7.17128847615979,3.86381069793298,,,,,,,,1.75206628269248,
Asia meridional (BIRF y la AIF),TSA,2003,0.0,64.199772941262,7.30064202739105,3.64304739758148,,,,,,,,5.21239715256223,
Asia meridional (BIRF y la AIF),TSA,2004,0.0,64.5400348324968,7.40567642544253,3.62028477900676,,,,,,,,5.67938406647994,
Asia meridional (BIRF y la AIF),TSA,2005,0.0,64.9162980965955,7.49539520028514,3.55546182573865,,,,,,,,5.82804286203753,
Asia meridional (BIRF y la AIF),TSA,2006,0.0,65.3714047440218,7.35365889485141,3.48919752431987,,,,,,,,5.92586247130131,
Asia meridional (BIRF y la AIF),TSA,2007,0.0,65.6322768161914,7.30958502305881,3.42005023041261,,,,,,,,5.55095839720776,
Asia meridional (BIRF y la AIF),TSA,2008,0.0,65.9610070803582,7.30746069878847,3.39147476329162,,,,,,,,1.80859724236517,
Asia meridional (BIRF y la AIF),TSA,2009,0.0,66.2545914531589,7.30235077938681,3.37209524195315,,,,,,,,5.40078807384945,
Asia meridional (BIRF y la AIF),TSA,2010,0.0,66.7509942386822,7.0701978028144,3.20184882352231,,,,,,,,5.8055259945338,
Asia meridional (BIRF y la AIF),TSA,2011,0.0,67.1424365863389,7.02391725431361,3.15677779947083,,,,,,,,3.55262575997459,
Asia meridional (BIRF y la AIF),TSA,2012,0.0,67.6320178896539,7.27920411133687,3.20886107190424,,,,,,,,3.91293117871754,
Asia meridional (BIRF y la AIF),TSA,2013,0.0,68.1214015035449,7.18862661591832,3.56770328726292,,,,,,,,4.60200664073369,
Asia meridional (BIRF y la AIF),TSA,2014,0.0,68.6382506953563,7.00081709920807,3.4708383789523,,,,,,,,5.48659296900323,
Asia meridional (BIRF y la AIF),TSA,2015,0.0,69.1437835147163,7.10982709880107,3.45242198368784,,,,,,,,5.95195850785744,
Asia meridional (BIRF y la AIF),TSA,2016,0.0,69.609572441708,6.91597583450751,3.38455949256142,,,,,,,,6.48516390631161,
Asia meridional (BIRF y la AIF),TSA,2017,0.0,69.9792893786272,6.95480348947292,2.96360752319374,,,,,,,,5.22275361615951,
Asia meridional (BIRF y la AIF),TSA,2018,0.0,70.2534786113924,7.00880479011883,2.90913088806795,,,,,,,,5.08663023673471,
Asia meridional (BIRF y la AIF),TSA,2019,0.0,70.4727549740685,6.23383231502801,2.98057333340679,,,,,,,,2.74839490973251,
Asia meridional (BIRF y la AIF),TSA,2020,0.0,69.7483309161325,7.55004885180795,3.30540903793134,,,,,,,,-5.64370085847379,
Asia meridional (BIRF y la AIF),TSA,2021,0.0,67.5791290463818,6.44589719333181,3.26560184589602,,,,,,,,7.65554554032381,
Asia meridional (BIRF y la AIF),TSA,2022,0.0,68.1609330214255,5.14528947887754,,,,,,,,,5.34641402359644,
Asia meridional (BIRF y la AIF),TSA,2023,0.0,,4.61349940430436,,,,,,,,,5.29941916368497,
África al sur del Sahara (BIRF y la AIF),TSS,2001,0.0,51.5363218250062,6.25826316438261,5.02682869549896,,,,,,,,1.48457128257596,
África al sur del Sahara (BIRF y la AIF),TSS,2002,0.0,51.891342436414,6.16766093376978,4.58736240789462,,,,,,,,3.54680728404135,
África al sur del Sahara (BIRF y la AIF),TSS,2003,0.0,52.36952152081,6.10011877520962,5.4956795293558,,,,,,,,1.31678846906826,
África al sur del Sahara (BIRF y la AIF),TSS,2004,0.0,52.8488071191082,5.95285915175114,5.47919244621981,,,,,,,,3.78016772427938,
África al sur del Sahara (BIRF y la AIF),TSS,2005,0.0,53.4621950485481,5.84326739613379,5.29219990088254,,,,,,,,3.19459810309968,
África al sur del Sahara (BIRF y la AIF),TSS,2006,0.0,54.2133010695828,5.75440671726186,5.20108209248605,,,,,,,,3.21222317013606,
África al sur del Sahara (BIRF y la AIF),TSS,2007,0.0,54.8490285448748,5.71055572642118,5.09929918803561,,,,,,,,3.29078380617152,
África al sur del Sahara (BIRF y la AIF),TSS,2008,0.0,55.4507126052464,5.70786355954884,4.8913538896588,,,,,,,,2.33137184204656,
África al sur del Sahara (BIRF y la AIF),TSS,2009,0.0,56.2196130711593,5.79076422308503,5.28712714719978,,,,,,,,0.378447710938403,
África al sur del Sahara (BIRF y la AIF),TSS,2010,0.0,56.8473656890804,6.04248261015662,5.21225465850828,,,,,,,,3.11475432266042,
África al sur del Sahara (BIRF y la AIF),TSS,2011,0.0,57.5586106850985,5.95611377736133,5.15471847005052,,,,,,,,1.58723531254263,
África al sur del Sahara (BIRF y la AIF),TSS,2012,0.0,58.1410132486788,5.84135603342065,4.98601304378435,,,,,,,,0.475317334026542,
África al sur del Sahara (BIRF y la AIF),TSS,2013,0.0,58.668043004746,5.66410890815386,4.96566442914217,,,,,,,,2.25515107890541,
África al sur del Sahara (BIRF y la AIF),TSS,2014,0.0,59.1426582019127,5.71342634020634,4.75016895001391,,,,,,,,2.04894842853271,
África al sur del Sahara (BIRF y la AIF),TSS,2015,0.0,59.5629817000586,5.88782130413379,4.97392241046586,,,,,,,,0.145878198620068,
África al sur del Sahara (BIRF y la AIF),TSS,2016,0.0,60.0690246731195,5.95717068693606,5.04197078967098,,,,,,,,-1.44078459976149,
África al sur del Sahara (BIRF y la AIF),TSS,2017,0.0,60.4771384571495,6.0446244692085,5.04462777748118,,,,,,,,-0.186884335505809,
África al sur del Sahara (BIRF y la AIF),TSS,2018,0.0,60.8630275388921,6.01754020171336,4.77488819304456,,,,,,,,0.0724081797107061,
África al sur del Sahara (BIRF y la AIF),TSS,2019,0.0,61.2442905189234,6.1385567095684,4.73406222943041,,,,,,,,-0.0080170723799142,
África al sur del Sahara (BIRF y la AIF),TSS,2020,0.0,60.8488944244664,6.56697284213806,4.93645561155037,,,,,,,,-4.50035860103957,
África al sur del Sahara (BIRF y la AIF),TSS,2021,0.0,60.2417434631864,6.69681929875394,5.10362475159997,,,,,,,,1.62901944819048,
África al sur del Sahara (BIRF y la AIF),TSS,2022,0.0,60.7643999775278,6.0782191698974,,,,,,,,,1.09068109739113,
África al sur del Sahara (BIRF y la AIF),TSS,2023,0.0,,5.9681441605434,,,,,,,,,0.409373989155256,
Trinidad y Tobago,TTO,2001,0.0,69.646,10.88,4.0346489,,,,,,,,3.67327160627606,
Trinidad y Tobago,TTO,2002,0.0,70.488,10.39,4.72302485,,,,,,,,7.34352306287818,
Trinidad y Tobago,TTO,2003,0.0,69.729,10.48,4.18767118,,,,,,,,13.7997707091546,
Trinidad y Tobago,TTO,2004,0.0,71.076,8.33,4.30805206,,,,,,,,7.3454172743816,
Trinidad y Tobago,TTO,2005,0.0,71.308,7.95,4.43451166,,,,,,,,5.59584565591484,
Trinidad y Tobago,TTO,2006,0.0,71.256,6.27,4.15431976,,,,,,,,12.5631375809891,
Trinidad y Tobago,TTO,2007,0.0,71.652,5.54,4.1536026,,,,,,,,4.1534577601586,
Trinidad y Tobago,TTO,2008,0.0,71.47,4.63,3.6575706,,,,,,,,2.80217977824466,
Trinidad y Tobago,TTO,2009,0.0,73.126,5.28,5.48676443,,,,,,,,-4.96407247195563,
Trinidad y Tobago,TTO,2010,0.0,72.725,4.033,5.08042908,,,,,,,,2.65616051879402,
Trinidad y Tobago,TTO,2011,0.0,73.278,3.425,4.72197914,,,,,,,,-0.97711781922564,
Trinidad y Tobago,TTO,2012,0.0,73.716,3.718,4.63289499,,,,,,,,6.66882549485659,
Trinidad y Tobago,TTO,2013,0.0,73.962,2.683,4.80276918,,,,,,,,2.78788545774643,
Trinidad y Tobago,TTO,2014,0.0,74.215,2.477,4.87136698,,,,,,,,3.14259802643744,
Trinidad y Tobago,TTO,2015,0.0,74.503,2.428,5.65026045,,,,,,,,-1.4240950458499,
Trinidad y Tobago,TTO,2016,0.0,74.281,3.207,6.50998688,,,,,,,,-8.10318508446458,
Trinidad y Tobago,TTO,2017,0.0,74.23,3.385,6.57946634,,,,,,,,-5.39812217531048,
Trinidad y Tobago,TTO,2018,0.0,73.802,3.49,6.5323596,,,,,,,,-2.32670153039294,
Trinidad y Tobago,TTO,2019,0.0,74.228,3.523,6.83128405,,,,,,,,-0.645407370347058,
Trinidad y Tobago,TTO,2020,0.0,74.406,4.206,7.53854179,,,,,,,,-8.96959541706835,
Trinidad y Tobago,TTO,2021,0.0,72.971,4.446,7.0194726,,,,,,,,-1.52495373406445,
Trinidad y Tobago,TTO,2022,0.0,74.708,4.383,,,,,,,,,1.12556585792542,
Trinidad y Tobago,TTO,2023,0.0,,4.206,,,,,,,,,1.84428502698408,
Túnez,TUN,2001,0.0,73.816,14.4,4.86132765,,,,,,,,2.73903734593959,
Túnez,TUN,2002,0.0,74.059,14.55,5.12036419,,,,,,,,0.324463973389456,
Túnez,TUN,2003,0.0,74.305,14.51,5.20888519,,,,,,,,3.68311780660653,
Túnez,TUN,2004,0.0,74.49,14.23,5.19890785,,,,,,,,5.21983254278358,
Túnez,TUN,2005,0.0,74.764,12.872,5.14555788,,,,,,,,2.5290278413725,37.7
Túnez,TUN,2006,0.0,74.921,12.51,5.13109922,,,,,,,,4.28824956470235,
Túnez,TUN,2007,0.0,75.072,12.365,5.17542839,,,,,,,,5.73286274177475,
Túnez,TUN,2008,0.0,75.185,12.444,5.1644063,,,,,,,,3.2619534070399,
Túnez,TUN,2009,0.0,75.267,13.291,5.40595293,,,,,,,,2.04856930205865,
Túnez,TUN,2010,0.0,75.421,13.049,5.60950756,,,,,,,,1.92622043893451,35.8
Túnez,TUN,2011,0.0,75.46,18.334,6.12299299,,,,,,,,-3.26713018338533,
Túnez,TUN,2012,0.0,75.55,17.63,6.28984737,,,,,,,,2.89368176678101,
Túnez,TUN,2013,0.0,75.65,15.934,6.51394987,,,,,,,,1.28871798801546,
Túnez,TUN,2014,0.0,75.65,14.259,6.45006084,,,,,,,,1.92976504925548,
Túnez,TUN,2015,0.0,75.692,15.159,6.21339941,,,,,,,,-0.157752756538599,32.8
Túnez,TUN,2016,0.0,75.786,15.557,6.24778175,,,,,,,,0.0107963170930248,
Túnez,TUN,2017,0.0,75.845,15.33,6.18557453,,,,,,,,1.14914304799336,
Túnez,TUN,2018,0.0,75.95,15.459,5.9375186,,,,,,,,1.57917938586991,
Túnez,TUN,2019,0.0,75.993,17.153,6.02461243,,,,,,,,0.607548216589834,
Túnez,TUN,2020,0.0,75.292,17.576,7.05024958,,,,,,,,-9.43669835870003,
Túnez,TUN,2021,0.0,73.772,16.505,6.97273922,,,,,,,,3.74173592017368,33.7
Túnez,TUN,2022,0.0,74.263,15.301,,,,,,,,,1.83027791719874,
Túnez,TUN,2023,0.0,,15.106,,,,,,,,,-0.399410951873563,
Turquía,TUR,2001,0.0,72.231,8.381,4.89,,,,,,,,-7.13825127555417,
Turquía,TUR,2002,0.0,72.579,10.358,5.06,,,,,,,,4.96906241439386,
Turquía,TUR,2003,0.0,72.89,10.542,5.01,,,,,,,,4.37343432204094,
Turquía,TUR,2004,0.0,73.24,10.838,4.91,,,,,,,,8.3093996990934,
Turquía,TUR,2005,0.0,73.534,10.636,4.89,,,,,,,,7.53339948397436,
Turquía,TUR,2006,0.0,73.845,10.227,5.15,,,,,,,,5.5702631622412,
Turquía,TUR,2007,0.0,74.193,10.285,5.24,,,,,,,,4.20987632953147,
Turquía,TUR,2008,0.0,74.45,10.965,5.22,,,,,,,,-0.452853692268519,
Turquía,TUR,2009,0.0,74.765,14.026,5.49,,,,,,,,-6.12785740051382,
Turquía,TUR,2010,0.0,75.069,11.879,5.02,,,,,,,,6.79208232586733,
Turquía,TUR,2011,0.0,74.941,9.789,4.65,,,,,,,,9.57986395820123,
Turquía,TUR,2012,0.0,75.678,9.21,4.44,,,,,,,,3.46121242479198,
Turquía,TUR,2013,0.0,76.297,9.713,4.37,,,,,,,,7.10131954327058,
Turquía,TUR,2014,0.0,76.565,9.901,4.33,,,,,,,,3.53349204037028,
Turquía,TUR,2015,0.0,76.646,10.304,4.12,,,,,,,,4.6785959933809,
Turquía,TUR,2016,0.0,76.66,10.899,4.28,,,,,,,,1.94225845985372,
Turquía,TUR,2017,0.0,77.141,10.919,4.18,,,,,,,,6.11695888825578,43.5
Turquía,TUR,2018,0.0,77.563,10.956,4.12,,,,,,,,1.62818524031636,42.4
Turquía,TUR,2019,0.0,77.832,13.73,4.37,,,,,,,,-0.612618493559708,43.8
Turquía,TUR,2020,0.0,75.85,13.148,4.62,,,,,,,,0.876186370101166,43.0
Turquía,TUR,2021,0.0,76.032,11.969,4.57,,,,,,,,10.4293952224225,44.4
Turquía,TUR,2022,0.0,78.475,10.432,,,,,,,,,4.49949975785783,
Turquía,TUR,2023,0.0,,9.412,,,,,,,,,4.0929402864446,
Tuvalu,TUV,2001,0.0,63.543,,18.47802734,,,,,,,,0.176696809063486,
Tuvalu,TUV,2002,0.0,63.58,,12.42768574,,,,,,,,9.66058605771376,
Tuvalu,TUV,2003,0.0,63.631,,14.38950729,,,,,,,,-4.93155366875932,
Tuvalu,TUV,2004,0.0,63.693,,9.88583279,,,,,,,,-3.50043175086581,
Tuvalu,TUV,2005,0.0,63.836,,10.56283283,,,,,,,,-5.81512660247387,
Tuvalu,TUV,2006,0.0,63.928,,12.27132893,,,,,,,,1.23385939741749,
Tuvalu,TUV,2007,0.0,63.931,,10.51983929,,,,,,,,5.88657573582196,
Tuvalu,TUV,2008,0.0,63.948,,10.1193676,,,,,,,,5.38940809968847,
Tuvalu,TUV,2009,0.0,63.949,,12.26670933,,,,,,,,-7.4750192159877,
Tuvalu,TUV,2010,0.0,63.978,,15.65082836,,,,,,,,-3.5382833070037,39.1
Tuvalu,TUV,2011,0.0,63.974,,14.10340405,,,,,,,,5.32073067119796,
Tuvalu,TUV,2012,0.0,63.964,,13.5962553,,,,,,,,-3.51630343162044,
Tuvalu,TUV,2013,0.0,64.008,,14.3384304,,,,,,,,3.73615170798919,
Tuvalu,TUV,2014,0.0,64.025,,14.6935215,,,,,,,,0.174327919992663,
Tuvalu,TUV,2015,0.0,64.06,,13.52732944,,,,,,,,10.6399972418866,
Tuvalu,TUV,2016,0.0,64.108,,18.61886597,,,,,,,,5.90378958056597,
Tuvalu,TUV,2017,0.0,64.148,,24.28305244,,,,,,,,2.67546724101535,
Tuvalu,TUV,2018,0.0,64.212,,18.64067841,,,,,,,,1.04201651504239,
Tuvalu,TUV,2019,0.0,64.278,,22.41327286,,,,,,,,12.8766976595627,
Tuvalu,TUV,2020,0.0,64.382,,18.86140633,,,,,,,,-5.25215970260339,
Tuvalu,TUV,2021,0.0,64.547,,19.96582222,,,,,,,,0.577470582190415,
Tuvalu,TUV,2022,0.0,64.854,,,,,,,,,,-0.283895501630582,
Tuvalu,TUV,2023,0.0,,,,,,,,,,,3.08730937309292,
Tanzanía,TZA,2001,0.0,53.161,2.994,4.23551702,,,,,,,,3.23009210547724,
Tanzanía,TZA,2002,0.0,53.863,3.021,4.68907642,,,,,,,,4.3338644687595,
Tanzanía,TZA,2003,0.0,54.895,3.051,5.34231472,,,,,,,,3.87698663356144,
Tanzanía,TZA,2004,0.0,55.596,3.104,5.7373414,,,,,,,,4.63129002521421,
Tanzanía,TZA,2005,0.0,56.299,3.192,6.32282543,,,,,,,,4.54244130449617,
Tanzanía,TZA,2006,0.0,56.911,3.299,7.598279,,,,,,,,3.58939156127394,
Tanzanía,TZA,2007,0.0,57.52,3.024,6.88427973,,,,,,,,3.81932193352354,40.3
Tanzanía,TZA,2008,0.0,58.086,2.775,5.55704737,,,,,,,,2.84601150930087,
Tanzanía,TZA,2009,0.0,58.894,2.5,5.06306362,,,,,,,,2.67129017690971,
Tanzanía,TZA,2010,0.0,60.105,3.029,5.22392178,,,,,,,,3.62505034269054,
Tanzanía,TZA,2011,0.0,61.049,3.47,5.0559845,,,,,,,,4.64928619935377,37.8
Tanzanía,TZA,2012,0.0,62.03,3.223,5.01779366,,,,,,,,1.50934874666515,
Tanzanía,TZA,2013,0.0,62.96,2.93,4.64643383,,,,,,,,3.61664354884981,
Tanzanía,TZA,2014,0.0,63.873,2.125,4.01492071,,,,,,,,3.47055315099234,
Tanzanía,TZA,2015,0.0,64.651,2.162,3.64969945,,,,,,,,2.68536728529934,
Tanzanía,TZA,2016,0.0,65.386,2.237,3.96350336,,,,,,,,3.23214355083614,
Tanzanía,TZA,2017,0.0,65.999,2.313,4.08257437,,,,,,,,3.24006236069334,
Tanzanía,TZA,2018,0.0,66.535,2.409,4.16191673,,,,,,,,2.1743589821609,40.5
Tanzanía,TZA,2019,0.0,66.989,2.518,3.88136053,,,,,,,,2.66781708219399,
Tanzanía,TZA,2020,0.0,66.408,2.781,2.93978429,,,,,,,,-1.01958280878104,
Tanzanía,TZA,2021,0.0,66.201,2.806,3.36136484,,,,,,,,1.24780243811844,
Tanzanía,TZA,2022,0.0,66.782,2.609,,,,,,,,,1.53475358630961,
Tanzanía,TZA,2023,0.0,,2.607,,,,,,,,,2.17885025093207,
Uganda,UGA,2001,11.623421,49.006,3.517,5.05207348,0.539136,0.154215,0.099784,0.604232,5.457277,3.468761,1.300016,2.02930556506277,
Uganda,UGA,2002,11.615126,49.648,3.5,4.77135611,0.53823,0.154569,0.100537,0.604369,5.451291,3.46677,1.29936,5.40510273037765,45.2
Uganda,UGA,2003,11.602202,50.368,3.6,4.29918194,0.537089,0.154984,0.101437,0.604533,5.441429,3.464162,1.298568,3.2022849844132,
Uganda,UGA,2004,11.585994,51.547,2.706,4.7002449,0.53514,0.1554,0.102665,0.604713,5.427879,3.462308,1.297889,3.69364648180827,
Uganda,UGA,2005,11.572757000000001,52.976,1.9,5.80518579,0.534539,0.155754,0.104211,0.604899,5.413234,3.462659,1.297461,3.2867677650199,42.9
Uganda,UGA,2006,11.549044,54.369,2.27,6.46332979,0.533665,0.156137,0.105355,0.605145,5.388014,3.464904,1.295824,7.60195955892391,
Uganda,UGA,2007,11.503764,55.236,2.675,6.1131134,0.533773,0.156629,0.106296,0.605487,5.34141,3.467935,1.292234,5.27829822722869,
Uganda,UGA,2008,11.447286,55.823,3.049,5.45476198,0.532887,0.157161,0.107981,0.605914,5.283417,3.471669,1.288257,5.57304428081009,
Uganda,UGA,2009,11.395870000000002,56.488,3.6,5.78845549,0.532822,0.157657,0.109304,0.606382,5.228532,3.475837,1.285336,3.73251033971526,44.2
Uganda,UGA,2010,11.359668,57.055,3.619,6.80890226,0.533858,0.158033,0.11098,0.606817,5.18502,3.480064,1.284896,2.60254456147564,
Uganda,UGA,2011,11.33086,57.965,3.528,6.6959095,0.534543,0.158334,0.112084,0.607245,5.14784,3.484571,1.286243,6.25729837900512,
Uganda,UGA,2012,11.302603000000001,58.817,3.551,6.10853958,0.534956,0.158648,0.113393,0.607709,5.110316,3.489902,1.287679,0.875761039192426,41.0
Uganda,UGA,2013,11.27491,59.763,1.91,5.78252411,0.536157,0.158968,0.114439,0.6082,5.071931,3.496055,1.28916,0.649426228181824,
Uganda,UGA,2014,11.249829,60.408,2.404,5.33653069,0.536938,0.159291,0.115764,0.608725,5.035458,3.502962,1.290691,2.03158558617645,
Uganda,UGA,2015,11.224241,61.086,2.788,5.0745697,0.539442,0.159609,0.117042,0.609275,4.996004,3.510482,1.292387,1.98592377035136,
Uganda,UGA,2016,11.198545,61.648,3.167,4.96169233,0.541182,0.159918,0.118044,0.609847,4.957013,3.518378,1.294163,1.34418674739261,42.8
Uganda,UGA,2017,11.173409,62.115,3.643,3.99788952,0.542832,0.160208,0.119309,0.61042,4.918028,3.526626,1.295986,-0.412239332308602,
Uganda,UGA,2018,0.0,62.714,3.42,4.02080536,,,,,,,,2.74903046108834,
Uganda,UGA,2019,0.0,62.991,3.185,3.79834843,,,,,,,,2.88570892180931,42.7
Uganda,UGA,2020,0.0,62.851,3.914,4.30198574,,,,,,,,-0.423316496776323,
Uganda,UGA,2021,0.0,62.705,3.422,4.67196703,,,,,,,,0.264400771937062,
Uganda,UGA,2022,0.0,63.638,2.93,,,,,,,,,1.49837165050579,
Uganda,UGA,2023,0.0,,2.831,,,,,,,,,2.34507012904757,
Ucrania,UKR,2001,0.0,67.8370731707317,11.061,5.73,,,,,,,,9.94942700789187,
Ucrania,UKR,2002,0.0,68.2756097560976,10.136,5.99,,,,,,,,6.34476222704498,29.0
Ucrania,UKR,2003,0.0,68.2107317073171,9.057,6.55,,,,,,,,10.4088132130876,28.7
Ucrania,UKR,2004,0.0,68.1853658536585,8.59,6.17,,,,,,,,12.6466271720913,28.9
Ucrania,UKR,2005,0.0,67.9568292682927,7.18,6.35,,,,,,,,3.82930532863483,29.0
Ucrania,UKR,2006,0.0,68.0775609756098,6.81,6.42,,,,,,,,8.30113367716191,29.8
Ucrania,UKR,2007,0.0,68.2221951219512,6.351,6.02,,,,,,,,8.86368846323961,27.0
Ucrania,UKR,2008,0.0,68.2514634146342,6.363,5.5,,,,,,,,2.79864234957681,26.6
Ucrania,UKR,2009,0.0,69.19,8.84,6.61,,,,,,,,-14.7589746579022,25.3
Ucrania,UKR,2010,0.0,70.2653658536586,8.1,6.81,,,,,,,,4.5063448241537,24.8
Ucrania,UKR,2011,0.0,70.8092682926829,7.851,6.82,,,,,,,,5.82514665636418,24.6
Ucrania,UKR,2012,0.0,70.9441463414634,7.529,7.12,,,,,,,,0.399970155574351,24.7
Ucrania,UKR,2013,0.0,71.159512195122,7.17,6.94,,,,,,,,0.273496006330021,24.6
Ucrania,UKR,2014,0.0,71.1865853658537,9.27,7.2,,,,,,,,-4.87524996257295,24.0
Ucrania,UKR,2015,0.0,71.189512195122,9.14,7.78,,,,,,,,-9.44383219053168,25.5
Ucrania,UKR,2016,0.0,71.4763414634146,9.35,7.55,,,,,,,,2.85480260756702,25.0
Ucrania,UKR,2017,0.0,71.7809756097561,9.5,7.44,,,,,,,,2.81064547083641,26.0
Ucrania,UKR,2018,0.0,71.5826829268293,8.799,7.52,,,,,,,,4.01638177635452,26.1
Ucrania,UKR,2019,0.0,71.8273170731707,8.194,7.09,,,,,,,,3.79372391176472,26.6
Ucrania,UKR,2020,0.0,71.1851219512195,9.475,7.56,,,,,,,,-3.10165858921107,25.6
Ucrania,UKR,2021,0.0,69.6478048780488,9.834,8.01,,,,,,,,4.36448461386128,
Ucrania,UKR,2022,0.0,68.5879268292683,,,,,,,,,,-16.7283581123208,
Ucrania,UKR,2023,0.0,,,,,,,,,,,8.04695569533568,
Ingreso mediano alto,UMC,2001,0.0,71.1896904749385,5.8535548424803,5.28965276698788,,,,,,,,2.42264986363527,
Ingreso mediano alto,UMC,2002,0.0,71.4958068221351,6.19293564564276,5.14502100358885,,,,,,,,3.84049905723873,
Ingreso mediano alto,UMC,2003,0.0,71.7339709590316,6.3149368004394,5.23409859312188,,,,,,,,4.95454918714697,
Ingreso mediano alto,UMC,2004,0.0,71.8969323792615,6.16438025694797,5.21195137847028,,,,,,,,6.93066892169685,
Ingreso mediano alto,UMC,2005,0.0,72.3671529949849,6.16021754944459,5.22114550256496,,,,,,,,6.58518178038341,
Ingreso mediano alto,UMC,2006,0.0,72.6987776793454,5.9189834180985,5.14850999477596,,,,,,,,7.72594407156963,
Ingreso mediano alto,UMC,2007,0.0,72.9477661919598,5.83594675769806,5.07466759447301,,,,,,,,8.58492372820298,
Ingreso mediano alto,UMC,2008,0.0,73.1178099943492,5.81006140428659,5.09002210756197,,,,,,,,5.41982708138602,
Ingreso mediano alto,UMC,2009,0.0,73.5245001607454,6.13630766222809,5.49053854365362,,,,,,,,2.63330710594012,
Ingreso mediano alto,UMC,2010,0.0,73.7928089767316,5.85760954192772,5.32065440512826,,,,,,,,7.67244704688915,
Ingreso mediano alto,UMC,2011,0.0,74.0826970789623,5.65175115472831,5.29756100001041,,,,,,,,6.06175236381851,
Ingreso mediano alto,UMC,2012,0.0,74.3860750479773,5.55782562568924,5.34200173750507,,,,,,,,4.80787068995583,
Ingreso mediano alto,UMC,2013,0.0,74.665309713948,5.51788306131004,5.38734098860971,,,,,,,,4.67068262373979,
Ingreso mediano alto,UMC,2014,0.0,74.9369276530152,5.53428117447339,5.46109048305239,,,,,,,,4.00530015907175,
Ingreso mediano alto,UMC,2015,0.0,75.1435278882769,5.75420409188962,5.58023192270251,,,,,,,,3.64136459949755,
Ingreso mediano alto,UMC,2016,0.0,75.3233227356811,5.98770891519991,5.61879825495024,,,,,,,,3.72474477487302,
Ingreso mediano alto,UMC,2017,0.0,75.4686692698172,5.98707050154594,5.70006353483942,,,,,,,,4.5097944571697,
Ingreso mediano alto,UMC,2018,0.0,75.8372322646074,5.91472641849046,5.64550212523577,,,,,,,,4.12207459587302,
Ingreso mediano alto,UMC,2019,0.0,76.040091507345,6.03939956872472,5.71486594289458,,,,,,,,3.39279077092091,
Ingreso mediano alto,UMC,2020,0.0,75.2538551850473,6.70784948621137,5.99571989905435,,,,,,,,-1.13634182873477,
Ingreso mediano alto,UMC,2021,0.0,74.8940158793599,6.3161596400082,5.82201110026215,,,,,,,,7.27899531311719,
Ingreso mediano alto,UMC,2022,0.0,75.6956921126255,5.93922577248482,,,,,,,,,3.21655454094916,
Ingreso mediano alto,UMC,2023,0.0,,5.58021086539816,,,,,,,,,4.07380476545652,
Uruguay,URY,2001,12.893721000000001,75.285,15.052,9.79864407,0.898266,0.196513,0.347004,0.773288,3.42275,6.241597,1.014303,-4.09799663412986,45.0
Uruguay,URY,2002,12.919748,75.54,16.648,9.68134308,0.902859,0.196388,0.345919,0.774055,3.436706,6.248151,1.01567,-7.88554344855896,45.5
Uruguay,URY,2003,12.947502,75.785,16.661,9.61753464,0.908309,0.196228,0.345006,0.774932,3.450324,6.255763,1.01694,0.690750521011083,45.0
Uruguay,URY,2004,12.974073,76.007,12.98,8.30145359,0.913754,0.196097,0.344004,0.775705,3.463541,6.262632,1.01834,4.89011911625813,45.9
Uruguay,URY,2005,12.997371000000001,76.194,12.009,7.75686073,0.918663,0.196061,0.344193,0.776172,3.475189,6.266881,1.020212,7.33497604892166,44.7
Uruguay,URY,2006,13.030644000000002,76.362,10.844,7.74287462,0.925667,0.196168,0.345436,0.776441,3.484572,6.269675,1.032685,3.95391078742402,45.9
Uruguay,URY,2007,13.085593000000001,76.498,9.403,7.49349833,0.934328,0.196403,0.348731,0.776908,3.494911,6.274476,1.059836,6.33765562484871,46.4
Uruguay,URY,2008,13.147317000000001,76.623,8.026,8.12533188,0.942012,0.196688,0.35348,0.777436,3.505361,6.279516,1.092824,6.93600335053371,45.1
Uruguay,URY,2009,13.204253,76.738,7.74,7.9498806,0.947733,0.196968,0.35912,0.778005,3.514906,6.284727,1.122794,3.99318432319997,45.5
Uruguay,URY,2010,13.242685999999999,76.858,7.158,7.91117048,0.950791,0.19716,0.363758,0.778442,3.522626,6.288983,1.140926,7.53025567048368,44.5
Uruguay,URY,2011,13.268447,76.983,6.307,7.94897985,0.950217,0.197312,0.368551,0.778796,3.531081,6.292558,1.149932,4.88102387235121,42.2
Uruguay,URY,2012,13.297278,77.111,6.451,8.06757545,0.948192,0.197511,0.374344,0.779206,3.542724,6.296651,1.15865,3.24652646444873,39.9
Uruguay,URY,2013,13.327088999999999,77.24,6.444,8.11897373,0.946046,0.197753,0.379651,0.779671,3.555894,6.300966,1.167108,4.32661364111881,40.5
Uruguay,URY,2014,13.356856,77.366,6.547,8.07319641,0.942263,0.198024,0.385984,0.780175,3.57016,6.305186,1.175064,2.9197296574484,40.1
Uruguay,URY,2015,13.383428,77.483,7.488,8.29225731,0.935037,0.198323,0.392488,0.780699,3.585183,6.30936,1.182338,0.0416798769461195,40.1
Uruguay,URY,2016,13.408576,77.571,7.841,8.67535782,0.927602,0.198641,0.398546,0.78126,3.600303,6.313555,1.188669,1.36367741460649,39.7
Uruguay,URY,2017,13.433964,77.625,7.89,8.82179642,0.918533,0.198965,0.405502,0.781817,3.617574,6.317738,1.193835,1.48963768853973,39.5
Uruguay,URY,2018,0.0,77.611,8.336,9.01452351,,,,,,,,0.0229977956802401,39.7
Uruguay,URY,2019,0.0,77.508,8.734,9.39027691,,,,,,,,0.888322576588905,39.7
Uruguay,URY,2020,0.0,78.43,10.33,9.13688469,,,,,,,,-7.39838466784262,40.2
Uruguay,URY,2021,0.0,75.436,9.301,9.3592062,,,,,,,,5.64896088197078,40.8
Uruguay,URY,2022,0.0,78.0,7.877,,,,,,,,,4.81328659416214,40.6
Uruguay,URY,2023,0.0,,8.354,,,,,,,,,0.358268516871973,
Estados Unidos,USA,2001,0.0,76.8365853658537,4.731,13.16811562,,,,,,,,-0.038731925617185,40.6
Estados Unidos,USA,2002,0.0,76.9365853658537,5.783,13.9952774,,,,,,,,0.761236853294676,40.4
Estados Unidos,USA,2003,0.0,77.0365853658537,5.989,14.50551128,,,,,,,,1.91588247774337,40.8
Estados Unidos,USA,2004,0.0,77.4878048780488,5.529,14.55115986,,,,,,,,2.89111091233463,40.3
Estados Unidos,USA,2005,0.0,77.4878048780488,5.084,14.57938957,,,,,,,,2.53411070718666,41.0
Estados Unidos,USA,2006,0.0,77.6878048780488,4.623,14.70870876,,,,,,,,1.79819874740998,41.4
Estados Unidos,USA,2007,0.0,77.9878048780488,4.622,14.91824913,,,,,,,,1.03834382171036,40.8
Estados Unidos,USA,2008,0.0,78.0390243902439,5.784,15.20718479,,,,,,,,-0.828888121072325,40.8
Estados Unidos,USA,2009,0.0,78.390243902439,9.254,16.20063591,,,,,,,,-3.42683194254013,40.6
Estados Unidos,USA,2010,0.0,78.5414634146342,9.633,16.19719124,,,,,,,,1.8467404584986,40.0
Estados Unidos,USA,2011,0.0,78.6414634146341,8.949,16.13996315,,,,,,,,0.82892617390047,40.9
Estados Unidos,USA,2012,0.0,78.7414634146342,8.069,16.11969566,,,,,,,,1.54146623449971,40.9
Estados Unidos,USA,2013,0.0,78.7414634146342,7.375,15.99170876,,,,,,,,1.41274167855772,40.6
Estados Unidos,USA,2014,0.0,78.8414634146341,6.168,16.19919777,,,,,,,,1.77469980748791,41.5
Estados Unidos,USA,2015,0.0,78.690243902439,5.28,16.49056816,,,,,,,,2.19043056582386,41.2
Estados Unidos,USA,2016,0.0,78.5390243902439,4.869,16.80215836,,,,,,,,1.08425738313417,41.1
Estados Unidos,USA,2017,0.0,78.5390243902439,4.355,16.76750183,,,,,,,,1.81147636540288,41.2
Estados Unidos,USA,2018,0.0,78.6390243902439,3.896,16.62964439,,,,,,,,2.42587721947302,41.4
Estados Unidos,USA,2019,0.0,78.7878048780488,3.669,16.66580582,,,,,,,,2.00148267922953,41.5
Estados Unidos,USA,2020,0.0,76.9804878048781,8.055,18.75621986,,,,,,,,-3.15644425196703,39.7
Estados Unidos,USA,2021,0.0,76.3292682926829,5.349,17.3625679,,,,,,,,5.63386812824078,39.7
Estados Unidos,USA,2022,0.0,77.4341463414634,3.65,16.57115173,,,,,,,,1.56159818901087,41.3
Estados Unidos,USA,2023,0.0,,3.625,,,,,,,,,2.0395059357577,
Uzbekistán,UZB,2001,0.0,66.087,11.254,5.24,,,,,,,,2.85346876848985,
Uzbekistán,UZB,2002,0.0,66.604,10.224,5.14,,,,,,,,2.70878259026122,33.0
Uzbekistán,UZB,2003,0.0,67.04,9.185,5.19,,,,,,,,3.02672808381934,35.3
Uzbekistán,UZB,2004,0.0,67.401,8.126,4.84,,,,,,,,6.21641140541644,
Uzbekistán,UZB,2005,0.0,67.49,7.074,4.78,,,,,,,,5.71301328436083,
Uzbekistán,UZB,2006,0.0,67.891,6.026,4.75,,,,,,,,6.14824562842726,
Uzbekistán,UZB,2007,0.0,68.292,4.99,4.54,,,,,,,,7.92572326864538,
Uzbekistán,UZB,2008,0.0,68.765,4.89,4.7,,,,,,,,7.29286000804071,
Uzbekistán,UZB,2009,0.0,68.871,5.04,4.8,,,,,,,,6.24304120838426,
Uzbekistán,UZB,2010,0.0,69.235,5.36,5.3,,,,,,,,4.60233039381552,
Uzbekistán,UZB,2011,0.0,69.649,4.96,5.26,,,,,,,,4.67753450019251,
Uzbekistán,UZB,2012,0.0,69.874,4.87,5.55,,,,,,,,5.53733804206043,
Uzbekistán,UZB,2013,0.0,69.99,4.86,5.72,,,,,,,,5.6337007643187,
Uzbekistán,UZB,2014,0.0,70.234,5.09,4.43,,,,,,,,5.08610432169459,
Uzbekistán,UZB,2015,0.0,70.475,5.15,4.74,,,,,,,,5.36481696760778,
Uzbekistán,UZB,2016,0.0,70.755,5.16,4.72,,,,,,,,4.10607276304242,
Uzbekistán,UZB,2017,0.0,71.01,5.83,4.84,,,,,,,,2.65248473333584,
Uzbekistán,UZB,2018,0.0,71.149,5.391,5.08,,,,,,,,4.05650668062363,
Uzbekistán,UZB,2019,0.0,71.344,4.945,5.43,,,,,,,,4.01139218369858,
Uzbekistán,UZB,2020,0.0,70.331,5.293,6.75,,,,,,,,0.0538222370206114,
Uzbekistán,UZB,2021,0.0,70.862,5.345,7.74,,,,,,,,5.30221790005542,
Uzbekistán,UZB,2022,0.0,71.674,4.535,,,,,,,,,3.49604367004434,31.2
Uzbekistán,UZB,2023,0.0,,4.526,,,,,,,,,3.7643988490528,
San Vicente y las Granadinas,VCT,2001,0.0,71.938,21.1,4.00093412,,,,,,,,1.90223085956785,
San Vicente y las Granadinas,VCT,2002,0.0,72.168,20.617,4.07769632,,,,,,,,5.51947697539146,
San Vicente y las Granadinas,VCT,2003,0.0,72.352,19.967,3.95764542,,,,,,,,7.01393485290829,
San Vicente y las Granadinas,VCT,2004,0.0,73.035,19.524,3.8658421,,,,,,,,4.57698700246371,
San Vicente y las Granadinas,VCT,2005,0.0,73.516,19.449,3.83165979,,,,,,,,3.0053770862352,
San Vicente y las Granadinas,VCT,2006,0.0,74.017,19.15,3.65356708,,,,,,,,7.58843556588072,
San Vicente y las Granadinas,VCT,2007,0.0,74.703,18.927,3.81816602,,,,,,,,3.88515503863769,
San Vicente y las Granadinas,VCT,2008,0.0,75.053,18.79,3.88194203,,,,,,,,0.8669994649606,
San Vicente y las Granadinas,VCT,2009,0.0,75.083,19.378,4.09299564,,,,,,,,-0.950808501420127,
San Vicente y las Granadinas,VCT,2010,0.0,74.718,19.951,4.30325222,,,,,,,,-4.00552748187661,
San Vicente y las Granadinas,VCT,2011,0.0,74.596,20.03,4.23108053,,,,,,,,-0.0530885828388818,
San Vicente y las Granadinas,VCT,2012,0.0,74.146,19.846,4.45042276,,,,,,,,1.7494518260206,
San Vicente y las Granadinas,VCT,2013,0.0,73.798,19.347,4.24191046,,,,,,,,3.06610215708668,
San Vicente y las Granadinas,VCT,2014,0.0,74.473,19.229,4.17631912,,,,,,,,1.75976346881789,
San Vicente y las Granadinas,VCT,2015,0.0,74.407,19.121,4.11412001,,,,,,,,3.19822439107607,
San Vicente y las Granadinas,VCT,2016,0.0,74.28,19.01,4.09573793,,,,,,,,4.6560317973785,
San Vicente y las Granadinas,VCT,2017,0.0,74.305,18.988,4.22985649,,,,,,,,1.84674833902496,
San Vicente y las Granadinas,VCT,2018,0.0,74.128,18.968,4.25346231,,,,,,,,3.4382520315516,
San Vicente y las Granadinas,VCT,2019,0.0,72.835,19.22,4.25543451,,,,,,,,1.00422522014088,
San Vicente y las Granadinas,VCT,2020,0.0,72.126,20.563,4.8395834,,,,,,,,-3.47050762721716,
San Vicente y las Granadinas,VCT,2021,0.0,69.629,20.279,5.36252117,,,,,,,,1.04350818602323,
San Vicente y las Granadinas,VCT,2022,0.0,68.972,19.51,,,,,,,,,7.55569787343531,
San Vicente y las Granadinas,VCT,2023,0.0,,18.674,,,,,,,,,6.27169775126757,
Venezuela,VEN,2001,8.842794999999999,71.201,13.04,,0.606053,0.202591,0.265211,0.772781,2.806135,2.847773,1.342251,1.51389760779388,47.2
Venezuela,VEN,2002,8.826925,72.662,16.17,,0.60507,0.202354,0.264135,0.772324,2.803067,2.845685,1.33429,-10.4774248049001,48.9
Venezuela,VEN,2003,8.810986999999999,71.94,16.78,,0.605506,0.202128,0.263512,0.771921,2.798702,2.843727,1.325491,-9.36927636417151,47.9
Venezuela,VEN,2004,8.798967000000001,72.514,15.07,,0.605727,0.201974,0.263144,0.771648,2.795908,2.842259,1.318307,16.2800630043543,47.3
Venezuela,VEN,2005,8.793697000000002,72.782,10.663,,0.606732,0.201954,0.262879,0.771561,2.793873,2.84141,1.315288,8.49012702071195,49.3
Venezuela,VEN,2006,8.801796,72.742,8.606,,0.606925,0.202257,0.264239,0.772015,2.79352,2.842557,1.320283,8.11556212465032,44.7
Venezuela,VEN,2007,8.826103,73.058,7.279,,0.608181,0.202907,0.268341,0.773124,2.794814,2.846183,1.332553,7.08221307595991,
Venezuela,VEN,2008,8.856264999999999,72.436,6.245,,0.609364,0.203701,0.272949,0.774557,2.797125,2.851054,1.347515,3.73739782559073,
Venezuela,VEN,2009,8.885044,72.579,6.097,,0.610901,0.204431,0.277657,0.775964,2.799687,2.855829,1.360575,-4.54882021047604,
Venezuela,VEN,2010,8.900459,72.89,7.112,,0.611652,0.20487,0.279424,0.776924,2.801683,2.858886,1.36702,-2.81689903503258,
Venezuela,VEN,2011,8.909312,72.913,6.902,,0.614155,0.205073,0.280148,0.777476,2.803582,2.860414,1.368464,2.81179540130756,
Venezuela,VEN,2012,8.919378,73.036,6.601,,0.617297,0.205259,0.28096,0.778014,2.806173,2.861944,1.369731,4.28453388065289,
Venezuela,VEN,2013,8.92863,73.196,7.54,,0.621057,0.205421,0.281978,0.778534,2.807489,2.863431,1.37072,0.0945791076821791,
Venezuela,VEN,2014,8.939997,72.853,6.821,,0.62721,0.205533,0.28196,0.778961,2.810428,2.8646,1.371305,-5.02511141422512,
Venezuela,VEN,2015,8.949281,73.006,6.138,,0.633015,0.205603,0.282251,0.779347,2.811889,2.865676,1.3715,,
Venezuela,VEN,2016,8.957206,72.058,5.319,,0.638995,0.205604,0.282376,0.77962,2.813069,2.866391,1.371151,,
Venezuela,VEN,2017,8.965389,71.943,5.045,,0.64577,0.205537,0.28269,0.779803,2.814584,2.866789,1.370216,,
Venezuela,VEN,2018,0.0,71.979,5.463,2.41691327,,,,,,,,,
Venezuela,VEN,2019,0.0,72.161,5.887,2.18563724,,,,,,,,,
Venezuela,VEN,2020,0.0,71.095,7.53,4.08657551,,,,,,,,,
Venezuela,VEN,2021,0.0,70.554,7.027,4.03775549,,,,,,,,,
Venezuela,VEN,2022,0.0,71.105,5.747,,,,,,,,,,
Venezuela,VEN,2023,0.0,,5.528,,,,,,,,,,
Islas Vírgenes Británicas,VGB,2001,0.0,73.846,,,,,,,,,,,
Islas Vírgenes Británicas,VGB,2002,0.0,73.891,,,,,,,,,,,
Islas Vírgenes Británicas,VGB,2003,0.0,73.986,,,,,,,,,,,
Islas Vírgenes Británicas,VGB,2004,0.0,74.251,,,,,,,,,,,
Islas Vírgenes Británicas,VGB,2005,0.0,74.723,,,,,,,,,,,
Islas Vírgenes Británicas,VGB,2006,0.0,74.88,,,,,,,,,,,
Islas Vírgenes Británicas,VGB,2007,0.0,75.039,,,,,,,,,,,
Islas Vírgenes Británicas,VGB,2008,0.0,75.007,,,,,,,,,,,
Islas Vírgenes Británicas,VGB,2009,0.0,75.26,,,,,,,,,,,
Islas Vírgenes Británicas,VGB,2010,0.0,75.428,,,,,,,,,,,
Islas Vírgenes Británicas,VGB,2011,0.0,75.486,,,,,,,,,,,
Islas Vírgenes Británicas,VGB,2012,0.0,75.532,,,,,,,,,,,
Islas Vírgenes Británicas,VGB,2013,0.0,75.574,,,,,,,,,,,
Islas Vírgenes Británicas,VGB,2014,0.0,75.612,,,,,,,,,,,
Islas Vírgenes Británicas,VGB,2015,0.0,75.675,,,,,,,,,,,
Islas Vírgenes Británicas,VGB,2016,0.0,75.724,,,,,,,,,,,
Islas Vírgenes Británicas,VGB,2017,0.0,74.785,,,,,,,,,,,
Islas Vírgenes Británicas,VGB,2018,0.0,75.831,,,,,,,,,,,
Islas Vírgenes Británicas,VGB,2019,0.0,75.863,,,,,,,,,,,
Islas Vírgenes Británicas,VGB,2020,0.0,75.849,,,,,,,,,,,
Islas Vírgenes Británicas,VGB,2021,0.0,74.494,,,,,,,,,,,
Islas Vírgenes Británicas,VGB,2022,0.0,76.373,,,,,,,,,,,
Islas Vírgenes Británicas,VGB,2023,0.0,,,,,,,,,,,,
Islas Vírgenes (EE.UU.),VIR,2001,0.0,77.6219512195122,10.583,,,,,,,,,,
Islas Vírgenes (EE.UU.),VIR,2002,0.0,77.5219512195122,10.817,,,,,,,,,,
Islas Vírgenes (EE.UU.),VIR,2003,0.0,77.5219512195122,11.119,,,,,,,,,-0.392409019211641,
Islas Vírgenes (EE.UU.),VIR,2004,0.0,77.7731707317073,10.772,,,,,,,,,3.32303112200472,
Islas Vírgenes (EE.UU.),VIR,2005,0.0,77.4219512195122,10.701,,,,,,,,,3.49771355206596,
Islas Vírgenes (EE.UU.),VIR,2006,0.0,78.3243902439024,10.169,,,,,,,,,3.58522291185554,
Islas Vírgenes (EE.UU.),VIR,2007,0.0,76.8634146341463,9.935,,,,,,,,,4.04131611143129,
Islas Vírgenes (EE.UU.),VIR,2008,0.0,77.1634146341463,10.008,,,,,,,,,1.16259833481369,
Islas Vírgenes (EE.UU.),VIR,2009,0.0,77.5146341463415,11.3,,,,,,,,,-6.60082033820244,
Islas Vírgenes (EE.UU.),VIR,2010,0.0,77.8658536585366,11.501,,,,,,,,,0.640017045957947,
Islas Vírgenes (EE.UU.),VIR,2011,0.0,78.3170731707317,11.778,,,,,,,,,-8.14745069217943,
Islas Vírgenes (EE.UU.),VIR,2012,0.0,78.5170731707317,11.84,,,,,,,,,-14.7321849465745,
Islas Vírgenes (EE.UU.),VIR,2013,0.0,78.7170731707317,12.274,,,,,,,,,-6.15764738406951,
Islas Vírgenes (EE.UU.),VIR,2014,0.0,78.8682926829268,12.36,,,,,,,,,-1.62976237975002,
Islas Vírgenes (EE.UU.),VIR,2015,0.0,79.0170731707317,12.146,,,,,,,,,-0.26792231561096,
Islas Vírgenes (EE.UU.),VIR,2016,0.0,79.1682926829268,12.247,,,,,,,,,1.78607056891147,
Islas Vírgenes (EE.UU.),VIR,2017,0.0,79.3682926829268,11.955,,,,,,,,,-0.517853882355141,
Islas Vírgenes (EE.UU.),VIR,2018,0.0,79.5195121951219,12.137,,,,,,,,,2.17142607924004,
Islas Vírgenes (EE.UU.),VIR,2019,0.0,79.6682926829268,12.259,,,,,,,,,3.25391465589726,
Islas Vírgenes (EE.UU.),VIR,2020,0.0,79.819512195122,14.836,,,,,,,,,-1.56703477376428,
Islas Vírgenes (EE.UU.),VIR,2021,0.0,80.0682926829268,13.932,,,,,,,,,3.26224011297933,
Islas Vírgenes (EE.UU.),VIR,2022,0.0,80.319512195122,12.669,,,,,,,,,,
Islas Vírgenes (EE.UU.),VIR,2023,0.0,,12.087,,,,,,,,,,
Viet Nam,VNM,2001,0.0,72.647,2.76,4.80107498,,,,,,,,5.10640811204914,
Viet Nam,VNM,2002,0.0,72.801,2.12,3.87075853,,,,,,,,5.23373885039491,37.0
Viet Nam,VNM,2003,0.0,72.98,2.25,3.94229889,,,,,,,,5.80546073533708,
Viet Nam,VNM,2004,0.0,73.135,2.14,4.08791971,,,,,,,,6.44499044947047,36.8
Viet Nam,VNM,2005,0.0,73.271,2.077,4.31821251,,,,,,,,6.47249051209972,
Viet Nam,VNM,2006,0.0,73.319,2.045,4.56979847,,,,,,,,5.94616532064683,35.8
Viet Nam,VNM,2007,0.0,73.436,2.026,4.62917614,,,,,,,,6.10516732052488,
Viet Nam,VNM,2008,0.0,73.411,1.889,4.36028337,,,,,,,,4.63107653465596,35.6
Viet Nam,VNM,2009,0.0,73.498,1.737,4.48502922,,,,,,,,4.31850501441571,
Viet Nam,VNM,2010,0.0,73.513,1.114,5.07146072,,,,,,,,5.29329287922351,39.3
Viet Nam,VNM,2011,0.0,73.692,0.999,4.97468519,,,,,,,,5.28325691582951,
Viet Nam,VNM,2012,0.0,73.704,1.027,5.00178242,,,,,,,,4.37956278606582,35.6
Viet Nam,VNM,2013,0.0,73.775,1.316,4.41233158,,,,,,,,4.42344722195396,
Viet Nam,VNM,2014,0.0,73.855,1.256,4.69078779,,,,,,,,5.29338738412332,34.8
Viet Nam,VNM,2015,0.0,73.876,1.849,4.71140909,,,,,,,,5.87784930468686,
Viet Nam,VNM,2016,0.0,73.938,1.848,4.86994743,,,,,,,,5.61868010324022,35.3
Viet Nam,VNM,2017,0.0,73.963,1.874,4.99014759,,,,,,,,5.90924097336334,
Viet Nam,VNM,2018,0.0,73.976,1.161,5.02678823,,,,,,,,6.46719149769011,35.7
Viet Nam,VNM,2019,0.0,74.093,1.681,4.97407484,,,,,,,,6.39258594504489,
Viet Nam,VNM,2020,0.0,75.378,2.103,4.30061865,,,,,,,,1.9373565936546,36.8
Viet Nam,VNM,2021,0.0,73.618,2.385,4.59346437,,,,,,,,1.69163268841115,
Viet Nam,VNM,2022,0.0,74.58,1.535,,,,,,,,,7.33194108707495,36.1
Viet Nam,VNM,2023,0.0,,1.602,,,,,,,,,4.33227105899886,
Vanuatu,VUT,2001,8.936589,69.037,8.47,3.38728333,0.679243,0.213123,0.101563,0.425381,3.149467,3.185733,1.182079,-5.82938609105874,
Vanuatu,VUT,2002,8.932841999999999,69.196,8.654,3.90437746,0.678374,0.213043,0.101277,0.425422,3.145807,3.187288,1.181631,-7.58612511283516,
Vanuatu,VUT,2003,8.929244,69.276,8.71,3.50691938,0.67821,0.212945,0.101069,0.425469,3.141478,3.188961,1.181112,1.7055058695657,
Vanuatu,VUT,2004,8.926979,69.313,8.465,3.53991532,0.677334,0.212882,0.100827,0.425533,3.138797,3.190845,1.180761,1.4594489148585,
Vanuatu,VUT,2005,8.92856,69.39,8.132,3.30528617,0.677656,0.212899,0.100988,0.425614,3.137746,3.192936,1.180721,2.78437022111177,
Vanuatu,VUT,2006,8.935615,69.462,8.006,3.32189322,0.677227,0.213118,0.101068,0.425747,3.139416,3.196182,1.182857,5.88642047809384,
Vanuatu,VUT,2007,8.947243,69.544,6.852,3.1078558,0.675745,0.213544,0.102022,0.425939,3.141492,3.200598,1.187903,0.43312766411762,
Vanuatu,VUT,2008,8.961255,69.602,5.658,3.13810205,0.673565,0.214044,0.102559,0.426164,3.145485,3.205362,1.194076,3.07011043921,
Vanuatu,VUT,2009,8.975094,69.653,4.565,3.25197887,0.672757,0.214484,0.10347,0.426386,3.148695,3.209514,1.199788,0.57108685848371,
Vanuatu,VUT,2010,8.983585999999999,69.617,4.683,3.52656102,0.673466,0.214731,0.104303,0.426569,3.149008,3.212105,1.203404,-1.11900599670747,37.4
Vanuatu,VUT,2011,8.988077,69.551,4.819,3.59819388,0.674456,0.214829,0.104646,0.426717,3.148395,3.213566,1.205468,0.742453227180761,
Vanuatu,VUT,2012,8.993629,69.497,4.949,3.9356277,0.677569,0.214907,0.104608,0.426853,3.147529,3.214644,1.207519,-1.35275355914011,
Vanuatu,VUT,2013,8.997251,69.534,5.057,4.39234495,0.679985,0.214961,0.104925,0.426989,3.145321,3.215603,1.209467,-1.90815462942294,
Vanuatu,VUT,2014,8.999734,69.465,5.15,3.64668846,0.683547,0.21498,0.105502,0.427115,3.14096,3.21645,1.21118,0.694155032875415,
Vanuatu,VUT,2015,9.000383000000001,69.513,5.255,4.32168293,0.687397,0.214951,0.105741,0.427226,3.135285,3.217235,1.212548,-1.99743087331125,
Vanuatu,VUT,2016,9.003374,69.65,5.262,2.93130064,0.693318,0.214872,0.10613,0.42733,3.130135,3.2181,1.213489,2.18259585262859,
Vanuatu,VUT,2017,9.002973,69.71,5.288,2.76285458,0.698906,0.214734,0.106462,0.427419,3.122695,3.218816,1.213941,3.74544632653678,
Vanuatu,VUT,2018,0.0,69.795,5.326,3.31753612,,,,,,,,0.456982334488742,
Vanuatu,VUT,2019,0.0,69.877,5.445,3.31453276,,,,,,,,0.831127736745984,32.3
Vanuatu,VUT,2020,0.0,70.299,4.046,3.99482441,,,,,,,,-7.21187853416568,
Vanuatu,VUT,2021,0.0,70.449,4.734,4.3733778,,,,,,,,-3.85109540163994,
Vanuatu,VUT,2022,0.0,70.492,5.171,,,,,,,,,-0.455454836596076,
Vanuatu,VUT,2023,0.0,,5.099,,,,,,,,,-0.160067101219369,
Mundo,WLD,2001,0.0,68.0523715057279,6.22346830929282,9.00897596511132,,,,,,,,0.681080138010898,
Mundo,WLD,2002,0.0,68.333387930342,6.46830810118524,9.35065766469095,,,,,,,,0.976310173482318,
Mundo,WLD,2003,0.0,68.6069221384269,6.5712830050912,9.5058638907064,,,,,,,,1.79226238764703,
Mundo,WLD,2004,0.0,68.8623776629607,6.44967688536565,9.39803842567499,,,,,,,,3.15446549114877,
Mundo,WLD,2005,0.0,69.1988120987462,6.36646521138731,9.32990633494624,,,,,,,,2.70827535911292,
Mundo,WLD,2006,0.0,69.5712984188655,6.10658593841064,9.2540389349366,,,,,,,,3.14613774307347,
Mundo,WLD,2007,0.0,69.8351937750793,5.89967661605856,9.08476949152269,,,,,,,,3.09267379695596,
Mundo,WLD,2008,0.0,70.006072038933,5.93669404614037,9.08907438406904,,,,,,,,0.804417009440115,
Mundo,WLD,2009,0.0,70.4014786893824,6.51468712239899,9.83366647036373,,,,,,,,-2.56185563677541,
Mundo,WLD,2010,0.0,70.671129326601,6.38946472723596,9.49793462879522,,,,,,,,3.26548291795955,
Mundo,WLD,2011,0.0,71.0082173609698,6.24048204330454,9.3572112467495,,,,,,,,2.09531964456136,
Mundo,WLD,2012,0.0,71.2842495606111,6.22827279799595,9.37000100899122,,,,,,,,1.45150874439619,
Mundo,WLD,2013,0.0,71.5771009037711,6.167133899401,9.34275952432559,,,,,,,,1.61567542153436,
Mundo,WLD,2014,0.0,71.880681611011,6.01622857271861,9.45122831992531,,,,,,,,1.88584144641975,
Mundo,WLD,2015,0.0,72.0941749992632,6.04884902024337,9.73139540676366,,,,,,,,1.91514725664548,
Mundo,WLD,2016,0.0,72.3442006684463,6.01033134504685,9.8686820980811,,,,,,,,1.63044638694325,
Mundo,WLD,2017,0.0,72.5413583850165,5.91614141999205,9.756478623904,,,,,,,,2.28386669613178,
Mundo,WLD,2018,0.0,72.7830363532923,5.75639790322219,9.67906137666843,,,,,,,,2.15322735307781,
Mundo,WLD,2019,0.0,72.9790204176782,5.5829801043763,9.80946159941892,,,,,,,,1.56118107586265,
Mundo,WLD,2020,0.0,72.242504599067,6.58528753143071,10.8679510135575,,,,,,,,-3.90687223276745,
Mundo,WLD,2021,0.0,71.3271567374629,6.03376129229279,10.3536435570422,,,,,,,,5.34807891995601,
Mundo,WLD,2022,0.0,71.9963523835841,5.26461597288318,,,,,,,,,2.27761088459761,
Mundo,WLD,2023,0.0,,4.96143065047416,,,,,,,,,1.77979869990131,
Samoa,WSM,2001,9.06529,71.019,4.96,3.81804991,0.834,0.231151,0.113136,0.45944,3.120325,3.238275,1.068963,6.50915144931166,
Samoa,WSM,2002,9.0636,71.276,4.978,4.49205494,0.837195,0.231639,0.11476,0.459586,3.111808,3.239651,1.068961,5.02924497761647,40.7
Samoa,WSM,2003,9.061329,71.496,5.04,4.17237139,0.839279,0.232159,0.116089,0.459712,3.104136,3.240955,1.068999,4.75796487688389,
Samoa,WSM,2004,9.060628,71.696,5.165,4.52578545,0.842421,0.232636,0.117845,0.459823,3.096325,3.242277,1.069301,2.74029796411301,
Samoa,WSM,2005,9.059024,71.754,5.214,4.63365459,0.843854,0.232993,0.118785,0.459921,3.089747,3.243653,1.070071,6.32656654495737,
Samoa,WSM,2006,9.064525999999999,72.021,5.323,4.88451385,0.846216,0.233331,0.119871,0.46001,3.085208,3.245621,1.074269,1.72603411776015,
Samoa,WSM,2007,9.076857,72.1,5.426,4.7446332,0.85035,0.233763,0.121495,0.460114,3.079824,3.248421,1.08289,-0.0937909399525552,
Samoa,WSM,2008,9.09017,72.155,5.538,4.53258085,0.85479,0.234201,0.122465,0.460212,3.074132,3.251332,1.093038,2.84930525053653,42.0
Samoa,WSM,2009,9.103513999999999,70.066,5.646,5.12732029,0.858759,0.234565,0.123154,0.460304,3.071052,3.253852,1.101828,-1.25681617914778,
Samoa,WSM,2010,9.108407000000001,72.249,5.62,5.15268326,0.861347,0.234772,0.123989,0.460375,3.06629,3.255222,1.106412,5.30918106235407,
Samoa,WSM,2011,9.108978,72.26,5.68,5.38357162,0.862063,0.23487,0.12444,0.460431,3.063641,3.25564,1.107893,2.96106310648423,
Samoa,WSM,2012,9.107587,72.167,8.752,4.9883461,0.861902,0.234949,0.125001,0.460465,3.06026,3.25586,1.10915,-4.59362570232909,
Samoa,WSM,2013,9.103481,72.391,8.772,6.2147789,0.859868,0.235005,0.12508,0.460481,3.056951,3.255986,1.11011,-0.80145757900614,38.7
Samoa,WSM,2014,9.097448,72.463,8.72,6.25431204,0.857779,0.23503,0.125588,0.460475,3.05188,3.256029,1.110667,-0.247106675819552,
Samoa,WSM,2015,9.089257,72.515,8.9,6.21226454,0.853908,0.235022,0.125778,0.460459,3.047204,3.256122,1.110764,2.92496204784439,
Samoa,WSM,2016,9.080672000000002,72.54,9.062,5.63365221,0.849997,0.234975,0.125866,0.460425,3.042929,3.25613,1.11035,6.94733463410893,
Samoa,WSM,2017,9.070529,72.59,9.4,5.16120243,0.844905,0.234876,0.126132,0.460366,3.038938,3.255973,1.109339,0.387482105507914,
Samoa,WSM,2018,0.0,72.636,9.512,4.77439356,,,,,,,,-1.59122287483045,
Samoa,WSM,2019,0.0,72.157,9.601,5.63886738,,,,,,,,3.36546691550508,
Samoa,WSM,2020,0.0,72.768,10.214,6.18895578,,,,,,,,-4.47168519860817,
Samoa,WSM,2021,0.0,72.767,10.368,6.80313492,,,,,,,,-8.70776752907149,
Samoa,WSM,2022,0.0,72.598,9.923,,,,,,,,,-6.84689148571088,
Samoa,WSM,2023,0.0,,9.747,,,,,,,,,6.41335816621782,
Kosovo,XKX,2001,0.0,74.394,,,,,,,,,,,
Kosovo,XKX,2002,0.0,74.676,,,,,,,,,,,
Kosovo,XKX,2003,0.0,74.968,,,,,,,,,,,29.0
Kosovo,XKX,2004,0.0,75.304,,,,,,,,,,,
Kosovo,XKX,2005,0.0,75.616,,,,,,,,,,,31.2
Kosovo,XKX,2006,0.0,75.636,,,,,,,,,,,30.3
Kosovo,XKX,2007,0.0,76.516,,,,,,,,,,,
Kosovo,XKX,2008,0.0,77.392,,,,,,,,,,,
Kosovo,XKX,2009,0.0,77.665,,,,,,,,,,5.37985414331312,31.8
Kosovo,XKX,2010,0.0,77.63,,,,,,,,,,5.22698164113251,33.3
Kosovo,XKX,2011,0.0,77.74,,,,,,,,,,5.91948704660763,27.8
Kosovo,XKX,2012,0.0,78.28,,,,,,,,,,1.27497736840292,29.0
Kosovo,XKX,2013,0.0,78.587,,,,,,,,,,4.70282722880025,26.3
Kosovo,XKX,2014,0.0,78.88,,,,,,,,,,3.65358829551371,27.3
Kosovo,XKX,2015,0.0,78.922,,,,,,,,,,7.37182752893686,26.5
Kosovo,XKX,2016,0.0,78.981,,,,,,,,,,6.20364120672971,26.7
Kosovo,XKX,2017,0.0,78.783,,,,,,,,,,4.03867441067666,29.0
Kosovo,XKX,2018,0.0,78.696,,,,,,,,,,3.05666599881191,
Kosovo,XKX,2019,0.0,79.022,,,,,,,,,,5.23740297129218,
Kosovo,XKX,2020,0.0,76.567,,,,,,,,,,-5.40663811962673,
Kosovo,XKX,2021,0.0,76.806,,,,,,,,,,10.9995719906095,
Kosovo,XKX,2022,0.0,79.524,,,,,,,,,,5.33727483752655,
Kosovo,XKX,2023,0.0,,,,,,,,,,,4.02698109136337,
Sudáfrica,ZAF,2001,0.0,57.261,19.725,7.12327909,,,,,,,,1.79444275713681,
Sudáfrica,ZAF,2002,0.0,55.666,19.658,6.67774487,,,,,,,,2.76087798631386,
Sudáfrica,ZAF,2003,0.0,54.331,19.728,7.04098177,,,,,,,,2.00199371336308,
Sudáfrica,ZAF,2004,0.0,54.043,19.634,6.938416,,,,,,,,3.58123021106213,
Sudáfrica,ZAF,2005,0.0,53.98,19.557,6.86216164,,,,,,,,4.28677153057231,64.8
Sudáfrica,ZAF,2006,0.0,54.278,19.425,6.87650871,,,,,,,,4.5911021010921,
Sudáfrica,ZAF,2007,0.0,54.992,19.39,6.90510845,,,,,,,,4.29764521048401,
Sudáfrica,ZAF,2008,0.0,56.022,19.507,7.14832258,,,,,,,,2.02840468771709,63.0
Sudáfrica,ZAF,2009,0.0,57.447,20.512,7.64941454,,,,,,,,-2.70215597172341,
Sudáfrica,ZAF,2010,0.0,58.899,23.181,7.79358244,,,,,,,,1.81773569736623,63.4
Sudáfrica,ZAF,2011,0.0,60.651,21.416,7.94434404,,,,,,,,1.87331822630892,
Sudáfrica,ZAF,2012,0.0,61.846,21.786,8.00428867,,,,,,,,1.04422917046858,
Sudáfrica,ZAF,2013,0.0,62.533,22.038,8.10322285,,,,,,,,1.09946173503064,
Sudáfrica,ZAF,2014,0.0,63.38,22.606,7.87136555,,,,,,,,-0.172220609328434,63.0
Sudáfrica,ZAF,2015,0.0,63.95,22.869,8.05304241,,,,,,,,-0.75792811406113,
Sudáfrica,ZAF,2016,0.0,64.747,24.023,8.07959366,,,,,,,,-0.309171167254917,
Sudáfrica,ZAF,2017,0.0,65.402,23.992,7.97711229,,,,,,,,0.766941613003056,
Sudáfrica,ZAF,2018,0.0,65.674,24.218,8.08820343,,,,,,,,0.319770421594569,
Sudáfrica,ZAF,2019,0.0,66.175,25.538,8.24418926,,,,,,,,-1.03013294267365,
Sudáfrica,ZAF,2020,0.0,65.252,24.339,8.57258797,,,,,,,,-7.10658878307846,
Sudáfrica,ZAF,2021,0.0,62.341,28.77,8.27309132,,,,,,,,3.66236830398525,
Sudáfrica,ZAF,2022,0.0,61.48,28.838,,,,,,,,,1.05687467771507,
Sudáfrica,ZAF,2023,0.0,,27.988,,,,,,,,,-0.265252688267907,
Zambia,ZMB,2001,10.107592999999998,46.019,13.41,4.82995701,0.51911,0.158028,0.114772,0.600812,3.513619,3.554227,1.647025,2.2083150209362,
Zambia,ZMB,2002,10.101617000000001,46.979,14.125,5.88845205,0.515144,0.158287,0.115395,0.601028,3.516777,3.553251,1.641735,1.36008141079502,42.1
Zambia,ZMB,2003,10.094685,48.284,14.701,5.99553585,0.509988,0.158643,0.116228,0.601312,3.520455,3.552313,1.635746,3.69182765332936,
Zambia,ZMB,2004,10.091099,49.487,15.327,5.48490572,0.50497,0.159042,0.117239,0.601634,3.525425,3.55208,1.630709,3.6834162537273,54.3
Zambia,ZMB,2005,10.088712,50.659,15.9,6.33088684,0.501123,0.159418,0.118395,0.601931,3.526671,3.553015,1.628159,3.74143169004948,
Zambia,ZMB,2006,10.086223999999998,51.795,13.232,5.5774231,0.499946,0.159909,0.120024,0.602243,3.521494,3.554633,1.627975,4.23799981855704,54.6
Zambia,ZMB,2007,10.082227,52.739,10.563,4.57961416,0.497684,0.160608,0.122434,0.60261,3.514192,3.556244,1.628455,4.59126067988387,
Zambia,ZMB,2008,10.078458000000001,53.945,7.93,4.46690989,0.496888,0.161394,0.12447,0.603007,3.505341,3.558051,1.629307,3.99309571014803,
Zambia,ZMB,2009,10.077435999999999,55.3,10.581,5.15718842,0.495905,0.162138,0.126889,0.603377,3.498901,3.560029,1.630197,5.40593589520428,
Zambia,ZMB,2010,10.081192000000001,56.799,13.19,3.97471905,0.495711,0.162712,0.129023,0.603678,3.497006,3.562279,1.630783,6.50755325743155,52.0
Zambia,ZMB,2011,10.09208,57.771,10.546,3.95913363,0.497116,0.163169,0.13065,0.603947,3.500889,3.565105,1.631204,2.06359095213816,
Zambia,ZMB,2012,10.112154,58.867,7.85,4.04541731,0.498005,0.163635,0.132962,0.60424,3.512903,3.568768,1.631641,4.10307416334138,
Zambia,ZMB,2013,10.138544,59.878,8.042,4.57390451,0.4998,0.164106,0.134708,0.604566,3.529947,3.573263,1.632154,1.6763959804818,
Zambia,ZMB,2014,10.172735,60.699,8.131,3.82924223,0.502691,0.164574,0.136878,0.604914,3.552409,3.578642,1.632627,1.34836928363444,
Zambia,ZMB,2015,10.209914999999999,61.208,8.316,4.42974281,0.505984,0.165027,0.139219,0.605266,3.576608,3.584914,1.632897,-0.312861216401132,55.8
Zambia,ZMB,2016,10.25665,61.794,8.418,4.46923161,0.510889,0.165463,0.140713,0.605631,3.608843,3.592016,1.633095,0.540360376038933,
Zambia,ZMB,2017,10.305346,62.12,8.518,4.78156233,0.515972,0.165866,0.142768,0.605972,3.641811,3.599714,1.633243,0.352150840303551,
Zambia,ZMB,2018,0.0,62.342,5.031,4.76996708,,,,,,,,0.897347460387692,
Zambia,ZMB,2019,0.0,62.793,5.539,6.75332499,,,,,,,,-1.56423687695015,
Zambia,ZMB,2020,0.0,62.38,6.032,6.31619787,,,,,,,,-5.59573305992129,
Zambia,ZMB,2021,0.0,61.223,5.195,6.62416458,,,,,,,,3.2594577171275,
Zambia,ZMB,2022,0.0,61.803,5.993,,,,,,,,,2.38646854329585,51.5
Zambia,ZMB,2023,0.0,,5.913,,,,,,,,,2.99208354888158,
Zimbabwe,ZWE,2001,9.311406999999999,41.957,5.314,,0.741341,0.162513,0.140559,0.608099,3.072727,3.098659,1.487509,0.789790878088965,
Zimbabwe,ZWE,2002,9.303609999999999,44.565,5.007,,0.733791,0.161932,0.138497,0.607692,3.080942,3.095492,1.485264,-9.45402465064808,
Zimbabwe,ZWE,2003,9.292935,43.393,4.736,,0.724705,0.161206,0.135857,0.607226,3.089274,3.091844,1.482823,-17.6218409507347,
Zimbabwe,ZWE,2004,9.284055,44.502,4.39,,0.718317,0.160441,0.132543,0.60683,3.096351,3.088682,1.480891,-6.46631853942672,
Zimbabwe,ZWE,2005,9.282486,44.768,4.626,,0.716474,0.159742,0.12997,0.60663,3.102648,3.086927,1.480095,-6.20372528883229,
Zimbabwe,ZWE,2006,9.286913,45.364,4.763,,0.720239,0.158873,0.126681,0.606588,3.10497,3.085964,1.483598,-4.28933673209353,
Zimbabwe,ZWE,2007,9.298938,45.61,4.997,,0.729464,0.157715,0.123463,0.60659,3.104822,3.084816,1.492068,-4.58253069338502,
Zimbabwe,ZWE,2008,9.31265,46.723,5.374,,0.739987,0.156553,0.119728,0.606656,3.103491,3.083928,1.502307,-18.3235027502688,
Zimbabwe,ZWE,2009,9.327504000000001,48.063,5.469,,0.750769,0.15566,0.117229,0.606758,3.10252,3.083515,1.511053,10.8758213625899,
Zimbabwe,ZWE,2010,9.339408,50.652,5.456,10.47583866,0.756577,0.155312,0.116347,0.606897,3.105459,3.083865,1.514951,19.9389815094808,
Zimbabwe,ZWE,2011,9.348713,53.347,5.368,8.08288383,0.760148,0.155354,0.116226,0.607124,3.109526,3.085099,1.515236,12.983379744813,43.2
Zimbabwe,ZWE,2012,9.364362999999999,55.626,5.057,6.91794872,0.763839,0.155465,0.116789,0.607495,3.118072,3.08721,1.515493,13.6547503940841,
Zimbabwe,ZWE,2013,9.381192,57.458,4.944,7.10940313,0.76628,0.15567,0.117248,0.607993,3.128192,3.090168,1.515641,0.988283015619089,
Zimbabwe,ZWE,2014,9.401314000000001,58.846,4.774,8.13227272,0.768914,0.155993,0.118073,0.60861,3.14029,3.093964,1.51547,-0.715190165913654,
Zimbabwe,ZWE,2015,9.426248,59.591,5.383,7.44982719,0.771802,0.156465,0.11947,0.609363,3.15571,3.098687,1.514751,-0.132759721781923,
Zimbabwe,ZWE,2016,9.452772999999999,60.306,5.893,7.46644735,0.772275,0.157111,0.121456,0.610234,3.174134,3.104294,1.513269,-1.1778926023423,
Zimbabwe,ZWE,2017,9.480954,60.709,6.347,6.36358309,0.772648,0.157963,0.124443,0.611242,3.192789,3.110926,1.510943,1.97484556825425,44.3
Zimbabwe,ZWE,2018,0.0,61.414,6.792,4.67039156,,,,,,,,2.90939513608366,
Zimbabwe,ZWE,2019,0.0,61.292,7.373,3.23280239,,,,,,,,-8.17732035157181,50.3
Zimbabwe,ZWE,2020,0.0,61.124,8.621,2.95440149,,,,,,,,-9.67040477679424,
Zimbabwe,ZWE,2021,0.0,59.253,9.54,2.78975058,,,,,,,,6.27161321467831,
Zimbabwe,ZWE,2022,0.0,59.391,10.087,,,,,,,,,4.38799693803165,
Zimbabwe,ZWE,2023,0.0,,8.759,,,,,,,,,2.78383918785599,
